-1.25393820971224	-1.23585946681462	1.3433419081684	-0.73306514594847	1.83225225267839	1.33740928208128	0.449101755661322	1.04646305414177	-1.29307595242409	2.76507291058005	0.460600207221172	1.02656524375289	-0.428075368025376	1.21399022946138	-0.195916251419052	-0.552428769790195	-0.338692153115389	0.320052021681068	-0.206664255987375	-0.466699871215895	0.634130916795062	-0.149907947214405	-0.499749937468731	0.765972770870018	1
-0.45879666899427	2.24706998404857	-0.503176178661015	0.965893233923413	-0.699357077447193	-0.317800225445056	-0.963167916229627	-0.765594182467354	-1.29307595242409	-1.19080808948679	0.460600207221172	-0.704573447230058	-0.428075368025376	-0.822906128695298	-0.195916251419052	-0.552428769790195	-0.338692153115389	0.320052021681068	-0.206664255987375	-0.466699871215895	0.634130916795062	-0.149907947214405	-0.499749937468731	0.765972770870018	1
1.13148641244168	-0.73829811669131	1.3433419081684	-0.414510449722492	-0.699357077447193	0.509804528318111	0.449101755661322	0.140434435837207	-1.29307595242409	1.18272051055332	0.460600207221172	-0.704573447230058	2.33370119988027	-0.822906128695298	-0.195916251419052	-0.552428769790195	-0.338692153115389	0.320052021681068	-0.206664255987375	-0.466699871215895	0.634130916795062	-0.149907947214405	1.99899974987492	-1.30422390715706	1
-1.25393820971224	1.74950863392526	-0.503176178661015	1.6383975926227	-0.699357077447193	0.509804528318111	0.449101755661322	1.04646305414177	-0.340884529431388	0.831086643880709	0.460600207221172	-0.704573447230058	2.33370119988027	-0.822906128695298	-0.195916251419052	-0.552428769790195	-0.338692153115389	-3.1213675662874	-0.206664255987375	-0.466699871215895	-1.57538447273477	-0.149907947214405	-0.499749937468731	0.765972770870018	1
-1.25393820971224	0.256824583555317	0.420082864753691	0.576548605202773	-0.699357077447193	-0.317800225445056	0.449101755661322	1.04646305414177	1.56349831655402	1.53435437722592	0.460600207221172	1.02656524375289	2.33370119988027	-0.822906128695298	-0.195916251419052	1.80837793871491	-0.338692153115389	0.320052021681068	-0.206664255987375	-0.466699871215895	-1.57538447273477	-0.149907947214405	-0.499749937468731	0.765972770870018	1
1.13148641244168	1.25194728380194	-0.503176178661015	2.06313718759067	1.83225225267839	-0.317800225445056	0.449101755661322	1.04646305414177	1.56349831655402	-0.0479980228008109	0.460600207221172	-0.704573447230058	2.33370119988027	1.21399022946138	-0.195916251419052	-0.552428769790195	-0.338692153115389	0.320052021681068	-0.206664255987375	-0.466699871215895	-1.57538447273477	-0.149907947214405	1.99899974987492	-1.30422390715706	1
1.13148641244168	0.256824583555317	-0.503176178661015	-0.166745685991176	0.5664475876156	1.33740928208128	0.449101755661322	1.04646305414177	-0.340884529431388	1.53435437722592	0.460600207221172	-0.704573447230058	-0.428075368025376	-0.822906128695298	-0.195916251419052	-0.552428769790195	-0.338692153115389	0.320052021681068	-0.206664255987375	-0.466699871215895	0.634130916795062	-0.149907947214405	-0.499749937468731	0.765972770870018	1
-0.45879666899427	1.25194728380194	-0.503176178661015	1.28444793014939	-0.699357077447193	-0.317800225445056	0.449101755661322	-0.765594182467354	0.611306893561316	-0.0479980228008109	0.460600207221172	-0.704573447230058	-0.428075368025376	1.21399022946138	-0.195916251419052	-0.552428769790195	2.94958117810198	0.320052021681068	-0.206664255987375	2.14056197915223	-1.57538447273477	-0.149907947214405	-0.499749937468731	-1.30422390715706	1
1.13148641244168	-0.73829811669131	-0.503176178661015	-0.0605607872491831	1.199349920147	0.509804528318111	-2.37543758812058	1.04646305414177	-1.29307595242409	2.23762211057114	0.460600207221172	-0.704573447230058	-0.428075368025376	-0.822906128695298	-0.195916251419052	-0.552428769790195	-0.338692153115389	0.320052021681068	-0.206664255987375	-0.466699871215895	0.634130916795062	-0.149907947214405	1.99899974987492	-1.30422390715706	1
-0.45879666899427	0.754385933678631	1.3433419081684	0.682733503944766	-0.699357077447193	-1.97300973297139	1.86137142755227	-0.765594182467354	0.611306893561316	-0.663357289477875	0.460600207221172	1.02656524375289	-0.428075368025376	-0.822906128695298	-0.195916251419052	1.80837793871491	-0.338692153115389	0.320052021681068	-0.206664255987375	-0.466699871215895	0.634130916795062	-0.149907947214405	-0.499749937468731	-1.30422390715706	1
-0.45879666899427	-0.73829811669131	-0.503176178661015	-0.697670179701139	-0.699357077447193	-1.14540497920822	-0.963167916229627	-1.67162280077191	0.611306893561316	-0.92708268948233	0.460600207221172	-0.704573447230058	-0.428075368025376	-0.822906128695298	-0.195916251419052	1.80837793871491	-0.338692153115389	0.320052021681068	-0.206664255987375	2.14056197915223	-1.57538447273477	-0.149907947214405	-0.499749937468731	0.765972770870018	1
-1.25393820971224	2.24706998404857	-0.503176178661015	0.364178807718788	-0.699357077447193	-1.14540497920822	-0.963167916229627	1.04646305414177	-0.340884529431388	-1.01499115615048	0.460600207221172	-0.704573447230058	-0.428075368025376	-0.822906128695298	-0.195916251419052	-0.552428769790195	-0.338692153115389	0.320052021681068	-0.206664255987375	2.14056197915223	-1.57538447273477	-0.149907947214405	-0.499749937468731	0.765972770870018	1
-0.45879666899427	-0.73829811669131	-0.503176178661015	-0.591485280959147	-0.699357077447193	-0.317800225445056	-0.963167916229627	-1.67162280077191	0.611306893561316	-1.19080808948679	0.460600207221172	-0.704573447230058	-0.428075368025376	1.21399022946138	-0.195916251419052	-0.552428769790195	-0.338692153115389	0.320052021681068	-0.206664255987375	-0.466699871215895	0.634130916795062	-0.149907947214405	-0.499749937468731	0.765972770870018	1
-1.25393820971224	0.256824583555317	1.3433419081684	-0.73306514594847	-0.699357077447193	1.33740928208128	0.449101755661322	1.04646305414177	0.611306893561316	2.14971364390299	0.460600207221172	1.02656524375289	-0.428075368025376	-0.822906128695298	-0.195916251419052	1.80837793871491	-0.338692153115389	0.320052021681068	-0.206664255987375	-0.466699871215895	0.634130916795062	-0.149907947214405	1.99899974987492	-1.30422390715706	1
-1.25393820971224	-0.489517441629653	-0.503176178661015	-0.662275213453809	-0.699357077447193	-0.317800225445056	-0.963167916229627	1.04646305414177	0.611306893561316	-0.663357289477875	0.460600207221172	-0.704573447230058	-0.428075368025376	-0.822906128695298	-0.195916251419052	1.80837793871491	-0.338692153115389	0.320052021681068	-0.206664255987375	2.14056197915223	-1.57538447273477	-0.149907947214405	-0.499749937468731	0.765972770870018	1
-1.25393820971224	0.256824583555317	-0.503176178661015	-0.697670179701139	-0.0664547449157966	-0.317800225445056	-0.963167916229627	-0.765594182467354	0.611306893561316	-0.311723422805267	0.460600207221172	-0.704573447230058	-0.428075368025376	-0.822906128695298	-0.195916251419052	-0.552428769790195	-0.338692153115389	0.320052021681068	-0.206664255987375	-0.466699871215895	0.634130916795062	-0.149907947214405	1.99899974987492	-1.30422390715706	1
1.13148641244168	0.256824583555317	1.3433419081684	-0.308325550980499	1.83225225267839	1.33740928208128	0.449101755661322	1.04646305414177	-0.340884529431388	1.53435437722592	0.460600207221172	1.02656524375289	-0.428075368025376	-0.822906128695298	-0.195916251419052	-0.552428769790195	-0.338692153115389	0.320052021681068	-0.206664255987375	-0.466699871215895	0.634130916795062	-0.149907947214405	-0.499749937468731	0.765972770870018	1
-1.25393820971224	0.754385933678631	-2.34969426549043	1.70918752511736	1.83225225267839	-1.14540497920822	0.449101755661322	0.140434435837207	0.611306893561316	-0.92708268948233	-2.37386260644758	2.75770393473583	-0.428075368025376	-0.822906128695298	-0.195916251419052	-0.552428769790195	-0.338692153115389	0.320052021681068	-0.206664255987375	-0.466699871215895	0.634130916795062	-0.149907947214405	-0.499749937468731	0.765972770870018	1
-0.45879666899427	0.256824583555317	-0.503176178661015	3.30196100624725	-0.699357077447193	1.33740928208128	-0.963167916229627	-0.765594182467354	1.56349831655402	0.743178177212557	0.460600207221172	-0.704573447230058	-0.428075368025376	1.21399022946138	-0.195916251419052	-0.552428769790195	2.94958117810198	0.320052021681068	-0.206664255987375	-0.466699871215895	-1.57538447273477	-0.149907947214405	-0.499749937468731	-1.30422390715706	1
1.13148641244168	0.256824583555317	-0.503176178661015	0.0456241114928096	0.5664475876156	1.33740928208128	0.449101755661322	-0.765594182467354	0.611306893561316	-0.399631889473419	0.460600207221172	-0.704573447230058	2.33370119988027	1.21399022946138	-0.195916251419052	-0.552428769790195	-0.338692153115389	0.320052021681068	-0.206664255987375	-0.466699871215895	0.634130916795062	-0.149907947214405	-0.499749937468731	0.765972770870018	1
1.13148641244168	-0.987078791752967	1.3433419081684	-0.414510449722492	-0.699357077447193	-0.317800225445056	0.449101755661322	1.04646305414177	0.611306893561316	1.09481204388516	0.460600207221172	2.75770393473583	-0.428075368025376	1.21399022946138	-0.195916251419052	1.80837793871491	-0.338692153115389	0.320052021681068	-0.206664255987375	-0.466699871215895	0.634130916795062	-0.149907947214405	-0.499749937468731	0.765972770870018	1
-1.25393820971224	-1.23585946681462	-0.503176178661015	-0.237535618485838	0.5664475876156	-0.317800225445056	0.449101755661322	0.140434435837207	-1.29307595242409	0.743178177212557	0.460600207221172	-0.704573447230058	2.33370119988027	-0.822906128695298	-0.195916251419052	-0.552428769790195	-0.338692153115389	0.320052021681068	-0.206664255987375	2.14056197915223	-1.57538447273477	-0.149907947214405	-0.499749937468731	0.765972770870018	1
-1.25393820971224	-0.904151900065748	1.3433419081684	-0.379115483475161	-0.699357077447193	-1.14540497920822	0.449101755661322	0.140434435837207	-1.29307595242409	1.09481204388516	0.460600207221172	1.02656524375289	2.33370119988027	-0.822906128695298	5.09911757071751	1.80837793871491	-0.338692153115389	0.320052021681068	-0.206664255987375	2.14056197915223	-1.57538447273477	-0.149907947214405	1.99899974987492	-1.30422390715706	1
-0.45879666899427	-0.73829811669131	1.3433419081684	-0.520695348464485	-0.0664547449157966	-1.14540497920822	0.449101755661322	1.04646305414177	-0.340884529431388	0.743178177212557	0.460600207221172	-0.704573447230058	-0.428075368025376	-0.822906128695298	-0.195916251419052	-0.552428769790195	2.94958117810198	0.320052021681068	-0.206664255987375	-0.466699871215895	0.634130916795062	-0.149907947214405	-0.499749937468731	0.765972770870018	1
1.13148641244168	-0.904151900065748	1.3433419081684	-0.414510449722492	1.83225225267839	-0.317800225445056	1.86137142755227	-1.67162280077191	0.611306893561316	-0.839174222814178	0.460600207221172	1.02656524375289	-0.428075368025376	-0.822906128695298	5.09911757071751	-0.552428769790195	-0.338692153115389	0.320052021681068	-0.206664255987375	-0.466699871215895	0.634130916795062	-0.149907947214405	-0.499749937468731	0.765972770870018	1
-1.25393820971224	-1.23585946681462	-0.503176178661015	-0.662275213453809	-0.699357077447193	-0.317800225445056	0.449101755661322	-0.765594182467354	-1.29307595242409	0.039910443867341	-2.37386260644758	-0.704573447230058	-0.428075368025376	1.21399022946138	-0.195916251419052	-0.552428769790195	-0.338692153115389	0.320052021681068	-0.206664255987375	-0.466699871215895	0.634130916795062	-0.149907947214405	1.99899974987492	-1.30422390715706	1
1.13148641244168	-1.23585946681462	-2.34969426549043	-1.01622487592712	-0.699357077447193	1.33740928208128	1.86137142755227	1.04646305414177	0.611306893561316	0.303635843871797	0.460600207221172	-0.704573447230058	-0.428075368025376	-0.822906128695298	-0.195916251419052	-0.552428769790195	-0.338692153115389	0.320052021681068	-0.206664255987375	-0.466699871215895	0.634130916795062	-0.149907947214405	1.99899974987492	-1.30422390715706	1
0.336344871723703	-0.73829811669131	-1.42643522207572	-1.01622487592712	1.199349920147	-0.317800225445056	-0.963167916229627	0.140434435837207	-1.29307595242409	0.567361243876253	0.460600207221172	1.02656524375289	-0.428075368025376	-0.822906128695298	-0.195916251419052	-0.552428769790195	-0.338692153115389	0.320052021681068	-0.206664255987375	2.14056197915223	-1.57538447273477	-0.149907947214405	-0.499749937468731	0.765972770870018	1
-0.45879666899427	-1.15293257512741	-0.503176178661015	-0.308325550980499	-0.699357077447193	-0.317800225445056	0.449101755661322	-0.765594182467354	-1.29307595242409	-0.135906489468963	0.460600207221172	-0.704573447230058	-0.428075368025376	-0.822906128695298	-0.195916251419052	-0.552428769790195	-0.338692153115389	-3.1213675662874	-0.206664255987375	-0.466699871215895	0.634130916795062	-0.149907947214405	-0.499749937468731	0.765972770870018	1
-1.25393820971224	3.2421926842952	0.420082864753691	1.24905296390206	-0.699357077447193	1.33740928208128	0.449101755661322	1.04646305414177	1.56349831655402	2.41343904390744	0.460600207221172	1.02656524375289	-0.428075368025376	1.21399022946138	-0.195916251419052	-0.552428769790195	-0.338692153115389	0.320052021681068	-0.206664255987375	-0.466699871215895	0.634130916795062	-0.149907947214405	-0.499749937468731	0.765972770870018	1
-0.45879666899427	-0.240736766567997	-0.503176178661015	-0.485300382217154	1.199349920147	-1.14540497920822	1.86137142755227	0.140434435837207	-1.29307595242409	0.039910443867341	-2.37386260644758	-0.704573447230058	-0.428075368025376	1.21399022946138	-0.195916251419052	-0.552428769790195	-0.338692153115389	0.320052021681068	-0.206664255987375	-0.466699871215895	0.634130916795062	-0.149907947214405	-0.499749937468731	0.765972770870018	1
-1.25393820971224	0.256824583555317	-0.503176178661015	0.257993908976795	-0.699357077447193	-0.317800225445056	0.449101755661322	-0.765594182467354	0.611306893561316	-0.751265756146026	-0.956631199613203	-0.704573447230058	-0.428075368025376	-0.822906128695298	-0.195916251419052	-0.552428769790195	-0.338692153115389	0.320052021681068	-0.206664255987375	-0.466699871215895	0.634130916795062	-0.149907947214405	-0.499749937468731	0.765972770870018	1
-0.45879666899427	-0.240736766567997	-0.503176178661015	0.930498267676082	-0.0664547449157966	-0.317800225445056	0.449101755661322	-0.765594182467354	0.611306893561316	-0.487540356141571	0.460600207221172	1.02656524375289	-0.428075368025376	1.21399022946138	-0.195916251419052	1.80837793871491	-0.338692153115389	0.320052021681068	-0.206664255987375	-0.466699871215895	0.634130916795062	-0.149907947214405	-0.499749937468731	0.765972770870018	1
1.13148641244168	-0.73829811669131	1.3433419081684	-0.697670179701139	1.83225225267839	1.33740928208128	0.449101755661322	1.04646305414177	1.56349831655402	1.88598824389853	0.460600207221172	-0.704573447230058	-0.428075368025376	-0.822906128695298	-0.195916251419052	-0.552428769790195	-0.338692153115389	0.320052021681068	-0.206664255987375	2.14056197915223	-1.57538447273477	-0.149907947214405	1.99899974987492	-1.30422390715706	1
0.336344871723703	-0.73829811669131	-0.503176178661015	-0.626880247206478	-0.699357077447193	-1.14540497920822	-0.963167916229627	-1.67162280077191	-0.340884529431388	-0.223814956137115	-2.37386260644758	-0.704573447230058	-0.428075368025376	1.21399022946138	-0.195916251419052	-0.552428769790195	-0.338692153115389	0.320052021681068	-0.206664255987375	-0.466699871215895	0.634130916795062	-0.149907947214405	-0.499749937468731	-1.30422390715706	1
-0.45879666899427	1.99828930898692	1.3433419081684	0.505758672708111	-0.699357077447193	-1.14540497920822	0.449101755661322	-0.765594182467354	-0.340884529431388	-0.92708268948233	0.460600207221172	1.02656524375289	-0.428075368025376	-0.822906128695298	-0.195916251419052	-0.552428769790195	-0.338692153115389	0.320052021681068	-0.206664255987375	-0.466699871215895	0.634130916795062	-0.149907947214405	1.99899974987492	-1.30422390715706	1
1.13148641244168	2.24706998404857	1.3433419081684	1.00128820017074	-0.699357077447193	-0.317800225445056	0.449101755661322	0.140434435837207	1.56349831655402	-0.399631889473419	-2.37386260644758	-0.704573447230058	-0.428075368025376	1.21399022946138	-0.195916251419052	-0.552428769790195	-0.338692153115389	0.320052021681068	-0.206664255987375	-0.466699871215895	-1.57538447273477	-0.149907947214405	-0.499749937468731	0.765972770870018	1
0.336344871723703	-0.240736766567997	-0.503176178661015	-0.414510449722492	-0.699357077447193	-0.317800225445056	0.449101755661322	-0.765594182467354	-1.29307595242409	0.127818910535493	-0.956631199613203	-0.704573447230058	-0.428075368025376	-0.822906128695298	-0.195916251419052	-0.552428769790195	-0.338692153115389	-3.1213675662874	4.83392735346079	-0.466699871215895	0.634130916795062	-0.149907947214405	-0.499749937468731	0.765972770870018	1
0.336344871723703	-0.904151900065748	-0.503176178661015	-0.73306514594847	-0.699357077447193	-0.317800225445056	0.449101755661322	-0.765594182467354	0.611306893561316	0.127818910535493	0.460600207221172	-0.704573447230058	-0.428075368025376	1.21399022946138	-0.195916251419052	-0.552428769790195	-0.338692153115389	0.320052021681068	-0.206664255987375	-0.466699871215895	0.634130916795062	-0.149907947214405	-0.499749937468731	0.765972770870018	1
-0.45879666899427	-0.987078791752967	-0.503176178661015	-0.980829909679787	-0.699357077447193	-0.317800225445056	0.449101755661322	0.140434435837207	-1.29307595242409	-1.01499115615048	0.460600207221172	-0.704573447230058	-0.428075368025376	-0.822906128695298	-0.195916251419052	-0.552428769790195	-0.338692153115389	0.320052021681068	-0.206664255987375	-0.466699871215895	0.634130916795062	-0.149907947214405	-0.499749937468731	0.765972770870018	1
1.13148641244168	0.754385933678631	-0.503176178661015	-0.34372051722783	0.5664475876156	1.33740928208128	0.449101755661322	-0.765594182467354	0.611306893561316	-0.487540356141571	-2.37386260644758	-0.704573447230058	-0.428075368025376	-0.822906128695298	-0.195916251419052	-0.552428769790195	-0.338692153115389	0.320052021681068	-0.206664255987375	-0.466699871215895	0.634130916795062	-0.149907947214405	-0.499749937468731	-1.30422390715706	1
-0.45879666899427	-0.73829811669131	-0.503176178661015	-0.73306514594847	0.5664475876156	-0.317800225445056	-2.37543758812058	-1.67162280077191	0.611306893561316	-0.839174222814178	0.460600207221172	-0.704573447230058	-0.428075368025376	1.21399022946138	-0.195916251419052	-0.552428769790195	-0.338692153115389	0.320052021681068	-0.206664255987375	-0.466699871215895	0.634130916795062	-0.149907947214405	-0.499749937468731	0.765972770870018	1
-0.45879666899427	-0.240736766567997	0.420082864753691	1.03668316641807	-0.699357077447193	-0.317800225445056	0.449101755661322	1.04646305414177	-1.29307595242409	0.743178177212557	0.460600207221172	-0.704573447230058	2.33370119988027	1.21399022946138	-0.195916251419052	-0.552428769790195	-0.338692153115389	0.320052021681068	-0.206664255987375	-0.466699871215895	0.634130916795062	-0.149907947214405	1.99899974987492	-1.30422390715706	1
-1.25393820971224	0.754385933678631	1.3433419081684	1.03668316641807	-0.0664547449157966	0.509804528318111	1.86137142755227	1.04646305414177	0.611306893561316	-1.01499115615048	0.460600207221172	1.02656524375289	-0.428075368025376	-0.822906128695298	-0.195916251419052	-0.552428769790195	2.94958117810198	0.320052021681068	-0.206664255987375	2.14056197915223	-1.57538447273477	-0.149907947214405	-0.499749937468731	0.765972770870018	1
-1.25393820971224	2.24706998404857	1.3433419081684	1.00128820017074	-0.699357077447193	1.33740928208128	-0.963167916229627	1.04646305414177	1.56349831655402	1.97389671056668	-0.956631199613203	1.02656524375289	-0.428075368025376	-0.822906128695298	-0.195916251419052	-0.552428769790195	2.94958117810198	0.320052021681068	-0.206664255987375	-0.466699871215895	-1.57538447273477	-0.149907947214405	1.99899974987492	-1.30422390715706	1
1.13148641244168	-0.821225008378529	1.3433419081684	-0.662275213453809	-0.699357077447193	-1.14540497920822	-0.963167916229627	1.04646305414177	0.611306893561316	-0.0479980228008109	0.460600207221172	1.02656524375289	-0.428075368025376	-0.822906128695298	-0.195916251419052	1.80837793871491	-0.338692153115389	0.320052021681068	-0.206664255987375	-0.466699871215895	0.634130916795062	-0.149907947214405	-0.499749937468731	-1.30422390715706	1
1.13148641244168	1.25194728380194	-0.503176178661015	-0.34372051722783	0.5664475876156	1.33740928208128	0.449101755661322	1.04646305414177	0.611306893561316	0.303635843871797	0.460600207221172	-0.704573447230058	-0.428075368025376	-0.822906128695298	-0.195916251419052	-0.552428769790195	-0.338692153115389	0.320052021681068	-0.206664255987375	-0.466699871215895	0.634130916795062	-0.149907947214405	-0.499749937468731	0.765972770870018	1
-1.25393820971224	-1.23585946681462	-0.503176178661015	-0.662275213453809	0.5664475876156	-1.97300973297139	-0.963167916229627	-0.765594182467354	-0.340884529431388	-1.10289962281863	0.460600207221172	-0.704573447230058	-0.428075368025376	1.21399022946138	-0.195916251419052	-0.552428769790195	2.94958117810198	0.320052021681068	-0.206664255987375	2.14056197915223	-1.57538447273477	6.66408965344035	-0.499749937468731	-1.30422390715706	1
1.13148641244168	-0.821225008378529	1.3433419081684	1.39063282889138	-0.699357077447193	-0.317800225445056	0.449101755661322	1.04646305414177	-0.340884529431388	0.303635843871797	0.460600207221172	1.02656524375289	-0.428075368025376	-0.822906128695298	-0.195916251419052	1.80837793871491	-0.338692153115389	0.320052021681068	-0.206664255987375	-0.466699871215895	0.634130916795062	-0.149907947214405	1.99899974987492	-1.30422390715706	1
1.13148641244168	-0.73829811669131	-0.503176178661015	-0.414510449722492	-0.0664547449157966	-0.317800225445056	-0.963167916229627	-0.765594182467354	-1.29307595242409	-0.663357289477875	0.460600207221172	-0.704573447230058	-0.428075368025376	-0.822906128695298	-0.195916251419052	-0.552428769790195	-0.338692153115389	-3.1213675662874	4.83392735346079	-0.466699871215895	0.634130916795062	-0.149907947214405	-0.499749937468731	0.765972770870018	1
-0.45879666899427	0.256824583555317	0.420082864753691	-0.34372051722783	1.83225225267839	-1.14540497920822	0.449101755661322	-0.765594182467354	-0.340884529431388	-0.575448822809723	-2.37386260644758	-0.704573447230058	-0.428075368025376	-0.822906128695298	-0.195916251419052	-0.552428769790195	-0.338692153115389	0.320052021681068	-0.206664255987375	-0.466699871215895	0.634130916795062	-0.149907947214405	1.99899974987492	-1.30422390715706	1
-0.45879666899427	0.505605258616974	0.420082864753691	0.965893233923413	-0.699357077447193	1.33740928208128	0.449101755661322	-0.765594182467354	0.611306893561316	-0.487540356141571	0.460600207221172	1.02656524375289	-0.428075368025376	1.21399022946138	-0.195916251419052	-0.552428769790195	2.94958117810198	0.320052021681068	-0.206664255987375	-0.466699871215895	0.634130916795062	-0.149907947214405	-0.499749937468731	-1.30422390715706	1
1.13148641244168	-0.73829811669131	-0.503176178661015	-0.697670179701139	-0.699357077447193	-0.317800225445056	0.449101755661322	-0.765594182467354	0.611306893561316	-0.92708268948233	0.460600207221172	-0.704573447230058	-0.428075368025376	-0.822906128695298	-0.195916251419052	-0.552428769790195	-0.338692153115389	0.320052021681068	-0.206664255987375	-0.466699871215895	0.634130916795062	-0.149907947214405	-0.499749937468731	0.765972770870018	1
1.13148641244168	-0.240736766567997	-0.503176178661015	0.0456241114928096	1.83225225267839	-0.317800225445056	0.449101755661322	-1.67162280077191	-0.340884529431388	-0.399631889473419	0.460600207221172	-0.704573447230058	-0.428075368025376	1.21399022946138	-0.195916251419052	-0.552428769790195	2.94958117810198	0.320052021681068	-0.206664255987375	-0.466699871215895	0.634130916795062	-0.149907947214405	-0.499749937468731	0.765972770870018	1
-0.45879666899427	1.25194728380194	0.420082864753691	-0.379115483475161	-0.699357077447193	1.33740928208128	0.449101755661322	1.04646305414177	1.56349831655402	1.88598824389853	-2.37386260644758	1.02656524375289	-0.428075368025376	1.21399022946138	-0.195916251419052	1.80837793871491	-0.338692153115389	0.320052021681068	-0.206664255987375	-0.466699871215895	-1.57538447273477	-0.149907947214405	-0.499749937468731	0.765972770870018	1
1.13148641244168	-1.23585946681462	-1.42643522207572	-0.874645010937794	1.83225225267839	-0.317800225445056	0.449101755661322	-0.765594182467354	-1.29307595242409	-0.839174222814178	-0.956631199613203	-0.704573447230058	2.33370119988027	-0.822906128695298	-0.195916251419052	1.80837793871491	-0.338692153115389	-3.1213675662874	-0.206664255987375	-0.466699871215895	0.634130916795062	-0.149907947214405	1.99899974987492	-1.30422390715706	1
-0.45879666899427	-0.73829811669131	-0.503176178661015	1.14286806516007	1.83225225267839	-1.97300973297139	0.449101755661322	-1.67162280077191	1.56349831655402	1.44644591055777	0.460600207221172	-0.704573447230058	-0.428075368025376	1.21399022946138	-0.195916251419052	-0.552428769790195	-0.338692153115389	0.320052021681068	-0.206664255987375	-0.466699871215895	0.634130916795062	-0.149907947214405	-0.499749937468731	-1.30422390715706	1
1.13148641244168	1.25194728380194	1.3433419081684	2.24011201882733	-0.699357077447193	-0.317800225445056	-0.963167916229627	-0.765594182467354	0.611306893561316	-0.399631889473419	-0.956631199613203	1.02656524375289	-0.428075368025376	-0.822906128695298	-0.195916251419052	-0.552428769790195	-0.338692153115389	0.320052021681068	-0.206664255987375	-0.466699871215895	0.634130916795062	-0.149907947214405	-0.499749937468731	0.765972770870018	1
0.336344871723703	-0.240736766567997	-0.503176178661015	-0.449905415969823	-0.699357077447193	1.33740928208128	-0.963167916229627	-0.765594182467354	0.611306893561316	-1.10289962281863	0.460600207221172	-0.704573447230058	-0.428075368025376	-0.822906128695298	-0.195916251419052	1.80837793871491	-0.338692153115389	0.320052021681068	-0.206664255987375	-0.466699871215895	0.634130916795062	-0.149907947214405	-0.499749937468731	-1.30422390715706	1
-1.25393820971224	1.25194728380194	1.3433419081684	1.03668316641807	-0.699357077447193	-1.14540497920822	-0.963167916229627	1.04646305414177	1.56349831655402	-1.10289962281863	0.460600207221172	1.02656524375289	-0.428075368025376	1.21399022946138	-0.195916251419052	-0.552428769790195	-0.338692153115389	-3.1213675662874	4.83392735346079	2.14056197915223	-1.57538447273477	-0.149907947214405	1.99899974987492	-1.30422390715706	1
-0.45879666899427	-0.987078791752967	-0.503176178661015	-0.662275213453809	-0.699357077447193	-0.317800225445056	1.86137142755227	-1.67162280077191	-1.29307595242409	-0.751265756146026	-2.37386260644758	-0.704573447230058	-0.428075368025376	1.21399022946138	-0.195916251419052	-0.552428769790195	-0.338692153115389	0.320052021681068	-0.206664255987375	-0.466699871215895	0.634130916795062	-0.149907947214405	-0.499749937468731	0.765972770870018	1
-0.45879666899427	-0.489517441629653	1.3433419081684	-0.626880247206478	1.83225225267839	1.33740928208128	0.449101755661322	1.04646305414177	-1.29307595242409	1.27062897722147	0.460600207221172	1.02656524375289	-0.428075368025376	1.21399022946138	-0.195916251419052	-0.552428769790195	-0.338692153115389	-3.1213675662874	-0.206664255987375	-0.466699871215895	0.634130916795062	-0.149907947214405	-0.499749937468731	0.765972770870018	1
-0.45879666899427	1.25194728380194	-2.34969426549043	-0.449905415969823	-0.699357077447193	1.33740928208128	0.449101755661322	1.04646305414177	1.56349831655402	2.23762211057114	0.460600207221172	-0.704573447230058	-0.428075368025376	1.21399022946138	-0.195916251419052	-0.552428769790195	-0.338692153115389	0.320052021681068	-0.206664255987375	-0.466699871215895	-1.57538447273477	-0.149907947214405	-0.499749937468731	-1.30422390715706	1
-0.45879666899427	2.24706998404857	-2.34969426549043	3.93907039869921	-0.699357077447193	-0.317800225445056	0.449101755661322	-0.765594182467354	0.611306893561316	-0.92708268948233	0.460600207221172	-0.704573447230058	-0.428075368025376	1.21399022946138	-0.195916251419052	-0.552428769790195	-0.338692153115389	0.320052021681068	-0.206664255987375	-0.466699871215895	0.634130916795062	-0.149907947214405	-0.499749937468731	0.765972770870018	1
1.13148641244168	0.256824583555317	-0.503176178661015	-0.0251658210018522	-0.699357077447193	-1.14540497920822	-0.963167916229627	1.04646305414177	-0.340884529431388	-0.839174222814178	0.460600207221172	-0.704573447230058	-0.428075368025376	1.21399022946138	-0.195916251419052	-0.552428769790195	-0.338692153115389	0.320052021681068	-0.206664255987375	-0.466699871215895	0.634130916795062	-0.149907947214405	-0.499749937468731	0.765972770870018	1
1.13148641244168	0.505605258616974	-0.503176178661015	0.682733503944766	1.83225225267839	1.33740928208128	0.449101755661322	1.04646305414177	-0.340884529431388	1.09481204388516	0.460600207221172	4.48884262571877	2.33370119988027	1.21399022946138	-0.195916251419052	-0.552428769790195	-0.338692153115389	0.320052021681068	-0.206664255987375	-0.466699871215895	0.634130916795062	-0.149907947214405	-0.499749937468731	0.765972770870018	1
1.13148641244168	-0.73829811669131	-0.503176178661015	-0.379115483475161	-0.699357077447193	-1.14540497920822	-0.963167916229627	-0.765594182467354	0.611306893561316	-0.575448822809723	-2.37386260644758	-0.704573447230058	-0.428075368025376	-0.822906128695298	-0.195916251419052	-0.552428769790195	-0.338692153115389	0.320052021681068	-0.206664255987375	-0.466699871215895	0.634130916795062	-0.149907947214405	-0.499749937468731	0.765972770870018	1
-0.45879666899427	-0.73829811669131	-0.503176178661015	-0.803855078443132	1.199349920147	-0.317800225445056	1.86137142755227	-1.67162280077191	-1.29307595242409	-1.19080808948679	0.460600207221172	-0.704573447230058	-0.428075368025376	-0.822906128695298	-0.195916251419052	1.80837793871491	-0.338692153115389	0.320052021681068	-0.206664255987375	-0.466699871215895	0.634130916795062	-0.149907947214405	-0.499749937468731	0.765972770870018	1
1.13148641244168	1.25194728380194	-0.503176178661015	-0.520695348464485	-0.699357077447193	-0.317800225445056	0.449101755661322	1.04646305414177	1.56349831655402	0.127818910535493	-0.956631199613203	-0.704573447230058	-0.428075368025376	1.21399022946138	-0.195916251419052	-0.552428769790195	-0.338692153115389	0.320052021681068	-0.206664255987375	-0.466699871215895	-1.57538447273477	-0.149907947214405	-0.499749937468731	0.765972770870018	1
1.13148641244168	1.25194728380194	-0.503176178661015	-0.308325550980499	1.83225225267839	-0.317800225445056	-0.963167916229627	1.04646305414177	0.611306893561316	-0.92708268948233	0.460600207221172	-0.704573447230058	-0.428075368025376	-0.822906128695298	-0.195916251419052	-0.552428769790195	-0.338692153115389	0.320052021681068	-0.206664255987375	-0.466699871215895	0.634130916795062	-0.149907947214405	-0.499749937468731	0.765972770870018	1
1.13148641244168	1.25194728380194	-0.503176178661015	1.70918752511736	-0.699357077447193	-0.317800225445056	-0.963167916229627	-0.765594182467354	-0.340884529431388	-0.487540356141571	-2.37386260644758	-0.704573447230058	-0.428075368025376	-0.822906128695298	-0.195916251419052	-0.552428769790195	2.94958117810198	0.320052021681068	-0.206664255987375	-0.466699871215895	0.634130916795062	-0.149907947214405	-0.499749937468731	0.765972770870018	1
1.13148641244168	-1.15293257512741	1.3433419081684	-0.910039977185125	1.83225225267839	1.33740928208128	0.449101755661322	-0.765594182467354	-0.340884529431388	0.918995110548861	0.460600207221172	1.02656524375289	-0.428075368025376	1.21399022946138	-0.195916251419052	-0.552428769790195	-0.338692153115389	0.320052021681068	-0.206664255987375	2.14056197915223	-1.57538447273477	-0.149907947214405	1.99899974987492	-1.30422390715706	1
-1.25393820971224	-1.07000568344019	1.3433419081684	-0.73306514594847	-0.699357077447193	1.33740928208128	0.449101755661322	1.04646305414177	1.56349831655402	1.35853744388962	-2.37386260644758	1.02656524375289	2.33370119988027	1.21399022946138	-0.195916251419052	-0.552428769790195	-0.338692153115389	0.320052021681068	-0.206664255987375	-0.466699871215895	-1.57538447273477	-0.149907947214405	-0.499749937468731	-1.30422390715706	1
-0.45879666899427	1.74950863392526	1.3433419081684	0.965893233923413	-0.699357077447193	0.509804528318111	-0.963167916229627	-1.67162280077191	-1.29307595242409	0.479452777208101	-2.37386260644758	1.02656524375289	-0.428075368025376	-0.822906128695298	-0.195916251419052	-0.552428769790195	-0.338692153115389	0.320052021681068	-0.206664255987375	-0.466699871215895	0.634130916795062	-0.149907947214405	1.99899974987492	-1.30422390715706	1
-1.25393820971224	1.25194728380194	-0.503176178661015	-0.449905415969823	1.83225225267839	1.33740928208128	0.449101755661322	1.04646305414177	1.56349831655402	0.391544310539949	0.460600207221172	-0.704573447230058	-0.428075368025376	1.21399022946138	-0.195916251419052	-0.552428769790195	-0.338692153115389	0.320052021681068	-0.206664255987375	-0.466699871215895	0.634130916795062	-0.149907947214405	-0.499749937468731	-1.30422390715706	1
-1.25393820971224	-0.73829811669131	1.3433419081684	-0.626880247206478	-0.699357077447193	1.33740928208128	0.449101755661322	1.04646305414177	1.56349831655402	2.6771644439119	0.460600207221172	1.02656524375289	-0.428075368025376	-0.822906128695298	-0.195916251419052	-0.552428769790195	2.94958117810198	0.320052021681068	-0.206664255987375	-0.466699871215895	-1.57538447273477	-0.149907947214405	-0.499749937468731	-1.30422390715706	1
-1.25393820971224	1.74950863392526	-0.503176178661015	0.257993908976795	-0.699357077447193	-1.14540497920822	0.449101755661322	0.140434435837207	0.611306893561316	-0.135906489468963	0.460600207221172	-0.704573447230058	-0.428075368025376	-0.822906128695298	-0.195916251419052	-0.552428769790195	-0.338692153115389	0.320052021681068	-0.206664255987375	-0.466699871215895	0.634130916795062	-0.149907947214405	-0.499749937468731	0.765972770870018	1
-0.45879666899427	-0.821225008378529	0.420082864753691	0.541153638955442	-0.699357077447193	0.509804528318111	0.449101755661322	1.04646305414177	-0.340884529431388	1.35853744388962	0.460600207221172	-0.704573447230058	-0.428075368025376	-0.822906128695298	-0.195916251419052	-0.552428769790195	-0.338692153115389	0.320052021681068	-0.206664255987375	-0.466699871215895	0.634130916795062	-0.149907947214405	-0.499749937468731	0.765972770870018	1
1.13148641244168	2.74463133417189	-2.34969426549043	2.16932208633266	1.83225225267839	-0.317800225445056	0.449101755661322	-0.765594182467354	-0.340884529431388	0.303635843871797	0.460600207221172	-0.704573447230058	2.33370119988027	-0.822906128695298	-0.195916251419052	-0.552428769790195	2.94958117810198	0.320052021681068	-0.206664255987375	-0.466699871215895	0.634130916795062	-0.149907947214405	1.99899974987492	-1.30422390715706	1
-0.45879666899427	0.754385933678631	-0.503176178661015	0.187203976482133	-0.699357077447193	-1.14540497920822	1.86137142755227	-1.67162280077191	-0.340884529431388	-1.19080808948679	0.460600207221172	-0.704573447230058	-0.428075368025376	-0.822906128695298	-0.195916251419052	-0.552428769790195	-0.338692153115389	0.320052021681068	-0.206664255987375	-0.466699871215895	0.634130916795062	-0.149907947214405	-0.499749937468731	0.765972770870018	1
1.13148641244168	0.256824583555317	-0.503176178661015	0.930498267676082	1.83225225267839	-1.14540497920822	-0.963167916229627	-1.67162280077191	0.611306893561316	0.743178177212557	0.460600207221172	1.02656524375289	-0.428075368025376	1.21399022946138	-0.195916251419052	-0.552428769790195	-0.338692153115389	0.320052021681068	-0.206664255987375	-0.466699871215895	0.634130916795062	-0.149907947214405	-0.499749937468731	0.765972770870018	1
1.13148641244168	-0.489517441629653	-0.503176178661015	-0.73306514594847	0.5664475876156	1.33740928208128	0.449101755661322	0.140434435837207	-0.340884529431388	1.00690357721701	-0.956631199613203	-0.704573447230058	-0.428075368025376	1.21399022946138	-0.195916251419052	-0.552428769790195	-0.338692153115389	0.320052021681068	-0.206664255987375	-0.466699871215895	0.634130916795062	-0.149907947214405	-0.499749937468731	0.765972770870018	1
1.13148641244168	-0.240736766567997	-0.503176178661015	-0.591485280959147	-0.0664547449157966	-0.317800225445056	-0.963167916229627	1.04646305414177	-0.340884529431388	-1.01499115615048	0.460600207221172	-0.704573447230058	-0.428075368025376	-0.822906128695298	-0.195916251419052	-0.552428769790195	-0.338692153115389	0.320052021681068	-0.206664255987375	2.14056197915223	-1.57538447273477	-0.149907947214405	1.99899974987492	-1.30422390715706	1
-1.25393820971224	0.256824583555317	-0.503176178661015	-0.520695348464485	-0.699357077447193	1.33740928208128	-0.963167916229627	1.04646305414177	-1.29307595242409	1.97389671056668	0.460600207221172	-0.704573447230058	-0.428075368025376	1.21399022946138	-0.195916251419052	-0.552428769790195	-0.338692153115389	-3.1213675662874	-0.206664255987375	-0.466699871215895	0.634130916795062	-0.149907947214405	1.99899974987492	-1.30422390715706	1
-1.25393820971224	-0.904151900065748	-0.503176178661015	-0.34372051722783	-0.699357077447193	1.33740928208128	0.449101755661322	1.04646305414177	-1.29307595242409	1.44644591055777	0.460600207221172	-0.704573447230058	-0.428075368025376	-0.822906128695298	-0.195916251419052	-0.552428769790195	-0.338692153115389	0.320052021681068	-0.206664255987375	-0.466699871215895	0.634130916795062	-0.149907947214405	1.99899974987492	-1.30422390715706	1
1.13148641244168	-0.73829811669131	1.3433419081684	-0.662275213453809	-0.699357077447193	-0.317800225445056	-0.963167916229627	-0.765594182467354	-1.29307595242409	-0.575448822809723	0.460600207221172	1.02656524375289	-0.428075368025376	1.21399022946138	-0.195916251419052	-0.552428769790195	-0.338692153115389	-3.1213675662874	-0.206664255987375	-0.466699871215895	0.634130916795062	-0.149907947214405	-0.499749937468731	-1.30422390715706	1
-0.45879666899427	-0.240736766567997	1.3433419081684	-0.697670179701139	-0.699357077447193	-1.14540497920822	-0.963167916229627	-1.67162280077191	-0.340884529431388	-0.751265756146026	0.460600207221172	1.02656524375289	-0.428075368025376	-0.822906128695298	-0.195916251419052	-0.552428769790195	-0.338692153115389	0.320052021681068	-0.206664255987375	-0.466699871215895	0.634130916795062	-0.149907947214405	-0.499749937468731	0.765972770870018	1
-0.45879666899427	1.25194728380194	-0.503176178661015	3.30196100624725	-0.0664547449157966	-0.317800225445056	0.449101755661322	1.04646305414177	1.56349831655402	1.00690357721701	0.460600207221172	-0.704573447230058	2.33370119988027	1.21399022946138	-0.195916251419052	-0.552428769790195	-0.338692153115389	0.320052021681068	-0.206664255987375	-0.466699871215895	-1.57538447273477	-0.149907947214405	-0.499749937468731	0.765972770870018	1
-1.25393820971224	-0.240736766567997	-0.503176178661015	-0.379115483475161	-0.0664547449157966	0.509804528318111	0.449101755661322	0.140434435837207	0.611306893561316	-0.487540356141571	0.460600207221172	-0.704573447230058	2.33370119988027	1.21399022946138	-0.195916251419052	1.80837793871491	-0.338692153115389	0.320052021681068	-0.206664255987375	-0.466699871215895	0.634130916795062	-0.149907947214405	-0.499749937468731	-1.30422390715706	1
-1.25393820971224	-0.73829811669131	-2.34969426549043	-0.768460112195801	-0.699357077447193	0.509804528318111	0.449101755661322	0.140434435837207	-1.29307595242409	-0.663357289477875	0.460600207221172	1.02656524375289	-0.428075368025376	-0.822906128695298	-0.195916251419052	-0.552428769790195	-0.338692153115389	0.320052021681068	-0.206664255987375	-0.466699871215895	0.634130916795062	-0.149907947214405	-0.499749937468731	0.765972770870018	1
1.13148641244168	-0.73829811669131	1.3433419081684	-0.945434943432456	-0.699357077447193	1.33740928208128	0.449101755661322	1.04646305414177	-1.29307595242409	1.79807977723038	0.460600207221172	-0.704573447230058	-0.428075368025376	-0.822906128695298	-0.195916251419052	-0.552428769790195	-0.338692153115389	0.320052021681068	-0.206664255987375	-0.466699871215895	0.634130916795062	-0.149907947214405	-0.499749937468731	0.765972770870018	1
-1.25393820971224	-0.73829811669131	1.3433419081684	-0.662275213453809	-0.699357077447193	1.33740928208128	0.449101755661322	0.140434435837207	-1.29307595242409	1.62226284389408	0.460600207221172	-0.704573447230058	-0.428075368025376	-0.822906128695298	-0.195916251419052	-0.552428769790195	2.94958117810198	0.320052021681068	-0.206664255987375	-0.466699871215895	0.634130916795062	-0.149907947214405	-0.499749937468731	0.765972770870018	1
1.13148641244168	-0.73829811669131	1.3433419081684	-0.874645010937794	1.83225225267839	1.33740928208128	-0.963167916229627	0.140434435837207	-0.340884529431388	-0.223814956137115	-2.37386260644758	-0.704573447230058	2.33370119988027	-0.822906128695298	-0.195916251419052	-0.552428769790195	-0.338692153115389	0.320052021681068	-0.206664255987375	-0.466699871215895	0.634130916795062	-0.149907947214405	1.99899974987492	-1.30422390715706	1
0.336344871723703	0.256824583555317	1.3433419081684	0.116414043987471	1.83225225267839	1.33740928208128	0.449101755661322	1.04646305414177	1.56349831655402	-1.36662502282309	0.460600207221172	1.02656524375289	-0.428075368025376	-0.822906128695298	-0.195916251419052	-0.552428769790195	-0.338692153115389	-3.1213675662874	4.83392735346079	2.14056197915223	-1.57538447273477	-0.149907947214405	-0.499749937468731	0.765972770870018	1
-0.45879666899427	-0.73829811669131	-0.503176178661015	-0.697670179701139	1.199349920147	1.33740928208128	0.449101755661322	1.04646305414177	-1.29307595242409	1.62226284389408	0.460600207221172	-0.704573447230058	-0.428075368025376	1.21399022946138	-0.195916251419052	1.80837793871491	-0.338692153115389	0.320052021681068	-0.206664255987375	-0.466699871215895	0.634130916795062	-0.149907947214405	-0.499749937468731	0.765972770870018	1
-0.45879666899427	2.74463133417189	-2.34969426549043	4.46999489240917	-0.699357077447193	-1.14540497920822	0.449101755661322	1.04646305414177	1.56349831655402	1.97389671056668	0.460600207221172	-0.704573447230058	-0.428075368025376	1.21399022946138	-0.195916251419052	-0.552428769790195	-0.338692153115389	0.320052021681068	-0.206664255987375	2.14056197915223	-1.57538447273477	-0.149907947214405	-0.499749937468731	0.765972770870018	1
1.13148641244168	-0.73829811669131	1.3433419081684	-0.449905415969823	1.83225225267839	0.509804528318111	-0.963167916229627	-0.765594182467354	0.611306893561316	2.23762211057114	0.460600207221172	-0.704573447230058	-0.428075368025376	-0.822906128695298	-0.195916251419052	-0.552428769790195	-0.338692153115389	0.320052021681068	-0.206664255987375	-0.466699871215895	0.634130916795062	-0.149907947214405	-0.499749937468731	0.765972770870018	1
-0.45879666899427	-0.240736766567997	-0.503176178661015	-0.237535618485838	-0.0664547449157966	-0.317800225445056	0.449101755661322	1.04646305414177	0.611306893561316	-0.135906489468963	0.460600207221172	-0.704573447230058	-0.428075368025376	-0.822906128695298	-0.195916251419052	-0.552428769790195	-0.338692153115389	0.320052021681068	-0.206664255987375	-0.466699871215895	0.634130916795062	-0.149907947214405	-0.499749937468731	0.765972770870018	1
-0.45879666899427	1.25194728380194	1.3433419081684	-0.34372051722783	-0.699357077447193	1.33740928208128	0.449101755661322	1.04646305414177	-1.29307595242409	0.039910443867341	0.460600207221172	-0.704573447230058	-0.428075368025376	-0.822906128695298	-0.195916251419052	-0.552428769790195	-0.338692153115389	0.320052021681068	-0.206664255987375	-0.466699871215895	0.634130916795062	-0.149907947214405	-0.499749937468731	0.765972770870018	1
-0.45879666899427	-0.0748829831935586	0.420082864753691	1.35523786264405	1.83225225267839	0.509804528318111	0.449101755661322	1.04646305414177	-0.340884529431388	0.039910443867341	-2.37386260644758	1.02656524375289	2.33370119988027	1.21399022946138	-0.195916251419052	-0.552428769790195	2.94958117810198	0.320052021681068	-0.206664255987375	2.14056197915223	-1.57538447273477	-0.149907947214405	-0.499749937468731	-1.30422390715706	1
1.13148641244168	0.256824583555317	-0.503176178661015	-0.626880247206478	-0.0664547449157966	1.33740928208128	1.86137142755227	1.04646305414177	-1.29307595242409	0.479452777208101	0.460600207221172	-0.704573447230058	-0.428075368025376	-0.822906128695298	-0.195916251419052	1.80837793871491	-0.338692153115389	0.320052021681068	-0.206664255987375	2.14056197915223	-1.57538447273477	-0.149907947214405	1.99899974987492	-1.30422390715706	1
-0.45879666899427	1.25194728380194	-0.503176178661015	-0.34372051722783	-0.699357077447193	0.509804528318111	0.449101755661322	1.04646305414177	0.611306893561316	-1.01499115615048	0.460600207221172	-0.704573447230058	-0.428075368025376	-0.822906128695298	-0.195916251419052	-0.552428769790195	-0.338692153115389	0.320052021681068	-0.206664255987375	2.14056197915223	-1.57538447273477	-0.149907947214405	-0.499749937468731	0.765972770870018	1
1.13148641244168	-1.23585946681462	0.420082864753691	-0.839250044690463	-0.699357077447193	-0.317800225445056	-0.963167916229627	-0.765594182467354	-1.29307595242409	-1.01499115615048	0.460600207221172	-0.704573447230058	-0.428075368025376	-0.822906128695298	-0.195916251419052	-0.552428769790195	-0.338692153115389	0.320052021681068	-0.206664255987375	-0.466699871215895	0.634130916795062	-0.149907947214405	-0.499749937468731	0.765972770870018	1
-0.45879666899427	-0.987078791752967	1.3433419081684	-0.485300382217154	-0.699357077447193	0.509804528318111	0.449101755661322	0.140434435837207	0.611306893561316	-0.0479980228008109	0.460600207221172	-0.704573447230058	-0.428075368025376	1.21399022946138	-0.195916251419052	-0.552428769790195	-0.338692153115389	0.320052021681068	-0.206664255987375	2.14056197915223	-1.57538447273477	-0.149907947214405	-0.499749937468731	0.765972770870018	1
1.13148641244168	-0.73829811669131	-0.503176178661015	-0.308325550980499	1.83225225267839	-1.14540497920822	1.86137142755227	1.04646305414177	0.611306893561316	-0.839174222814178	0.460600207221172	-0.704573447230058	-0.428075368025376	1.21399022946138	-0.195916251419052	-0.552428769790195	2.94958117810198	0.320052021681068	-0.206664255987375	2.14056197915223	-1.57538447273477	-0.149907947214405	-0.499749937468731	0.765972770870018	1
-0.45879666899427	0.256824583555317	1.3433419081684	3.05419624251594	-0.699357077447193	-0.317800225445056	0.449101755661322	0.140434435837207	0.611306893561316	0.303635843871797	0.460600207221172	1.02656524375289	2.33370119988027	1.21399022946138	-0.195916251419052	-0.552428769790195	-0.338692153115389	-3.1213675662874	4.83392735346079	-0.466699871215895	0.634130916795062	-0.149907947214405	-0.499749937468731	-1.30422390715706	1
1.13148641244168	-0.240736766567997	-1.42643522207572	1.14286806516007	-0.699357077447193	1.33740928208128	0.449101755661322	1.04646305414177	1.56349831655402	0.303635843871797	-2.37386260644758	1.02656524375289	2.33370119988027	1.21399022946138	-0.195916251419052	1.80837793871491	-0.338692153115389	0.320052021681068	-0.206664255987375	-0.466699871215895	0.634130916795062	-0.149907947214405	-0.499749937468731	-1.30422390715706	1
-0.45879666899427	-0.73829811669131	-0.503176178661015	1.00128820017074	-0.699357077447193	0.509804528318111	0.449101755661322	-0.765594182467354	0.611306893561316	-0.311723422805267	0.460600207221172	-0.704573447230058	-0.428075368025376	-0.822906128695298	-0.195916251419052	1.80837793871491	-0.338692153115389	0.320052021681068	-0.206664255987375	-0.466699871215895	0.634130916795062	-0.149907947214405	-0.499749937468731	0.765972770870018	1
-1.25393820971224	0.256824583555317	-0.503176178661015	1.56760766012804	1.83225225267839	-1.14540497920822	-0.963167916229627	-0.765594182467354	-0.340884529431388	-0.487540356141571	0.460600207221172	-0.704573447230058	-0.428075368025376	1.21399022946138	5.09911757071751	-0.552428769790195	-0.338692153115389	0.320052021681068	-0.206664255987375	-0.466699871215895	0.634130916795062	-0.149907947214405	-0.499749937468731	0.765972770870018	1
-0.45879666899427	-0.572444333316872	-0.503176178661015	-0.662275213453809	0.5664475876156	1.33740928208128	1.86137142755227	-0.765594182467354	-1.29307595242409	-0.0479980228008109	0.460600207221172	-0.704573447230058	-0.428075368025376	1.21399022946138	-0.195916251419052	-0.552428769790195	-0.338692153115389	0.320052021681068	-0.206664255987375	-0.466699871215895	0.634130916795062	-0.149907947214405	-0.499749937468731	0.765972770870018	1
-0.45879666899427	-1.23585946681462	0.420082864753691	-0.662275213453809	-0.0664547449157966	1.33740928208128	-2.37543758812058	-0.765594182467354	0.611306893561316	-0.399631889473419	-2.37386260644758	1.02656524375289	2.33370119988027	-0.822906128695298	-0.195916251419052	-0.552428769790195	-0.338692153115389	0.320052021681068	-0.206664255987375	-0.466699871215895	0.634130916795062	-0.149907947214405	-0.499749937468731	0.765972770870018	1
0.336344871723703	-0.489517441629653	-0.503176178661015	-1.01622487592712	-0.699357077447193	-1.14540497920822	-0.963167916229627	1.04646305414177	-0.340884529431388	-1.10289962281863	0.460600207221172	-0.704573447230058	-0.428075368025376	1.21399022946138	-0.195916251419052	-0.552428769790195	-0.338692153115389	0.320052021681068	-0.206664255987375	2.14056197915223	-1.57538447273477	-0.149907947214405	-0.499749937468731	0.765972770870018	1
-0.45879666899427	-0.240736766567997	-0.503176178661015	1.07207813266541	-0.699357077447193	0.509804528318111	0.449101755661322	0.140434435837207	-1.29307595242409	-0.663357289477875	0.460600207221172	-0.704573447230058	-0.428075368025376	-0.822906128695298	-0.195916251419052	1.80837793871491	-0.338692153115389	0.320052021681068	-0.206664255987375	2.14056197915223	-1.57538447273477	-0.149907947214405	1.99899974987492	-1.30422390715706	1
1.13148641244168	1.25194728380194	1.3433419081684	1.6383975926227	-0.699357077447193	-0.317800225445056	-0.963167916229627	-0.765594182467354	-1.29307595242409	-0.92708268948233	-0.956631199613203	1.02656524375289	-0.428075368025376	1.21399022946138	-0.195916251419052	1.80837793871491	-0.338692153115389	0.320052021681068	-0.206664255987375	-0.466699871215895	0.634130916795062	-0.149907947214405	-0.499749937468731	0.765972770870018	1
-1.25393820971224	-0.73829811669131	-0.503176178661015	-0.556090314711816	0.5664475876156	1.33740928208128	1.86137142755227	-1.67162280077191	-1.29307595242409	-0.0479980228008109	0.460600207221172	-0.704573447230058	-0.428075368025376	-0.822906128695298	-0.195916251419052	-0.552428769790195	-0.338692153115389	0.320052021681068	-0.206664255987375	-0.466699871215895	0.634130916795062	-0.149907947214405	-0.499749937468731	0.765972770870018	1
1.13148641244168	2.24706998404857	1.3433419081684	0.116414043987471	1.83225225267839	1.33740928208128	0.449101755661322	-1.67162280077191	-1.29307595242409	1.00690357721701	0.460600207221172	-0.704573447230058	-0.428075368025376	1.21399022946138	-0.195916251419052	-0.552428769790195	-0.338692153115389	0.320052021681068	-0.206664255987375	-0.466699871215895	0.634130916795062	-0.149907947214405	-0.499749937468731	0.765972770870018	1
-1.25393820971224	1.74950863392526	-0.503176178661015	1.39063282889138	1.83225225267839	0.509804528318111	-0.963167916229627	0.140434435837207	0.611306893561316	-0.487540356141571	0.460600207221172	-0.704573447230058	-0.428075368025376	1.21399022946138	-0.195916251419052	-0.552428769790195	-0.338692153115389	0.320052021681068	-0.206664255987375	-0.466699871215895	0.634130916795062	-0.149907947214405	-0.499749937468731	-1.30422390715706	1
-1.25393820971224	-0.904151900065748	1.3433419081684	-0.414510449722492	1.83225225267839	-1.14540497920822	-0.963167916229627	0.140434435837207	-1.29307595242409	-0.751265756146026	0.460600207221172	1.02656524375289	-0.428075368025376	-0.822906128695298	5.09911757071751	-0.552428769790195	-0.338692153115389	-3.1213675662874	4.83392735346079	2.14056197915223	-1.57538447273477	-0.149907947214405	-0.499749937468731	0.765972770870018	1
-1.25393820971224	1.00316660874029	1.3433419081684	0.364178807718788	0.5664475876156	-0.317800225445056	-0.963167916229627	1.04646305414177	0.611306893561316	-1.10289962281863	0.460600207221172	1.02656524375289	-0.428075368025376	-0.822906128695298	-0.195916251419052	-0.552428769790195	-0.338692153115389	0.320052021681068	-0.206664255987375	-0.466699871215895	0.634130916795062	-0.149907947214405	-0.499749937468731	0.765972770870018	1
-0.45879666899427	-0.73829811669131	1.3433419081684	-0.308325550980499	0.5664475876156	0.509804528318111	-2.37543758812058	0.140434435837207	0.611306893561316	0.039910443867341	0.460600207221172	-0.704573447230058	-0.428075368025376	1.21399022946138	-0.195916251419052	1.80837793871491	-0.338692153115389	0.320052021681068	-0.206664255987375	-0.466699871215895	0.634130916795062	-0.149907947214405	-0.499749937468731	-1.30422390715706	1
-1.25393820971224	0.00804390849366035	-0.503176178661015	-0.520695348464485	-0.699357077447193	-0.317800225445056	-0.963167916229627	-0.765594182467354	-1.29307595242409	-0.92708268948233	0.460600207221172	1.02656524375289	-0.428075368025376	1.21399022946138	-0.195916251419052	-0.552428769790195	-0.338692153115389	0.320052021681068	-0.206664255987375	-0.466699871215895	0.634130916795062	-0.149907947214405	-0.499749937468731	0.765972770870018	1
1.13148641244168	0.256824583555317	1.3433419081684	0.222598942729464	-0.699357077447193	1.33740928208128	-0.963167916229627	-0.765594182467354	0.611306893561316	0.479452777208101	0.460600207221172	1.02656524375289	-0.428075368025376	1.21399022946138	-0.195916251419052	-0.552428769790195	2.94958117810198	0.320052021681068	-0.206664255987375	2.14056197915223	-1.57538447273477	-0.149907947214405	-0.499749937468731	-1.30422390715706	1
1.13148641244168	-0.73829811669131	-0.503176178661015	-0.520695348464485	-0.699357077447193	-0.317800225445056	0.449101755661322	-0.765594182467354	-1.29307595242409	-1.01499115615048	0.460600207221172	-0.704573447230058	-0.428075368025376	-0.822906128695298	-0.195916251419052	-0.552428769790195	-0.338692153115389	0.320052021681068	-0.206664255987375	2.14056197915223	-1.57538447273477	-0.149907947214405	1.99899974987492	-1.30422390715706	1
0.336344871723703	-0.904151900065748	1.3433419081684	-0.874645010937794	-0.699357077447193	1.33740928208128	0.449101755661322	1.04646305414177	1.56349831655402	2.41343904390744	0.460600207221172	1.02656524375289	-0.428075368025376	1.21399022946138	-0.195916251419052	1.80837793871491	-0.338692153115389	0.320052021681068	-0.206664255987375	-0.466699871215895	-1.57538447273477	-0.149907947214405	-0.499749937468731	0.765972770870018	1
-0.45879666899427	-0.240736766567997	-0.503176178661015	-0.485300382217154	1.83225225267839	-1.14540497920822	-0.963167916229627	0.140434435837207	-1.29307595242409	-0.751265756146026	0.460600207221172	-0.704573447230058	-0.428075368025376	-0.822906128695298	-0.195916251419052	-0.552428769790195	-0.338692153115389	0.320052021681068	-0.206664255987375	2.14056197915223	-1.57538447273477	-0.149907947214405	-0.499749937468731	0.765972770870018	1
-1.25393820971224	-0.73829811669131	1.3433419081684	-0.414510449722492	-0.699357077447193	-0.317800225445056	0.449101755661322	-0.765594182467354	-0.340884529431388	-0.487540356141571	0.460600207221172	1.02656524375289	-0.428075368025376	-0.822906128695298	-0.195916251419052	1.80837793871491	-0.338692153115389	0.320052021681068	-0.206664255987375	-0.466699871215895	0.634130916795062	-0.149907947214405	-0.499749937468731	0.765972770870018	1
-1.25393820971224	-0.73829811669131	-0.503176178661015	-0.910039977185125	-0.699357077447193	-0.317800225445056	1.86137142755227	-0.765594182467354	-1.29307595242409	0.391544310539949	0.460600207221172	-0.704573447230058	-0.428075368025376	-0.822906128695298	-0.195916251419052	-0.552428769790195	-0.338692153115389	0.320052021681068	-0.206664255987375	-0.466699871215895	0.634130916795062	-0.149907947214405	1.99899974987492	-1.30422390715706	1
-0.45879666899427	-0.73829811669131	-0.503176178661015	-0.945434943432456	-0.699357077447193	-0.317800225445056	0.449101755661322	-0.765594182467354	0.611306893561316	-0.487540356141571	0.460600207221172	-0.704573447230058	-0.428075368025376	-0.822906128695298	-0.195916251419052	-0.552428769790195	-0.338692153115389	0.320052021681068	-0.206664255987375	-0.466699871215895	0.634130916795062	-0.149907947214405	-0.499749937468731	0.765972770870018	1
-0.45879666899427	-0.73829811669131	1.3433419081684	-0.485300382217154	-0.699357077447193	-1.97300973297139	0.449101755661322	-0.765594182467354	0.611306893561316	-0.135906489468963	0.460600207221172	1.02656524375289	-0.428075368025376	1.21399022946138	-0.195916251419052	-0.552428769790195	2.94958117810198	0.320052021681068	-0.206664255987375	-0.466699871215895	0.634130916795062	-0.149907947214405	-0.499749937468731	-1.30422390715706	1
-1.25393820971224	-0.73829811669131	1.3433419081684	0.0810190777401405	-0.699357077447193	-0.317800225445056	-0.963167916229627	-0.765594182467354	-1.29307595242409	-0.575448822809723	0.460600207221172	1.02656524375289	-0.428075368025376	-0.822906128695298	-0.195916251419052	1.80837793871491	-0.338692153115389	-3.1213675662874	4.83392735346079	-0.466699871215895	0.634130916795062	-0.149907947214405	-0.499749937468731	0.765972770870018	1
-0.45879666899427	2.24706998404857	-0.503176178661015	1.85076739010669	1.83225225267839	0.509804528318111	-0.963167916229627	-0.765594182467354	0.611306893561316	-1.01499115615048	0.460600207221172	-0.704573447230058	-0.428075368025376	-0.822906128695298	-0.195916251419052	1.80837793871491	-0.338692153115389	0.320052021681068	-0.206664255987375	-0.466699871215895	0.634130916795062	-0.149907947214405	-0.499749937468731	0.765972770870018	1
-1.25393820971224	1.25194728380194	0.420082864753691	1.28444793014939	-0.699357077447193	-0.317800225445056	0.449101755661322	0.140434435837207	-0.340884529431388	-0.575448822809723	-0.956631199613203	-0.704573447230058	-0.428075368025376	1.21399022946138	-0.195916251419052	-0.552428769790195	-0.338692153115389	0.320052021681068	-0.206664255987375	-0.466699871215895	0.634130916795062	-0.149907947214405	-0.499749937468731	0.765972770870018	1
1.13148641244168	-0.489517441629653	-0.503176178661015	-0.202140652238507	-0.699357077447193	-1.14540497920822	0.449101755661322	0.140434435837207	-0.340884529431388	-0.751265756146026	-2.37386260644758	1.02656524375289	-0.428075368025376	-0.822906128695298	-0.195916251419052	-0.552428769790195	-0.338692153115389	0.320052021681068	-0.206664255987375	-0.466699871215895	0.634130916795062	-0.149907947214405	1.99899974987492	-1.30422390715706	1
1.13148641244168	-0.240736766567997	-0.503176178661015	-0.449905415969823	-0.699357077447193	-0.317800225445056	0.449101755661322	1.04646305414177	1.56349831655402	1.00690357721701	-2.37386260644758	1.02656524375289	-0.428075368025376	-0.822906128695298	-0.195916251419052	-0.552428769790195	-0.338692153115389	0.320052021681068	-0.206664255987375	-0.466699871215895	-1.57538447273477	-0.149907947214405	-0.499749937468731	0.765972770870018	1
1.13148641244168	3.2421926842952	-0.503176178661015	2.41708685006398	-0.0664547449157966	0.509804528318111	-0.963167916229627	1.04646305414177	-1.29307595242409	-1.27871655615494	0.460600207221172	-0.704573447230058	-0.428075368025376	1.21399022946138	-0.195916251419052	-0.552428769790195	-0.338692153115389	0.320052021681068	-0.206664255987375	-0.466699871215895	0.634130916795062	-0.149907947214405	-0.499749937468731	0.765972770870018	1
1.13148641244168	-0.73829811669131	1.3433419081684	-0.73306514594847	1.83225225267839	1.33740928208128	-0.963167916229627	-0.765594182467354	-1.29307595242409	0.215727377203645	0.460600207221172	1.02656524375289	-0.428075368025376	1.21399022946138	-0.195916251419052	-0.552428769790195	-0.338692153115389	0.320052021681068	-0.206664255987375	-0.466699871215895	0.634130916795062	-0.149907947214405	-0.499749937468731	0.765972770870018	1
1.13148641244168	0.505605258616974	0.420082864753691	1.88616235635402	1.199349920147	-0.317800225445056	0.449101755661322	-0.765594182467354	0.611306893561316	-0.751265756146026	0.460600207221172	1.02656524375289	-0.428075368025376	-0.822906128695298	-0.195916251419052	-0.552428769790195	2.94958117810198	0.320052021681068	-0.206664255987375	-0.466699871215895	0.634130916795062	-0.149907947214405	-0.499749937468731	0.765972770870018	1
-0.45879666899427	-0.73829811669131	-0.503176178661015	-0.874645010937794	0.5664475876156	-0.317800225445056	0.449101755661322	0.140434435837207	-1.29307595242409	2.6771644439119	0.460600207221172	-0.704573447230058	-0.428075368025376	-0.822906128695298	-0.195916251419052	-0.552428769790195	-0.338692153115389	0.320052021681068	-0.206664255987375	-0.466699871215895	0.634130916795062	-0.149907947214405	1.99899974987492	-1.30422390715706	1
-0.45879666899427	-0.489517441629653	1.3433419081684	-0.202140652238507	1.83225225267839	0.509804528318111	0.449101755661322	-0.765594182467354	-1.29307595242409	-0.0479980228008109	-2.37386260644758	2.75770393473583	-0.428075368025376	1.21399022946138	-0.195916251419052	-0.552428769790195	-0.338692153115389	-3.1213675662874	-0.206664255987375	-0.466699871215895	0.634130916795062	-0.149907947214405	-0.499749937468731	0.765972770870018	1
0.336344871723703	-0.73829811669131	-0.503176178661015	-0.485300382217154	-0.699357077447193	-0.317800225445056	-0.963167916229627	-0.765594182467354	0.611306893561316	0.743178177212557	0.460600207221172	-0.704573447230058	-0.428075368025376	1.21399022946138	-0.195916251419052	-0.552428769790195	-0.338692153115389	0.320052021681068	-0.206664255987375	2.14056197915223	-1.57538447273477	-0.149907947214405	1.99899974987492	-1.30422390715706	1
0.336344871723703	-1.23585946681462	-0.503176178661015	-0.910039977185125	1.199349920147	-1.14540497920822	1.86137142755227	-0.765594182467354	-1.29307595242409	-0.751265756146026	0.460600207221172	-0.704573447230058	-0.428075368025376	-0.822906128695298	5.09911757071751	1.80837793871491	-0.338692153115389	0.320052021681068	-0.206664255987375	-0.466699871215895	0.634130916795062	6.66408965344035	-0.499749937468731	-1.30422390715706	1
-0.45879666899427	1.25194728380194	-0.503176178661015	0.541153638955442	-0.699357077447193	-1.14540497920822	-0.963167916229627	-1.67162280077191	1.56349831655402	-0.487540356141571	0.460600207221172	-0.704573447230058	-0.428075368025376	1.21399022946138	-0.195916251419052	-0.552428769790195	-0.338692153115389	0.320052021681068	-0.206664255987375	-0.466699871215895	0.634130916795062	-0.149907947214405	-0.499749937468731	-1.30422390715706	1
-1.25393820971224	0.505605258616974	-0.503176178661015	0.0456241114928096	-0.699357077447193	-0.317800225445056	0.449101755661322	-0.765594182467354	0.611306893561316	-0.751265756146026	0.460600207221172	-0.704573447230058	-0.428075368025376	-0.822906128695298	-0.195916251419052	-0.552428769790195	-0.338692153115389	0.320052021681068	-0.206664255987375	-0.466699871215895	0.634130916795062	-0.149907947214405	-0.499749937468731	-1.30422390715706	1
-1.25393820971224	-0.240736766567997	-0.503176178661015	-0.272930584733169	-0.699357077447193	-0.317800225445056	0.449101755661322	-0.765594182467354	0.611306893561316	-1.19080808948679	0.460600207221172	-0.704573447230058	-0.428075368025376	-0.822906128695298	-0.195916251419052	-0.552428769790195	-0.338692153115389	0.320052021681068	-0.206664255987375	-0.466699871215895	0.634130916795062	-0.149907947214405	-0.499749937468731	0.765972770870018	1
1.13148641244168	0.00804390849366035	1.3433419081684	-0.34372051722783	-0.699357077447193	-1.14540497920822	-0.963167916229627	1.04646305414177	-0.340884529431388	-1.10289962281863	0.460600207221172	-0.704573447230058	-0.428075368025376	1.21399022946138	-0.195916251419052	-0.552428769790195	-0.338692153115389	0.320052021681068	-0.206664255987375	-0.466699871215895	0.634130916795062	-0.149907947214405	-0.499749937468731	0.765972770870018	1
-0.45879666899427	2.24706998404857	-1.42643522207572	0.116414043987471	-0.0664547449157966	0.509804528318111	0.449101755661322	-0.765594182467354	0.611306893561316	-0.487540356141571	0.460600207221172	-0.704573447230058	-0.428075368025376	-0.822906128695298	-0.195916251419052	-0.552428769790195	-0.338692153115389	0.320052021681068	-0.206664255987375	-0.466699871215895	0.634130916795062	-0.149907947214405	-0.499749937468731	0.765972770870018	1
-1.25393820971224	-1.23585946681462	1.3433419081684	-0.839250044690463	-0.699357077447193	1.33740928208128	-0.963167916229627	1.04646305414177	1.56349831655402	0.303635843871797	0.460600207221172	1.02656524375289	-0.428075368025376	1.21399022946138	-0.195916251419052	1.80837793871491	-0.338692153115389	0.320052021681068	-0.206664255987375	-0.466699871215895	0.634130916795062	-0.149907947214405	-0.499749937468731	0.765972770870018	1
1.13148641244168	-0.73829811669131	1.3433419081684	-0.910039977185125	-0.0664547449157966	0.509804528318111	-0.963167916229627	0.140434435837207	0.611306893561316	1.35853744388962	0.460600207221172	1.02656524375289	-0.428075368025376	1.21399022946138	-0.195916251419052	1.80837793871491	-0.338692153115389	0.320052021681068	-0.206664255987375	-0.466699871215895	0.634130916795062	-0.149907947214405	-0.499749937468731	0.765972770870018	1
-1.25393820971224	1.25194728380194	1.3433419081684	0.753523436439428	-0.699357077447193	-0.317800225445056	0.449101755661322	-0.765594182467354	-0.340884529431388	-0.663357289477875	0.460600207221172	1.02656524375289	-0.428075368025376	-0.822906128695298	-0.195916251419052	-0.552428769790195	-0.338692153115389	-3.1213675662874	-0.206664255987375	-0.466699871215895	0.634130916795062	-0.149907947214405	-0.499749937468731	0.765972770870018	1
1.13148641244168	-0.240736766567997	1.3433419081684	-0.591485280959147	1.199349920147	1.33740928208128	0.449101755661322	1.04646305414177	0.611306893561316	0.918995110548861	0.460600207221172	1.02656524375289	-0.428075368025376	-0.822906128695298	-0.195916251419052	-0.552428769790195	-0.338692153115389	0.320052021681068	-0.206664255987375	-0.466699871215895	0.634130916795062	-0.149907947214405	-0.499749937468731	0.765972770870018	1
1.13148641244168	-1.23585946681462	-0.503176178661015	-0.697670179701139	-0.0664547449157966	1.33740928208128	0.449101755661322	1.04646305414177	1.56349831655402	0.567361243876253	-2.37386260644758	-0.704573447230058	2.33370119988027	1.21399022946138	-0.195916251419052	-0.552428769790195	-0.338692153115389	0.320052021681068	-0.206664255987375	-0.466699871215895	-1.57538447273477	-0.149907947214405	-0.499749937468731	0.765972770870018	1
1.13148641244168	-0.904151900065748	-0.503176178661015	-0.485300382217154	-0.699357077447193	-0.317800225445056	0.449101755661322	1.04646305414177	-0.340884529431388	0.215727377203645	0.460600207221172	-0.704573447230058	-0.428075368025376	1.21399022946138	5.09911757071751	-0.552428769790195	-0.338692153115389	0.320052021681068	-0.206664255987375	-0.466699871215895	0.634130916795062	-0.149907947214405	-0.499749937468731	0.765972770870018	1
0.336344871723703	1.25194728380194	-0.503176178661015	0.895103301428751	-0.699357077447193	-0.317800225445056	0.449101755661322	-1.67162280077191	0.611306893561316	-1.01499115615048	0.460600207221172	-0.704573447230058	-0.428075368025376	-0.822906128695298	-0.195916251419052	-0.552428769790195	-0.338692153115389	0.320052021681068	-0.206664255987375	-0.466699871215895	0.634130916795062	-0.149907947214405	-0.499749937468731	0.765972770870018	1
-0.45879666899427	0.256824583555317	1.3433419081684	1.60300262637537	1.199349920147	1.33740928208128	-0.963167916229627	1.04646305414177	1.56349831655402	-0.575448822809723	0.460600207221172	-0.704573447230058	-0.428075368025376	-0.822906128695298	-0.195916251419052	-0.552428769790195	2.94958117810198	0.320052021681068	-0.206664255987375	2.14056197915223	-1.57538447273477	-0.149907947214405	-0.499749937468731	0.765972770870018	1
-0.45879666899427	0.256824583555317	0.420082864753691	1.31984289639672	-0.0664547449157966	0.509804528318111	0.449101755661322	1.04646305414177	0.611306893561316	0.039910443867341	0.460600207221172	-0.704573447230058	-0.428075368025376	1.21399022946138	-0.195916251419052	-0.552428769790195	-0.338692153115389	0.320052021681068	-0.206664255987375	2.14056197915223	-1.57538447273477	-0.149907947214405	-0.499749937468731	-1.30422390715706	1
-1.25393820971224	-0.73829811669131	-0.503176178661015	-0.697670179701139	-0.699357077447193	-0.317800225445056	-0.963167916229627	1.04646305414177	0.611306893561316	-1.36662502282309	0.460600207221172	-0.704573447230058	-0.428075368025376	-0.822906128695298	-0.195916251419052	-0.552428769790195	-0.338692153115389	0.320052021681068	-0.206664255987375	2.14056197915223	-1.57538447273477	-0.149907947214405	-0.499749937468731	0.765972770870018	1
-1.25393820971224	-0.987078791752967	1.3433419081684	-0.697670179701139	-0.0664547449157966	1.33740928208128	0.449101755661322	1.04646305414177	-1.29307595242409	1.09481204388516	0.460600207221172	1.02656524375289	2.33370119988027	-0.822906128695298	5.09911757071751	-0.552428769790195	-0.338692153115389	-3.1213675662874	-0.206664255987375	-0.466699871215895	0.634130916795062	-0.149907947214405	-0.499749937468731	0.765972770870018	1
-1.25393820971224	-0.73829811669131	-1.42643522207572	-1.05161984217445	-0.699357077447193	1.33740928208128	1.86137142755227	-1.67162280077191	0.611306893561316	0.831086643880709	-2.37386260644758	-0.704573447230058	-0.428075368025376	-0.822906128695298	-0.195916251419052	-0.552428769790195	-0.338692153115389	0.320052021681068	-0.206664255987375	-0.466699871215895	0.634130916795062	-0.149907947214405	1.99899974987492	-1.30422390715706	1
-0.45879666899427	0.256824583555317	-0.503176178661015	0.0810190777401405	-0.0664547449157966	0.509804528318111	0.449101755661322	0.140434435837207	0.611306893561316	0.215727377203645	-2.37386260644758	1.02656524375289	-0.428075368025376	1.21399022946138	-0.195916251419052	1.80837793871491	-0.338692153115389	0.320052021681068	-0.206664255987375	-0.466699871215895	0.634130916795062	-0.149907947214405	-0.499749937468731	0.765972770870018	1
1.13148641244168	-1.23585946681462	1.3433419081684	-0.485300382217154	1.83225225267839	-0.317800225445056	0.449101755661322	-0.765594182467354	-1.29307595242409	-0.135906489468963	0.460600207221172	1.02656524375289	2.33370119988027	-0.822906128695298	-0.195916251419052	-0.552428769790195	-0.338692153115389	0.320052021681068	-0.206664255987375	-0.466699871215895	0.634130916795062	-0.149907947214405	1.99899974987492	-1.30422390715706	1
1.13148641244168	0.256824583555317	1.3433419081684	-0.131350719743845	-0.0664547449157966	1.33740928208128	0.449101755661322	1.04646305414177	-1.29307595242409	0.039910443867341	0.460600207221172	-0.704573447230058	2.33370119988027	1.21399022946138	-0.195916251419052	-0.552428769790195	-0.338692153115389	0.320052021681068	-0.206664255987375	-0.466699871215895	0.634130916795062	-0.149907947214405	-0.499749937468731	0.765972770870018	1
1.13148641244168	-0.240736766567997	1.3433419081684	-0.768460112195801	-0.699357077447193	-1.14540497920822	-0.963167916229627	-1.67162280077191	-0.340884529431388	-0.487540356141571	0.460600207221172	1.02656524375289	-0.428075368025376	-0.822906128695298	-0.195916251419052	1.80837793871491	-0.338692153115389	0.320052021681068	-0.206664255987375	-0.466699871215895	0.634130916795062	-0.149907947214405	-0.499749937468731	0.765972770870018	1
1.13148641244168	-0.489517441629653	-0.503176178661015	-0.697670179701139	0.5664475876156	0.509804528318111	0.449101755661322	0.140434435837207	-0.340884529431388	0.039910443867341	0.460600207221172	1.02656524375289	-0.428075368025376	1.21399022946138	-0.195916251419052	-0.552428769790195	-0.338692153115389	0.320052021681068	-0.206664255987375	-0.466699871215895	0.634130916795062	-0.149907947214405	-0.499749937468731	0.765972770870018	1
-0.45879666899427	-0.904151900065748	-0.503176178661015	1.42602779513872	-0.699357077447193	-1.97300973297139	0.449101755661322	1.04646305414177	1.56349831655402	3.02879831058451	-2.37386260644758	-0.704573447230058	-0.428075368025376	1.21399022946138	-0.195916251419052	1.80837793871491	-0.338692153115389	0.320052021681068	-0.206664255987375	-0.466699871215895	-1.57538447273477	-0.149907947214405	-0.499749937468731	-1.30422390715706	1
1.13148641244168	1.25194728380194	-0.503176178661015	-0.839250044690463	0.5664475876156	1.33740928208128	0.449101755661322	1.04646305414177	-0.340884529431388	0.039910443867341	0.460600207221172	-0.704573447230058	-0.428075368025376	-0.822906128695298	-0.195916251419052	1.80837793871491	-0.338692153115389	0.320052021681068	-0.206664255987375	-0.466699871215895	0.634130916795062	-0.149907947214405	-0.499749937468731	0.765972770870018	1
1.13148641244168	-1.23585946681462	-0.503176178661015	-0.095955753496514	0.5664475876156	-0.317800225445056	0.449101755661322	-0.765594182467354	0.611306893561316	-0.311723422805267	0.460600207221172	-0.704573447230058	-0.428075368025376	1.21399022946138	-0.195916251419052	-0.552428769790195	-0.338692153115389	0.320052021681068	-0.206664255987375	-0.466699871215895	0.634130916795062	-0.149907947214405	-0.499749937468731	0.765972770870018	1
-1.25393820971224	-0.240736766567997	-0.503176178661015	-0.768460112195801	-0.699357077447193	-1.97300973297139	-0.963167916229627	-0.765594182467354	0.611306893561316	-0.223814956137115	0.460600207221172	-0.704573447230058	-0.428075368025376	-0.822906128695298	-0.195916251419052	-0.552428769790195	-0.338692153115389	0.320052021681068	-0.206664255987375	-0.466699871215895	0.634130916795062	-0.149907947214405	-0.499749937468731	0.765972770870018	1
-0.45879666899427	-0.821225008378529	-0.503176178661015	-0.591485280959147	1.199349920147	-1.14540497920822	-0.963167916229627	-1.67162280077191	-1.29307595242409	-1.36662502282309	0.460600207221172	-0.704573447230058	-0.428075368025376	-0.822906128695298	-0.195916251419052	-0.552428769790195	-0.338692153115389	0.320052021681068	-0.206664255987375	-0.466699871215895	0.634130916795062	-0.149907947214405	-0.499749937468731	0.765972770870018	1
1.13148641244168	0.256824583555317	-0.503176178661015	0.257993908976795	-0.699357077447193	0.509804528318111	-0.963167916229627	1.04646305414177	-0.340884529431388	-0.92708268948233	0.460600207221172	-0.704573447230058	-0.428075368025376	1.21399022946138	-0.195916251419052	-0.552428769790195	-0.338692153115389	0.320052021681068	-0.206664255987375	2.14056197915223	-1.57538447273477	-0.149907947214405	-0.499749937468731	0.765972770870018	1
-0.45879666899427	0.256824583555317	1.3433419081684	-0.485300382217154	-0.699357077447193	1.33740928208128	-2.37543758812058	1.04646305414177	-1.29307595242409	-0.399631889473419	0.460600207221172	1.02656524375289	-0.428075368025376	1.21399022946138	-0.195916251419052	-0.552428769790195	-0.338692153115389	0.320052021681068	-0.206664255987375	-0.466699871215895	0.634130916795062	-0.149907947214405	-0.499749937468731	0.765972770870018	1
-1.25393820971224	-0.489517441629653	-2.34969426549043	-0.803855078443132	-0.699357077447193	1.33740928208128	0.449101755661322	0.140434435837207	0.611306893561316	-0.223814956137115	0.460600207221172	1.02656524375289	2.33370119988027	-0.822906128695298	-0.195916251419052	1.80837793871491	-0.338692153115389	0.320052021681068	-0.206664255987375	2.14056197915223	-1.57538447273477	-0.149907947214405	-0.499749937468731	0.765972770870018	1
1.13148641244168	-0.73829811669131	-0.503176178661015	-0.874645010937794	-0.699357077447193	-0.317800225445056	-0.963167916229627	-1.67162280077191	-1.29307595242409	-0.839174222814178	0.460600207221172	-0.704573447230058	-0.428075368025376	1.21399022946138	-0.195916251419052	-0.552428769790195	-0.338692153115389	0.320052021681068	-0.206664255987375	-0.466699871215895	0.634130916795062	-0.149907947214405	-0.499749937468731	0.765972770870018	1
-0.45879666899427	0.256824583555317	0.420082864753691	-0.414510449722492	-0.699357077447193	-1.97300973297139	-0.963167916229627	-0.765594182467354	-0.340884529431388	-0.135906489468963	0.460600207221172	-0.704573447230058	-0.428075368025376	1.21399022946138	-0.195916251419052	-0.552428769790195	-0.338692153115389	0.320052021681068	-0.206664255987375	-0.466699871215895	0.634130916795062	-0.149907947214405	-0.499749937468731	-1.30422390715706	1
-0.45879666899427	-1.07000568344019	-0.503176178661015	-0.662275213453809	-0.699357077447193	-0.317800225445056	0.449101755661322	-0.765594182467354	-1.29307595242409	-0.223814956137115	0.460600207221172	-0.704573447230058	-0.428075368025376	-0.822906128695298	5.09911757071751	-0.552428769790195	-0.338692153115389	-3.1213675662874	-0.206664255987375	-0.466699871215895	0.634130916795062	-0.149907947214405	-0.499749937468731	0.765972770870018	1
-1.25393820971224	0.00804390849366035	0.420082864753691	0.0456241114928096	-0.699357077447193	-1.14540497920822	0.449101755661322	-1.67162280077191	-0.340884529431388	-0.839174222814178	0.460600207221172	1.02656524375289	-0.428075368025376	-0.822906128695298	-0.195916251419052	-0.552428769790195	-0.338692153115389	0.320052021681068	-0.206664255987375	-0.466699871215895	0.634130916795062	-0.149907947214405	-0.499749937468731	0.765972770870018	1
1.13148641244168	0.754385933678631	-1.42643522207572	1.49681772763338	1.83225225267839	-1.97300973297139	-0.963167916229627	-1.67162280077191	-1.29307595242409	1.53435437722592	-2.37386260644758	-0.704573447230058	-0.428075368025376	1.21399022946138	-0.195916251419052	-0.552428769790195	2.94958117810198	0.320052021681068	-0.206664255987375	-0.466699871215895	0.634130916795062	-0.149907947214405	-0.499749937468731	-1.30422390715706	1
-1.25393820971224	-0.73829811669131	-0.503176178661015	-0.237535618485838	-0.699357077447193	-0.317800225445056	-2.37543758812058	-1.67162280077191	0.611306893561316	0.567361243876253	0.460600207221172	-0.704573447230058	-0.428075368025376	-0.822906128695298	-0.195916251419052	-0.552428769790195	-0.338692153115389	0.320052021681068	-0.206664255987375	-0.466699871215895	0.634130916795062	-0.149907947214405	-0.499749937468731	0.765972770870018	1
-1.25393820971224	-1.23585946681462	1.3433419081684	-1.05161984217445	0.5664475876156	1.33740928208128	0.449101755661322	1.04646305414177	0.611306893561316	1.44644591055777	0.460600207221172	1.02656524375289	-0.428075368025376	-0.822906128695298	-0.195916251419052	-0.552428769790195	-0.338692153115389	0.320052021681068	-0.206664255987375	-0.466699871215895	0.634130916795062	-0.149907947214405	-0.499749937468731	0.765972770870018	1
1.13148641244168	-0.73829811669131	-0.503176178661015	-0.449905415969823	-0.699357077447193	0.509804528318111	0.449101755661322	-0.765594182467354	0.611306893561316	-0.399631889473419	0.460600207221172	1.02656524375289	2.33370119988027	1.21399022946138	-0.195916251419052	-0.552428769790195	-0.338692153115389	0.320052021681068	-0.206664255987375	2.14056197915223	-1.57538447273477	-0.149907947214405	-0.499749937468731	-1.30422390715706	1
-1.25393820971224	0.00804390849366035	1.3433419081684	-0.945434943432456	-0.699357077447193	1.33740928208128	0.449101755661322	1.04646305414177	-1.29307595242409	2.58925597724375	0.460600207221172	1.02656524375289	-0.428075368025376	-0.822906128695298	-0.195916251419052	1.80837793871491	-0.338692153115389	0.320052021681068	-0.206664255987375	-0.466699871215895	0.634130916795062	-0.149907947214405	-0.499749937468731	0.765972770870018	1
1.13148641244168	1.25194728380194	0.420082864753691	2.24011201882733	-0.699357077447193	-1.14540497920822	-2.37543758812058	-1.67162280077191	0.611306893561316	-0.663357289477875	0.460600207221172	1.02656524375289	-0.428075368025376	-0.822906128695298	-0.195916251419052	-0.552428769790195	-0.338692153115389	0.320052021681068	-0.206664255987375	-0.466699871215895	0.634130916795062	-0.149907947214405	-0.499749937468731	0.765972770870018	1
-0.45879666899427	1.25194728380194	0.420082864753691	0.43496874021345	-0.699357077447193	-0.317800225445056	-2.37543758812058	-0.765594182467354	-1.29307595242409	-0.487540356141571	-0.956631199613203	1.02656524375289	-0.428075368025376	1.21399022946138	-0.195916251419052	-0.552428769790195	-0.338692153115389	0.320052021681068	-0.206664255987375	-0.466699871215895	0.634130916795062	-0.149907947214405	-0.499749937468731	-1.30422390715706	1
-1.25393820971224	0.00804390849366035	-1.42643522207572	-0.591485280959147	1.83225225267839	-0.317800225445056	0.449101755661322	-0.765594182467354	-0.340884529431388	0.391544310539949	0.460600207221172	1.02656524375289	2.33370119988027	-0.822906128695298	-0.195916251419052	1.80837793871491	-0.338692153115389	0.320052021681068	-0.206664255987375	-0.466699871215895	0.634130916795062	-0.149907947214405	1.99899974987492	-1.30422390715706	1
1.13148641244168	0.256824583555317	1.3433419081684	0.187203976482133	1.199349920147	-0.317800225445056	0.449101755661322	1.04646305414177	-1.29307595242409	1.27062897722147	0.460600207221172	-0.704573447230058	-0.428075368025376	1.21399022946138	-0.195916251419052	-0.552428769790195	-0.338692153115389	0.320052021681068	-0.206664255987375	-0.466699871215895	0.634130916795062	-0.149907947214405	-0.499749937468731	0.765972770870018	1
-0.45879666899427	-0.240736766567997	1.3433419081684	-0.839250044690463	-0.699357077447193	1.33740928208128	0.449101755661322	1.04646305414177	0.611306893561316	0.039910443867341	-2.37386260644758	-0.704573447230058	2.33370119988027	1.21399022946138	-0.195916251419052	1.80837793871491	-0.338692153115389	0.320052021681068	-0.206664255987375	-0.466699871215895	0.634130916795062	-0.149907947214405	-0.499749937468731	0.765972770870018	1
1.13148641244168	-0.489517441629653	1.3433419081684	-0.662275213453809	-0.699357077447193	-0.317800225445056	0.449101755661322	-0.765594182467354	-0.340884529431388	-0.399631889473419	0.460600207221172	1.02656524375289	-0.428075368025376	-0.822906128695298	-0.195916251419052	-0.552428769790195	-0.338692153115389	0.320052021681068	-0.206664255987375	-0.466699871215895	0.634130916795062	-0.149907947214405	-0.499749937468731	0.765972770870018	1
-0.45879666899427	-0.987078791752967	-1.42643522207572	0.647338537697435	-0.699357077447193	1.33740928208128	-0.963167916229627	1.04646305414177	1.56349831655402	3.38043217725712	-2.37386260644758	-0.704573447230058	2.33370119988027	1.21399022946138	-0.195916251419052	-0.552428769790195	2.94958117810198	0.320052021681068	-0.206664255987375	-0.466699871215895	-1.57538447273477	-0.149907947214405	-0.499749937468731	-1.30422390715706	1
-0.45879666899427	-0.406590549942434	1.3433419081684	-0.73306514594847	-0.699357077447193	-1.97300973297139	0.449101755661322	0.140434435837207	0.611306893561316	2.8529813772482	0.460600207221172	2.75770393473583	-0.428075368025376	1.21399022946138	-0.195916251419052	1.80837793871491	-0.338692153115389	0.320052021681068	-0.206664255987375	-0.466699871215895	-1.57538447273477	6.66408965344035	-0.499749937468731	-1.30422390715706	1
-1.25393820971224	-0.73829811669131	-0.503176178661015	-0.910039977185125	-0.0664547449157966	0.509804528318111	1.86137142755227	-1.67162280077191	-0.340884529431388	-1.36662502282309	0.460600207221172	-0.704573447230058	-0.428075368025376	-0.822906128695298	-0.195916251419052	-0.552428769790195	-0.338692153115389	0.320052021681068	-0.206664255987375	-0.466699871215895	0.634130916795062	-0.149907947214405	-0.499749937468731	0.765972770870018	1
-0.45879666899427	-0.240736766567997	-2.34969426549043	-0.0251658210018522	-0.699357077447193	-0.317800225445056	-0.963167916229627	1.04646305414177	0.611306893561316	-0.223814956137115	-2.37386260644758	1.02656524375289	-0.428075368025376	1.21399022946138	-0.195916251419052	-0.552428769790195	-0.338692153115389	0.320052021681068	-0.206664255987375	-0.466699871215895	0.634130916795062	-0.149907947214405	-0.499749937468731	0.765972770870018	1
1.13148641244168	0.256824583555317	-0.503176178661015	0.47036370646078	1.199349920147	-0.317800225445056	0.449101755661322	0.140434435837207	-0.340884529431388	1.62226284389408	0.460600207221172	2.75770393473583	-0.428075368025376	1.21399022946138	-0.195916251419052	-0.552428769790195	-0.338692153115389	0.320052021681068	-0.206664255987375	-0.466699871215895	0.634130916795062	-0.149907947214405	-0.499749937468731	-1.30422390715706	1
-0.45879666899427	2.24706998404857	-2.34969426549043	0.187203976482133	-0.0664547449157966	0.509804528318111	0.449101755661322	1.04646305414177	1.56349831655402	-0.135906489468963	0.460600207221172	-0.704573447230058	2.33370119988027	-0.822906128695298	-0.195916251419052	-0.552428769790195	-0.338692153115389	0.320052021681068	-0.206664255987375	-0.466699871215895	-1.57538447273477	-0.149907947214405	1.99899974987492	-1.30422390715706	1
-0.45879666899427	0.505605258616974	-0.503176178661015	0.222598942729464	-0.699357077447193	-0.317800225445056	0.449101755661322	-0.765594182467354	0.611306893561316	0.039910443867341	0.460600207221172	-0.704573447230058	2.33370119988027	1.21399022946138	-0.195916251419052	-0.552428769790195	-0.338692153115389	0.320052021681068	-0.206664255987375	-0.466699871215895	0.634130916795062	-0.149907947214405	-0.499749937468731	0.765972770870018	1
1.13148641244168	-1.23585946681462	-0.503176178661015	-0.414510449722492	-0.699357077447193	0.509804528318111	1.86137142755227	-0.765594182467354	-1.29307595242409	-0.575448822809723	0.460600207221172	-0.704573447230058	-0.428075368025376	-0.822906128695298	-0.195916251419052	-0.552428769790195	-0.338692153115389	0.320052021681068	-0.206664255987375	2.14056197915223	-1.57538447273477	-0.149907947214405	-0.499749937468731	0.765972770870018	1
-0.45879666899427	1.99828930898692	-0.503176178661015	-0.095955753496514	-0.0664547449157966	-0.317800225445056	0.449101755661322	1.04646305414177	-0.340884529431388	-1.27871655615494	0.460600207221172	-0.704573447230058	-0.428075368025376	-0.822906128695298	-0.195916251419052	-0.552428769790195	-0.338692153115389	-3.1213675662874	-0.206664255987375	2.14056197915223	-1.57538447273477	-0.149907947214405	-0.499749937468731	0.765972770870018	1
-0.45879666899427	-0.987078791752967	1.3433419081684	-0.626880247206478	-0.699357077447193	1.33740928208128	-0.963167916229627	0.140434435837207	0.611306893561316	-0.135906489468963	0.460600207221172	1.02656524375289	-0.428075368025376	1.21399022946138	-0.195916251419052	-0.552428769790195	-0.338692153115389	0.320052021681068	-0.206664255987375	-0.466699871215895	0.634130916795062	-0.149907947214405	-0.499749937468731	-1.30422390715706	1
1.13148641244168	-1.23585946681462	1.3433419081684	-0.662275213453809	-0.699357077447193	-0.317800225445056	-0.963167916229627	-1.67162280077191	0.611306893561316	-0.663357289477875	0.460600207221172	1.02656524375289	-0.428075368025376	1.21399022946138	-0.195916251419052	-0.552428769790195	-0.338692153115389	0.320052021681068	-0.206664255987375	-0.466699871215895	0.634130916795062	-0.149907947214405	-0.499749937468731	0.765972770870018	1
-0.45879666899427	-0.73829811669131	-0.503176178661015	-0.803855078443132	-0.0664547449157966	-1.14540497920822	-0.963167916229627	1.04646305414177	0.611306893561316	-0.751265756146026	-2.37386260644758	4.48884262571877	-0.428075368025376	-0.822906128695298	-0.195916251419052	-0.552428769790195	-0.338692153115389	0.320052021681068	-0.206664255987375	2.14056197915223	-1.57538447273477	-0.149907947214405	-0.499749937468731	0.765972770870018	1
-0.45879666899427	0.256824583555317	-0.503176178661015	-0.166745685991176	1.83225225267839	1.33740928208128	0.449101755661322	1.04646305414177	1.56349831655402	0.039910443867341	-2.37386260644758	-0.704573447230058	-0.428075368025376	1.21399022946138	-0.195916251419052	-0.552428769790195	2.94958117810198	0.320052021681068	-0.206664255987375	-0.466699871215895	-1.57538447273477	-0.149907947214405	-0.499749937468731	0.765972770870018	1
-0.45879666899427	-0.240736766567997	0.420082864753691	0.364178807718788	-0.699357077447193	1.33740928208128	-2.37543758812058	0.140434435837207	1.56349831655402	0.391544310539949	0.460600207221172	-0.704573447230058	-0.428075368025376	1.21399022946138	-0.195916251419052	-0.552428769790195	-0.338692153115389	0.320052021681068	-0.206664255987375	-0.466699871215895	0.634130916795062	-0.149907947214405	-0.499749937468731	-1.30422390715706	1
1.13148641244168	-0.987078791752967	1.3433419081684	-0.839250044690463	0.5664475876156	1.33740928208128	0.449101755661322	-0.765594182467354	0.611306893561316	1.44644591055777	0.460600207221172	1.02656524375289	-0.428075368025376	1.21399022946138	-0.195916251419052	-0.552428769790195	-0.338692153115389	0.320052021681068	-0.206664255987375	-0.466699871215895	0.634130916795062	-0.149907947214405	-0.499749937468731	0.765972770870018	1
-1.25393820971224	-0.73829811669131	-0.503176178661015	-0.73306514594847	-0.699357077447193	-0.317800225445056	1.86137142755227	0.140434435837207	-1.29307595242409	-0.751265756146026	0.460600207221172	-0.704573447230058	-0.428075368025376	-0.822906128695298	-0.195916251419052	1.80837793871491	-0.338692153115389	0.320052021681068	-0.206664255987375	-0.466699871215895	0.634130916795062	-0.149907947214405	1.99899974987492	-1.30422390715706	1
1.13148641244168	0.505605258616974	0.420082864753691	0.647338537697435	-0.699357077447193	0.509804528318111	0.449101755661322	1.04646305414177	0.611306893561316	-0.839174222814178	0.460600207221172	1.02656524375289	-0.428075368025376	-0.822906128695298	-0.195916251419052	-0.552428769790195	-0.338692153115389	0.320052021681068	-0.206664255987375	-0.466699871215895	0.634130916795062	-0.149907947214405	-0.499749937468731	0.765972770870018	1
-1.25393820971224	-0.73829811669131	-0.503176178661015	-0.839250044690463	-0.699357077447193	0.509804528318111	1.86137142755227	1.04646305414177	-0.340884529431388	-1.27871655615494	0.460600207221172	-0.704573447230058	-0.428075368025376	-0.822906128695298	-0.195916251419052	-0.552428769790195	-0.338692153115389	0.320052021681068	-0.206664255987375	2.14056197915223	-1.57538447273477	-0.149907947214405	-0.499749937468731	0.765972770870018	1
1.13148641244168	-0.73829811669131	1.3433419081684	-0.626880247206478	-0.699357077447193	1.33740928208128	0.449101755661322	-1.67162280077191	-1.29307595242409	0.215727377203645	0.460600207221172	1.02656524375289	2.33370119988027	-0.822906128695298	-0.195916251419052	1.80837793871491	-0.338692153115389	0.320052021681068	-0.206664255987375	-0.466699871215895	0.634130916795062	-0.149907947214405	1.99899974987492	-1.30422390715706	1
-1.25393820971224	0.754385933678631	1.3433419081684	2.59406168130063	-0.699357077447193	1.33740928208128	0.449101755661322	1.04646305414177	1.56349831655402	0.215727377203645	0.460600207221172	2.75770393473583	2.33370119988027	1.21399022946138	-0.195916251419052	-0.552428769790195	2.94958117810198	0.320052021681068	-0.206664255987375	-0.466699871215895	-1.57538447273477	-0.149907947214405	-0.499749937468731	-1.30422390715706	1
1.13148641244168	-0.73829811669131	1.3433419081684	-0.485300382217154	-0.699357077447193	1.33740928208128	0.449101755661322	1.04646305414177	-1.29307595242409	0.655269710544405	0.460600207221172	2.75770393473583	-0.428075368025376	1.21399022946138	-0.195916251419052	-0.552428769790195	-0.338692153115389	0.320052021681068	-0.206664255987375	-0.466699871215895	0.634130916795062	-0.149907947214405	-0.499749937468731	0.765972770870018	1
-0.45879666899427	-0.73829811669131	1.3433419081684	-0.662275213453809	-0.699357077447193	0.509804528318111	0.449101755661322	0.140434435837207	-0.340884529431388	-0.839174222814178	0.460600207221172	-0.704573447230058	-0.428075368025376	-0.822906128695298	-0.195916251419052	-0.552428769790195	-0.338692153115389	0.320052021681068	-0.206664255987375	-0.466699871215895	0.634130916795062	-0.149907947214405	-0.499749937468731	0.765972770870018	1
-1.25393820971224	0.256824583555317	-0.503176178661015	1.1782630314074	-0.699357077447193	-0.317800225445056	1.86137142755227	-0.765594182467354	0.611306893561316	-1.27871655615494	-0.956631199613203	-0.704573447230058	-0.428075368025376	-0.822906128695298	-0.195916251419052	-0.552428769790195	-0.338692153115389	0.320052021681068	-0.206664255987375	-0.466699871215895	0.634130916795062	-0.149907947214405	1.99899974987492	-1.30422390715706	1
1.13148641244168	-0.73829811669131	-0.503176178661015	-0.662275213453809	1.199349920147	0.509804528318111	0.449101755661322	-0.765594182467354	-0.340884529431388	1.71017131056223	0.460600207221172	-0.704573447230058	-0.428075368025376	-0.822906128695298	5.09911757071751	-0.552428769790195	2.94958117810198	0.320052021681068	-0.206664255987375	-0.466699871215895	0.634130916795062	-0.149907947214405	-0.499749937468731	0.765972770870018	1
1.13148641244168	-0.987078791752967	1.3433419081684	-0.0605607872491831	1.83225225267839	-0.317800225445056	0.449101755661322	-0.765594182467354	-1.29307595242409	-0.223814956137115	0.460600207221172	1.02656524375289	2.33370119988027	-0.822906128695298	-0.195916251419052	-0.552428769790195	-0.338692153115389	0.320052021681068	-0.206664255987375	-0.466699871215895	0.634130916795062	-0.149907947214405	-0.499749937468731	0.765972770870018	1
1.13148641244168	1.25194728380194	-0.503176178661015	0.187203976482133	1.83225225267839	1.33740928208128	-0.963167916229627	1.04646305414177	-1.29307595242409	0.831086643880709	0.460600207221172	-0.704573447230058	-0.428075368025376	1.21399022946138	-0.195916251419052	-0.552428769790195	-0.338692153115389	0.320052021681068	-0.206664255987375	-0.466699871215895	0.634130916795062	-0.149907947214405	1.99899974987492	-1.30422390715706	1
-1.25393820971224	0.505605258616974	-2.34969426549043	0.718128470192097	-0.699357077447193	-1.97300973297139	0.449101755661322	1.04646305414177	-0.340884529431388	1.27062897722147	-0.956631199613203	1.02656524375289	-0.428075368025376	1.21399022946138	-0.195916251419052	-0.552428769790195	-0.338692153115389	0.320052021681068	-0.206664255987375	-0.466699871215895	0.634130916795062	-0.149907947214405	-0.499749937468731	0.765972770870018	1
0.336344871723703	0.754385933678631	0.420082864753691	-0.485300382217154	-0.699357077447193	1.33740928208128	0.449101755661322	1.04646305414177	-1.29307595242409	2.6771644439119	0.460600207221172	-0.704573447230058	-0.428075368025376	1.21399022946138	-0.195916251419052	-0.552428769790195	-0.338692153115389	0.320052021681068	-0.206664255987375	-0.466699871215895	0.634130916795062	-0.149907947214405	-0.499749937468731	-1.30422390715706	1
1.13148641244168	1.25194728380194	1.3433419081684	0.0102291452454787	1.83225225267839	1.33740928208128	0.449101755661322	-0.765594182467354	0.611306893561316	1.35853744388962	0.460600207221172	-0.704573447230058	-0.428075368025376	1.21399022946138	-0.195916251419052	-0.552428769790195	-0.338692153115389	0.320052021681068	-0.206664255987375	-0.466699871215895	0.634130916795062	-0.149907947214405	-0.499749937468731	0.765972770870018	1
-0.45879666899427	-1.23585946681462	1.3433419081684	-0.839250044690463	1.83225225267839	0.509804528318111	-0.963167916229627	0.140434435837207	-0.340884529431388	0.303635843871797	0.460600207221172	1.02656524375289	-0.428075368025376	-0.822906128695298	-0.195916251419052	-0.552428769790195	-0.338692153115389	0.320052021681068	-0.206664255987375	-0.466699871215895	0.634130916795062	-0.149907947214405	1.99899974987492	-1.30422390715706	1
-1.25393820971224	-0.240736766567997	-2.34969426549043	-0.0605607872491831	-0.699357077447193	0.509804528318111	0.449101755661322	-1.67162280077191	-0.340884529431388	-0.399631889473419	-2.37386260644758	-0.704573447230058	-0.428075368025376	1.21399022946138	-0.195916251419052	-0.552428769790195	-0.338692153115389	0.320052021681068	-0.206664255987375	-0.466699871215895	0.634130916795062	-0.149907947214405	-0.499749937468731	0.765972770870018	1
0.336344871723703	1.25194728380194	-0.503176178661015	0.222598942729464	-0.699357077447193	-0.317800225445056	0.449101755661322	-0.765594182467354	-1.29307595242409	-1.10289962281863	0.460600207221172	-0.704573447230058	-0.428075368025376	1.21399022946138	-0.195916251419052	-0.552428769790195	-0.338692153115389	0.320052021681068	-0.206664255987375	-0.466699871215895	0.634130916795062	-0.149907947214405	-0.499749937468731	0.765972770870018	1
-1.25393820971224	0.256824583555317	-0.503176178661015	-0.095955753496514	-0.699357077447193	-0.317800225445056	-2.37543758812058	-0.765594182467354	-1.29307595242409	-1.01499115615048	0.460600207221172	-0.704573447230058	-0.428075368025376	-0.822906128695298	-0.195916251419052	-0.552428769790195	-0.338692153115389	0.320052021681068	-0.206664255987375	2.14056197915223	-1.57538447273477	-0.149907947214405	1.99899974987492	-1.30422390715706	1
1.13148641244168	-0.904151900065748	-0.503176178661015	-0.662275213453809	-0.699357077447193	-0.317800225445056	-0.963167916229627	1.04646305414177	0.611306893561316	2.5013475105756	0.460600207221172	-0.704573447230058	-0.428075368025376	1.21399022946138	-0.195916251419052	1.80837793871491	-0.338692153115389	0.320052021681068	-0.206664255987375	-0.466699871215895	0.634130916795062	-0.149907947214405	-0.499749937468731	0.765972770870018	1
-0.45879666899427	-0.73829811669131	-0.503176178661015	-0.945434943432456	-0.699357077447193	-1.14540497920822	1.86137142755227	-1.67162280077191	-1.29307595242409	-0.839174222814178	-2.37386260644758	-0.704573447230058	-0.428075368025376	-0.822906128695298	-0.195916251419052	-0.552428769790195	-0.338692153115389	-3.1213675662874	-0.206664255987375	-0.466699871215895	0.634130916795062	-0.149907947214405	1.99899974987492	-1.30422390715706	1
-1.25393820971224	-0.73829811669131	-0.503176178661015	-0.73306514594847	1.83225225267839	-0.317800225445056	-0.963167916229627	1.04646305414177	-0.340884529431388	-1.10289962281863	-2.37386260644758	-0.704573447230058	-0.428075368025376	1.21399022946138	-0.195916251419052	-0.552428769790195	-0.338692153115389	0.320052021681068	-0.206664255987375	2.14056197915223	-1.57538447273477	-0.149907947214405	-0.499749937468731	0.765972770870018	1
1.13148641244168	-0.73829811669131	-0.503176178661015	-0.910039977185125	-0.699357077447193	-0.317800225445056	0.449101755661322	-0.765594182467354	-1.29307595242409	-0.487540356141571	-2.37386260644758	1.02656524375289	-0.428075368025376	-0.822906128695298	-0.195916251419052	-0.552428769790195	-0.338692153115389	0.320052021681068	-0.206664255987375	-0.466699871215895	0.634130916795062	-0.149907947214405	-0.499749937468731	0.765972770870018	1
1.13148641244168	0.256824583555317	0.420082864753691	-0.095955753496514	1.83225225267839	-0.317800225445056	0.449101755661322	1.04646305414177	-1.29307595242409	-0.311723422805267	0.460600207221172	1.02656524375289	2.33370119988027	1.21399022946138	-0.195916251419052	-0.552428769790195	-0.338692153115389	0.320052021681068	-0.206664255987375	-0.466699871215895	0.634130916795062	-0.149907947214405	-0.499749937468731	0.765972770870018	1
1.13148641244168	-0.489517441629653	-0.503176178661015	0.505758672708111	-0.699357077447193	-0.317800225445056	0.449101755661322	-0.765594182467354	0.611306893561316	-0.487540356141571	0.460600207221172	-0.704573447230058	-0.428075368025376	1.21399022946138	-0.195916251419052	-0.552428769790195	2.94958117810198	0.320052021681068	-0.206664255987375	-0.466699871215895	0.634130916795062	-0.149907947214405	-0.499749937468731	0.765972770870018	1
1.13148641244168	1.25194728380194	-2.34969426549043	-0.237535618485838	-0.699357077447193	-0.317800225445056	0.449101755661322	-0.765594182467354	0.611306893561316	-0.751265756146026	0.460600207221172	1.02656524375289	-0.428075368025376	-0.822906128695298	-0.195916251419052	-0.552428769790195	-0.338692153115389	0.320052021681068	-0.206664255987375	-0.466699871215895	0.634130916795062	-0.149907947214405	-0.499749937468731	0.765972770870018	1
-0.45879666899427	2.24706998404857	-0.503176178661015	2.73564154628996	1.199349920147	0.509804528318111	0.449101755661322	-0.765594182467354	1.56349831655402	-0.751265756146026	-2.37386260644758	1.02656524375289	-0.428075368025376	1.21399022946138	-0.195916251419052	-0.552428769790195	-0.338692153115389	-3.1213675662874	4.83392735346079	-0.466699871215895	0.634130916795062	-0.149907947214405	-0.499749937468731	0.765972770870018	1
-1.25393820971224	-0.73829811669131	-0.503176178661015	1.6383975926227	-0.699357077447193	1.33740928208128	0.449101755661322	1.04646305414177	1.56349831655402	1.53435437722592	0.460600207221172	-0.704573447230058	-0.428075368025376	1.21399022946138	-0.195916251419052	-0.552428769790195	-0.338692153115389	0.320052021681068	-0.206664255987375	-0.466699871215895	-1.57538447273477	-0.149907947214405	-0.499749937468731	-1.30422390715706	1
1.13148641244168	-0.987078791752967	-0.503176178661015	-0.626880247206478	-0.699357077447193	0.509804528318111	0.449101755661322	-0.765594182467354	0.611306893561316	-1.19080808948679	0.460600207221172	-0.704573447230058	-0.428075368025376	-0.822906128695298	-0.195916251419052	-0.552428769790195	-0.338692153115389	0.320052021681068	-0.206664255987375	-0.466699871215895	0.634130916795062	-0.149907947214405	-0.499749937468731	0.765972770870018	1
-1.25393820971224	0.256824583555317	-0.503176178661015	-0.0605607872491831	-0.699357077447193	-1.14540497920822	0.449101755661322	-1.67162280077191	1.56349831655402	-1.19080808948679	-2.37386260644758	-0.704573447230058	-0.428075368025376	-0.822906128695298	-0.195916251419052	-0.552428769790195	-0.338692153115389	0.320052021681068	-0.206664255987375	-0.466699871215895	-1.57538447273477	-0.149907947214405	-0.499749937468731	0.765972770870018	1
0.336344871723703	1.25194728380194	-0.503176178661015	0.328783841471457	-0.699357077447193	-0.317800225445056	0.449101755661322	-0.765594182467354	0.611306893561316	-0.839174222814178	0.460600207221172	-0.704573447230058	-0.428075368025376	-0.822906128695298	-0.195916251419052	-0.552428769790195	-0.338692153115389	0.320052021681068	-0.206664255987375	-0.466699871215895	0.634130916795062	-0.149907947214405	-0.499749937468731	0.765972770870018	1
1.13148641244168	-0.987078791752967	-0.503176178661015	-0.272930584733169	0.5664475876156	1.33740928208128	0.449101755661322	1.04646305414177	1.56349831655402	1.35853744388962	0.460600207221172	-0.704573447230058	-0.428075368025376	-0.822906128695298	-0.195916251419052	1.80837793871491	-0.338692153115389	0.320052021681068	-0.206664255987375	-0.466699871215895	-1.57538447273477	-0.149907947214405	1.99899974987492	-1.30422390715706	1
1.13148641244168	-0.73829811669131	-0.503176178661015	-0.414510449722492	-0.0664547449157966	0.509804528318111	0.449101755661322	-1.67162280077191	1.56349831655402	-0.0479980228008109	0.460600207221172	-0.704573447230058	-0.428075368025376	-0.822906128695298	-0.195916251419052	-0.552428769790195	-0.338692153115389	0.320052021681068	-0.206664255987375	-0.466699871215895	0.634130916795062	-0.149907947214405	-0.499749937468731	0.765972770870018	1
-0.45879666899427	-0.240736766567997	-0.503176178661015	-0.839250044690463	-0.699357077447193	-0.317800225445056	1.86137142755227	-0.765594182467354	-1.29307595242409	-0.92708268948233	0.460600207221172	-0.704573447230058	-0.428075368025376	-0.822906128695298	-0.195916251419052	-0.552428769790195	-0.338692153115389	-3.1213675662874	-0.206664255987375	-0.466699871215895	0.634130916795062	-0.149907947214405	1.99899974987492	-1.30422390715706	1
1.13148641244168	-1.40171325018906	1.3433419081684	-0.626880247206478	-0.699357077447193	0.509804528318111	0.449101755661322	-1.67162280077191	-1.29307595242409	0.567361243876253	0.460600207221172	2.75770393473583	2.33370119988027	-0.822906128695298	-0.195916251419052	-0.552428769790195	-0.338692153115389	0.320052021681068	-0.206664255987375	-0.466699871215895	0.634130916795062	-0.149907947214405	1.99899974987492	-1.30422390715706	1
-1.25393820971224	0.256824583555317	-0.503176178661015	-0.520695348464485	-0.699357077447193	-1.97300973297139	0.449101755661322	-0.765594182467354	0.611306893561316	-0.487540356141571	-0.956631199613203	-0.704573447230058	2.33370119988027	-0.822906128695298	-0.195916251419052	-0.552428769790195	-0.338692153115389	0.320052021681068	-0.206664255987375	-0.466699871215895	0.634130916795062	-0.149907947214405	-0.499749937468731	-1.30422390715706	1
-0.45879666899427	-1.23585946681462	-0.503176178661015	4.00986033119387	1.83225225267839	-1.97300973297139	0.449101755661322	-0.765594182467354	-0.340884529431388	-1.10289962281863	0.460600207221172	-0.704573447230058	-0.428075368025376	1.21399022946138	-0.195916251419052	1.80837793871491	-0.338692153115389	0.320052021681068	-0.206664255987375	-0.466699871215895	0.634130916795062	6.66408965344035	-0.499749937468731	-1.30422390715706	1
-0.45879666899427	0.00804390849366035	-0.503176178661015	-0.166745685991176	-0.0664547449157966	1.33740928208128	-2.37543758812058	-0.765594182467354	0.611306893561316	2.23762211057114	-2.37386260644758	1.02656524375289	-0.428075368025376	-0.822906128695298	-0.195916251419052	-0.552428769790195	-0.338692153115389	0.320052021681068	-0.206664255987375	2.14056197915223	-1.57538447273477	-0.149907947214405	1.99899974987492	-1.30422390715706	1
1.13148641244168	-0.73829811669131	1.3433419081684	-0.697670179701139	-0.699357077447193	-0.317800225445056	-0.963167916229627	-0.765594182467354	-0.340884529431388	-0.0479980228008109	0.460600207221172	1.02656524375289	-0.428075368025376	-0.822906128695298	-0.195916251419052	-0.552428769790195	-0.338692153115389	0.320052021681068	-0.206664255987375	-0.466699871215895	0.634130916795062	-0.149907947214405	-0.499749937468731	0.765972770870018	1
-1.25393820971224	0.754385933678631	-0.503176178661015	-0.272930584733169	-0.699357077447193	1.33740928208128	0.449101755661322	0.140434435837207	-0.340884529431388	0.303635843871797	0.460600207221172	-0.704573447230058	2.33370119988027	-0.822906128695298	-0.195916251419052	-0.552428769790195	-0.338692153115389	-3.1213675662874	-0.206664255987375	-0.466699871215895	0.634130916795062	-0.149907947214405	-0.499749937468731	0.765972770870018	1
-1.25393820971224	0.256824583555317	-0.503176178661015	-0.839250044690463	1.83225225267839	1.33740928208128	-0.963167916229627	-0.765594182467354	0.611306893561316	-0.575448822809723	-2.37386260644758	-0.704573447230058	-0.428075368025376	-0.822906128695298	-0.195916251419052	1.80837793871491	-0.338692153115389	0.320052021681068	-0.206664255987375	-0.466699871215895	0.634130916795062	-0.149907947214405	-0.499749937468731	0.765972770870018	1
1.13148641244168	-1.23585946681462	-0.503176178661015	-0.591485280959147	-0.699357077447193	0.509804528318111	0.449101755661322	-0.765594182467354	-0.340884529431388	1.35853744388962	0.460600207221172	-0.704573447230058	2.33370119988027	-0.822906128695298	-0.195916251419052	-0.552428769790195	-0.338692153115389	0.320052021681068	-0.206664255987375	-0.466699871215895	0.634130916795062	-0.149907947214405	-0.499749937468731	0.765972770870018	1
-1.25393820971224	2.24706998404857	-2.34969426549043	0.47036370646078	-0.699357077447193	1.33740928208128	0.449101755661322	1.04646305414177	1.56349831655402	-1.01499115615048	0.460600207221172	1.02656524375289	2.33370119988027	-0.822906128695298	-0.195916251419052	-0.552428769790195	2.94958117810198	0.320052021681068	-0.206664255987375	-0.466699871215895	-1.57538447273477	-0.149907947214405	-0.499749937468731	0.765972770870018	1
1.13148641244168	-0.73829811669131	1.3433419081684	-0.73306514594847	-0.699357077447193	-0.317800225445056	-0.963167916229627	-0.765594182467354	-1.29307595242409	-0.751265756146026	0.460600207221172	1.02656524375289	-0.428075368025376	-0.822906128695298	-0.195916251419052	-0.552428769790195	-0.338692153115389	0.320052021681068	-0.206664255987375	-0.466699871215895	0.634130916795062	-0.149907947214405	-0.499749937468731	0.765972770870018	1
1.13148641244168	-0.73829811669131	-1.42643522207572	0.0456241114928096	0.5664475876156	-0.317800225445056	-0.963167916229627	0.140434435837207	-1.29307595242409	-0.0479980228008109	0.460600207221172	-0.704573447230058	2.33370119988027	-0.822906128695298	-0.195916251419052	-0.552428769790195	-0.338692153115389	0.320052021681068	-0.206664255987375	-0.466699871215895	0.634130916795062	-0.149907947214405	1.99899974987492	-1.30422390715706	1
1.13148641244168	0.256824583555317	-0.503176178661015	-0.697670179701139	-0.699357077447193	0.509804528318111	0.449101755661322	-1.67162280077191	-1.29307595242409	-0.92708268948233	0.460600207221172	-0.704573447230058	-0.428075368025376	1.21399022946138	-0.195916251419052	-0.552428769790195	-0.338692153115389	0.320052021681068	-0.206664255987375	-0.466699871215895	0.634130916795062	-0.149907947214405	-0.499749937468731	0.765972770870018	1
1.13148641244168	-0.73829811669131	1.3433419081684	-0.910039977185125	-0.699357077447193	1.33740928208128	0.449101755661322	1.04646305414177	-1.29307595242409	1.44644591055777	0.460600207221172	2.75770393473583	-0.428075368025376	-0.822906128695298	-0.195916251419052	-0.552428769790195	-0.338692153115389	0.320052021681068	-0.206664255987375	-0.466699871215895	0.634130916795062	-0.149907947214405	-0.499749937468731	0.765972770870018	1
1.13148641244168	-1.23585946681462	-2.34969426549043	-0.73306514594847	-0.0664547449157966	-0.317800225445056	0.449101755661322	-1.67162280077191	1.56349831655402	-0.0479980228008109	-2.37386260644758	-0.704573447230058	-0.428075368025376	-0.822906128695298	5.09911757071751	1.80837793871491	-0.338692153115389	0.320052021681068	-0.206664255987375	2.14056197915223	-1.57538447273477	-0.149907947214405	-0.499749937468731	0.765972770870018	1
0.336344871723703	0.256824583555317	-0.503176178661015	-0.485300382217154	-0.699357077447193	-0.317800225445056	0.449101755661322	-0.765594182467354	-1.29307595242409	-0.839174222814178	0.460600207221172	-0.704573447230058	-0.428075368025376	-0.822906128695298	-0.195916251419052	-0.552428769790195	-0.338692153115389	0.320052021681068	-0.206664255987375	-0.466699871215895	0.634130916795062	-0.149907947214405	-0.499749937468731	0.765972770870018	1
1.13148641244168	-0.240736766567997	-0.503176178661015	-1.01622487592712	-0.699357077447193	-1.97300973297139	-0.963167916229627	1.04646305414177	-1.29307595242409	-1.19080808948679	0.460600207221172	-0.704573447230058	-0.428075368025376	-0.822906128695298	-0.195916251419052	-0.552428769790195	-0.338692153115389	-3.1213675662874	4.83392735346079	2.14056197915223	-1.57538447273477	-0.149907947214405	-0.499749937468731	0.765972770870018	1
-1.25393820971224	-1.23585946681462	1.3433419081684	-0.910039977185125	1.199349920147	0.509804528318111	-0.963167916229627	1.04646305414177	-1.29307595242409	0.303635843871797	0.460600207221172	1.02656524375289	-0.428075368025376	1.21399022946138	-0.195916251419052	1.80837793871491	-0.338692153115389	0.320052021681068	-0.206664255987375	-0.466699871215895	0.634130916795062	-0.149907947214405	1.99899974987492	-1.30422390715706	1
0.336344871723703	-0.73829811669131	-0.503176178661015	-0.34372051722783	-0.699357077447193	-0.317800225445056	-0.963167916229627	-0.765594182467354	0.611306893561316	0.918995110548861	0.460600207221172	-0.704573447230058	-0.428075368025376	-0.822906128695298	-0.195916251419052	-0.552428769790195	-0.338692153115389	0.320052021681068	-0.206664255987375	-0.466699871215895	0.634130916795062	-0.149907947214405	1.99899974987492	-1.30422390715706	1
-0.45879666899427	0.754385933678631	-0.503176178661015	-0.379115483475161	-0.699357077447193	-0.317800225445056	-0.963167916229627	-0.765594182467354	1.56349831655402	-1.01499115615048	-2.37386260644758	-0.704573447230058	-0.428075368025376	-0.822906128695298	-0.195916251419052	1.80837793871491	-0.338692153115389	-3.1213675662874	-0.206664255987375	-0.466699871215895	0.634130916795062	-0.149907947214405	-0.499749937468731	0.765972770870018	1
1.13148641244168	0.256824583555317	0.420082864753691	0.328783841471457	-0.0664547449157966	-0.317800225445056	0.449101755661322	0.140434435837207	-0.340884529431388	-0.0479980228008109	0.460600207221172	1.02656524375289	-0.428075368025376	-0.822906128695298	-0.195916251419052	-0.552428769790195	-0.338692153115389	0.320052021681068	-0.206664255987375	-0.466699871215895	0.634130916795062	-0.149907947214405	-0.499749937468731	0.765972770870018	1
-0.45879666899427	-0.987078791752967	-0.503176178661015	-0.449905415969823	1.83225225267839	0.509804528318111	0.449101755661322	-1.67162280077191	0.611306893561316	-1.01499115615048	0.460600207221172	-0.704573447230058	-0.428075368025376	1.21399022946138	-0.195916251419052	-0.552428769790195	-0.338692153115389	0.320052021681068	-0.206664255987375	-0.466699871215895	0.634130916795062	-0.149907947214405	-0.499749937468731	0.765972770870018	1
-0.45879666899427	3.2421926842952	0.420082864753691	1.46142276138605	1.83225225267839	-0.317800225445056	0.449101755661322	-1.67162280077191	-1.29307595242409	-0.751265756146026	0.460600207221172	-0.704573447230058	-0.428075368025376	-0.822906128695298	-0.195916251419052	-0.552428769790195	-0.338692153115389	0.320052021681068	-0.206664255987375	-0.466699871215895	0.634130916795062	-0.149907947214405	1.99899974987492	-1.30422390715706	1
1.13148641244168	0.256824583555317	1.3433419081684	-0.202140652238507	-0.699357077447193	-0.317800225445056	0.449101755661322	-0.765594182467354	-1.29307595242409	-0.0479980228008109	0.460600207221172	1.02656524375289	-0.428075368025376	-0.822906128695298	-0.195916251419052	-0.552428769790195	-0.338692153115389	0.320052021681068	-0.206664255987375	-0.466699871215895	0.634130916795062	-0.149907947214405	1.99899974987492	-1.30422390715706	1
-1.25393820971224	-0.73829811669131	-1.42643522207572	-0.414510449722492	-0.699357077447193	-0.317800225445056	-2.37543758812058	-1.67162280077191	1.56349831655402	-0.575448822809723	0.460600207221172	-0.704573447230058	-0.428075368025376	-0.822906128695298	-0.195916251419052	-0.552428769790195	-0.338692153115389	0.320052021681068	-0.206664255987375	-0.466699871215895	-1.57538447273477	-0.149907947214405	-0.499749937468731	0.765972770870018	1
1.13148641244168	-0.489517441629653	-0.503176178661015	0.187203976482133	-0.0664547449157966	-1.14540497920822	-0.963167916229627	1.04646305414177	0.611306893561316	-1.10289962281863	0.460600207221172	-0.704573447230058	-0.428075368025376	1.21399022946138	-0.195916251419052	-0.552428769790195	2.94958117810198	0.320052021681068	-0.206664255987375	-0.466699871215895	0.634130916795062	-0.149907947214405	-0.499749937468731	0.765972770870018	1
1.13148641244168	-0.821225008378529	1.3433419081684	-0.73306514594847	-0.0664547449157966	-1.97300973297139	-0.963167916229627	1.04646305414177	-1.29307595242409	1.88598824389853	0.460600207221172	2.75770393473583	-0.428075368025376	-0.822906128695298	-0.195916251419052	-0.552428769790195	-0.338692153115389	0.320052021681068	-0.206664255987375	-0.466699871215895	0.634130916795062	-0.149907947214405	1.99899974987492	-1.30422390715706	1
-1.25393820971224	-0.73829811669131	-0.503176178661015	-0.556090314711816	-0.699357077447193	-0.317800225445056	0.449101755661322	-0.765594182467354	-1.29307595242409	-0.751265756146026	0.460600207221172	-0.704573447230058	-0.428075368025376	-0.822906128695298	-0.195916251419052	-0.552428769790195	-0.338692153115389	0.320052021681068	-0.206664255987375	-0.466699871215895	0.634130916795062	-0.149907947214405	-0.499749937468731	0.765972770870018	1
-1.25393820971224	0.256824583555317	-0.503176178661015	-0.591485280959147	-0.699357077447193	1.33740928208128	-0.963167916229627	1.04646305414177	0.611306893561316	1.71017131056223	0.460600207221172	-0.704573447230058	-0.428075368025376	-0.822906128695298	-0.195916251419052	-0.552428769790195	-0.338692153115389	0.320052021681068	-0.206664255987375	-0.466699871215895	0.634130916795062	-0.149907947214405	-0.499749937468731	0.765972770870018	1
-1.25393820971224	-0.240736766567997	1.3433419081684	0.718128470192097	-0.699357077447193	1.33740928208128	0.449101755661322	1.04646305414177	1.56349831655402	0.039910443867341	0.460600207221172	2.75770393473583	-0.428075368025376	1.21399022946138	-0.195916251419052	1.80837793871491	-0.338692153115389	0.320052021681068	-0.206664255987375	-0.466699871215895	-1.57538447273477	-0.149907947214405	-0.499749937468731	-1.30422390715706	1
1.13148641244168	-0.73829811669131	1.3433419081684	-0.202140652238507	-0.699357077447193	1.33740928208128	-0.963167916229627	1.04646305414177	1.56349831655402	1.88598824389853	-2.37386260644758	2.75770393473583	-0.428075368025376	-0.822906128695298	-0.195916251419052	-0.552428769790195	-0.338692153115389	0.320052021681068	-0.206664255987375	-0.466699871215895	-1.57538447273477	-0.149907947214405	1.99899974987492	-1.30422390715706	1
1.13148641244168	-0.904151900065748	1.3433419081684	-0.73306514594847	-0.699357077447193	1.33740928208128	0.449101755661322	1.04646305414177	-1.29307595242409	-0.311723422805267	0.460600207221172	1.02656524375289	2.33370119988027	-0.822906128695298	5.09911757071751	1.80837793871491	-0.338692153115389	0.320052021681068	-0.206664255987375	-0.466699871215895	0.634130916795062	-0.149907947214405	1.99899974987492	-1.30422390715706	1
-0.45879666899427	-0.489517441629653	-0.503176178661015	-0.874645010937794	-0.699357077447193	1.33740928208128	0.449101755661322	0.140434435837207	0.611306893561316	0.127818910535493	0.460600207221172	-0.704573447230058	2.33370119988027	-0.822906128695298	-0.195916251419052	-0.552428769790195	-0.338692153115389	0.320052021681068	-0.206664255987375	-0.466699871215895	0.634130916795062	-0.149907947214405	-0.499749937468731	0.765972770870018	1
1.13148641244168	1.25194728380194	1.3433419081684	1.07207813266541	1.83225225267839	1.33740928208128	0.449101755661322	1.04646305414177	-1.29307595242409	0.039910443867341	0.460600207221172	1.02656524375289	-0.428075368025376	-0.822906128695298	-0.195916251419052	-0.552428769790195	-0.338692153115389	0.320052021681068	-0.206664255987375	-0.466699871215895	0.634130916795062	-0.149907947214405	-0.499749937468731	0.765972770870018	1
1.13148641244168	0.256824583555317	-0.503176178661015	-0.626880247206478	-0.699357077447193	-1.14540497920822	-0.963167916229627	0.140434435837207	0.611306893561316	0.215727377203645	-0.956631199613203	-0.704573447230058	-0.428075368025376	1.21399022946138	-0.195916251419052	-0.552428769790195	-0.338692153115389	0.320052021681068	-0.206664255987375	-0.466699871215895	0.634130916795062	-0.149907947214405	-0.499749937468731	0.765972770870018	1
-1.25393820971224	-0.572444333316872	-0.503176178661015	2.02774222134334	-0.699357077447193	1.33740928208128	-2.37543758812058	1.04646305414177	-0.340884529431388	0.831086643880709	0.460600207221172	-0.704573447230058	-0.428075368025376	1.21399022946138	5.09911757071751	1.80837793871491	-0.338692153115389	0.320052021681068	-0.206664255987375	-0.466699871215895	0.634130916795062	-0.149907947214405	-0.499749937468731	-1.30422390715706	1
1.13148641244168	0.256824583555317	-0.503176178661015	-0.803855078443132	1.83225225267839	1.33740928208128	0.449101755661322	-0.765594182467354	0.611306893561316	-0.92708268948233	0.460600207221172	1.02656524375289	-0.428075368025376	-0.822906128695298	-0.195916251419052	-0.552428769790195	-0.338692153115389	0.320052021681068	-0.206664255987375	-0.466699871215895	0.634130916795062	-0.149907947214405	-0.499749937468731	0.765972770870018	1
1.13148641244168	-0.240736766567997	-0.503176178661015	-0.202140652238507	1.83225225267839	0.509804528318111	0.449101755661322	0.140434435837207	-0.340884529431388	-0.311723422805267	0.460600207221172	-0.704573447230058	-0.428075368025376	-0.822906128695298	5.09911757071751	1.80837793871491	-0.338692153115389	0.320052021681068	-0.206664255987375	-0.466699871215895	0.634130916795062	-0.149907947214405	-0.499749937468731	0.765972770870018	1
1.13148641244168	-0.73829811669131	1.3433419081684	-0.662275213453809	0.5664475876156	0.509804528318111	-0.963167916229627	1.04646305414177	0.611306893561316	0.127818910535493	0.460600207221172	-0.704573447230058	-0.428075368025376	1.21399022946138	-0.195916251419052	-0.552428769790195	-0.338692153115389	0.320052021681068	-0.206664255987375	2.14056197915223	-1.57538447273477	-0.149907947214405	-0.499749937468731	0.765972770870018	1
-0.45879666899427	2.24706998404857	-1.42643522207572	3.16038114125793	1.83225225267839	-1.97300973297139	0.449101755661322	1.04646305414177	1.56349831655402	0.039910443867341	0.460600207221172	-0.704573447230058	-0.428075368025376	1.21399022946138	-0.195916251419052	1.80837793871491	-0.338692153115389	-3.1213675662874	4.83392735346079	-0.466699871215895	-1.57538447273477	-0.149907947214405	-0.499749937468731	-1.30422390715706	1
-0.45879666899427	2.24706998404857	-0.503176178661015	-0.0605607872491831	-0.699357077447193	0.509804528318111	0.449101755661322	1.04646305414177	-1.29307595242409	-0.663357289477875	0.460600207221172	1.02656524375289	-0.428075368025376	-0.822906128695298	-0.195916251419052	-0.552428769790195	-0.338692153115389	0.320052021681068	-0.206664255987375	-0.466699871215895	0.634130916795062	-0.149907947214405	-0.499749937468731	0.765972770870018	1
-1.25393820971224	0.754385933678631	-0.503176178661015	3.08959120876327	-0.699357077447193	-1.14540497920822	-2.37543758812058	-1.67162280077191	1.56349831655402	-0.135906489468963	0.460600207221172	-0.704573447230058	-0.428075368025376	1.21399022946138	-0.195916251419052	-0.552428769790195	-0.338692153115389	0.320052021681068	-0.206664255987375	-0.466699871215895	0.634130916795062	-0.149907947214405	1.99899974987492	-1.30422390715706	1
1.13148641244168	-0.987078791752967	-0.503176178661015	-0.202140652238507	-0.699357077447193	-0.317800225445056	0.449101755661322	-0.765594182467354	-1.29307595242409	-0.311723422805267	0.460600207221172	-0.704573447230058	2.33370119988027	-0.822906128695298	-0.195916251419052	-0.552428769790195	-0.338692153115389	0.320052021681068	-0.206664255987375	-0.466699871215895	0.634130916795062	-0.149907947214405	-0.499749937468731	0.765972770870018	1
1.13148641244168	-0.240736766567997	1.3433419081684	-0.308325550980499	-0.699357077447193	-0.317800225445056	-0.963167916229627	-0.765594182467354	0.611306893561316	-0.839174222814178	0.460600207221172	1.02656524375289	-0.428075368025376	-0.822906128695298	-0.195916251419052	-0.552428769790195	-0.338692153115389	0.320052021681068	-0.206664255987375	-0.466699871215895	0.634130916795062	-0.149907947214405	-0.499749937468731	0.765972770870018	1
-1.25393820971224	-0.73829811669131	-0.503176178661015	-0.697670179701139	1.83225225267839	1.33740928208128	-2.37543758812058	1.04646305414177	-0.340884529431388	1.18272051055332	0.460600207221172	-0.704573447230058	-0.428075368025376	1.21399022946138	-0.195916251419052	-0.552428769790195	-0.338692153115389	0.320052021681068	-0.206664255987375	-0.466699871215895	0.634130916795062	-0.149907947214405	1.99899974987492	-1.30422390715706	1
1.13148641244168	-1.23585946681462	-0.503176178661015	0.47036370646078	-0.699357077447193	-1.14540497920822	-0.963167916229627	1.04646305414177	-0.340884529431388	-0.311723422805267	0.460600207221172	-0.704573447230058	-0.428075368025376	-0.822906128695298	-0.195916251419052	-0.552428769790195	-0.338692153115389	0.320052021681068	-0.206664255987375	-0.466699871215895	0.634130916795062	-0.149907947214405	-0.499749937468731	0.765972770870018	1
1.13148641244168	0.256824583555317	-0.503176178661015	-0.485300382217154	-0.0664547449157966	-0.317800225445056	0.449101755661322	1.04646305414177	0.611306893561316	-0.575448822809723	0.460600207221172	-0.704573447230058	-0.428075368025376	1.21399022946138	-0.195916251419052	-0.552428769790195	-0.338692153115389	0.320052021681068	-0.206664255987375	2.14056197915223	-1.57538447273477	-0.149907947214405	-0.499749937468731	-1.30422390715706	1
1.13148641244168	-0.489517441629653	1.3433419081684	0.0456241114928096	1.199349920147	1.33740928208128	0.449101755661322	1.04646305414177	1.56349831655402	-1.10289962281863	0.460600207221172	1.02656524375289	-0.428075368025376	1.21399022946138	-0.195916251419052	-0.552428769790195	2.94958117810198	0.320052021681068	-0.206664255987375	2.14056197915223	-1.57538447273477	-0.149907947214405	-0.499749937468731	0.765972770870018	1
1.13148641244168	-0.73829811669131	-0.503176178661015	-0.591485280959147	-0.699357077447193	-0.317800225445056	0.449101755661322	-0.765594182467354	-1.29307595242409	1.27062897722147	0.460600207221172	-0.704573447230058	-0.428075368025376	-0.822906128695298	-0.195916251419052	-0.552428769790195	-0.338692153115389	0.320052021681068	-0.206664255987375	-0.466699871215895	0.634130916795062	-0.149907947214405	-0.499749937468731	0.765972770870018	1
0.336344871723703	-0.240736766567997	-1.42643522207572	-0.662275213453809	1.83225225267839	0.509804528318111	0.449101755661322	1.04646305414177	0.611306893561316	1.18272051055332	-2.37386260644758	-0.704573447230058	-0.428075368025376	-0.822906128695298	-0.195916251419052	-0.552428769790195	-0.338692153115389	0.320052021681068	-0.206664255987375	-0.466699871215895	0.634130916795062	-0.149907947214405	1.99899974987492	-1.30422390715706	1
1.13148641244168	-0.489517441629653	1.3433419081684	-0.626880247206478	1.83225225267839	1.33740928208128	0.449101755661322	1.04646305414177	-0.340884529431388	2.41343904390744	0.460600207221172	-0.704573447230058	-0.428075368025376	-0.822906128695298	-0.195916251419052	-0.552428769790195	-0.338692153115389	0.320052021681068	-0.206664255987375	-0.466699871215895	0.634130916795062	-0.149907947214405	-0.499749937468731	0.765972770870018	1
-0.45879666899427	0.256824583555317	1.3433419081684	0.222598942729464	-0.0664547449157966	-1.14540497920822	-2.37543758812058	-0.765594182467354	0.611306893561316	0.127818910535493	0.460600207221172	-0.704573447230058	-0.428075368025376	1.21399022946138	-0.195916251419052	1.80837793871491	-0.338692153115389	0.320052021681068	-0.206664255987375	-0.466699871215895	0.634130916795062	-0.149907947214405	-0.499749937468731	0.765972770870018	1
-1.25393820971224	2.16414309236135	-0.503176178661015	2.62945664754797	-0.699357077447193	-1.14540497920822	-0.963167916229627	-1.67162280077191	-1.29307595242409	-0.0479980228008109	0.460600207221172	-0.704573447230058	-0.428075368025376	1.21399022946138	-0.195916251419052	1.80837793871491	-0.338692153115389	0.320052021681068	-0.206664255987375	-0.466699871215895	0.634130916795062	-0.149907947214405	1.99899974987492	-1.30422390715706	1
-1.25393820971224	2.24706998404857	-0.503176178661015	0.541153638955442	-0.699357077447193	0.509804528318111	0.449101755661322	0.140434435837207	-0.340884529431388	-0.839174222814178	0.460600207221172	-0.704573447230058	2.33370119988027	-0.822906128695298	-0.195916251419052	-0.552428769790195	2.94958117810198	0.320052021681068	-0.206664255987375	-0.466699871215895	0.634130916795062	-0.149907947214405	-0.499749937468731	0.765972770870018	1
-0.45879666899427	2.24706998404857	0.420082864753691	1.53221269388071	-0.0664547449157966	-1.97300973297139	0.449101755661322	1.04646305414177	1.56349831655402	-0.399631889473419	0.460600207221172	-0.704573447230058	-0.428075368025376	1.21399022946138	-0.195916251419052	-0.552428769790195	-0.338692153115389	0.320052021681068	-0.206664255987375	-0.466699871215895	-1.57538447273477	-0.149907947214405	-0.499749937468731	-1.30422390715706	1
-0.45879666899427	-0.73829811669131	-0.503176178661015	-0.768460112195801	-0.699357077447193	-0.317800225445056	-0.963167916229627	1.04646305414177	-1.29307595242409	1.18272051055332	0.460600207221172	1.02656524375289	-0.428075368025376	1.21399022946138	-0.195916251419052	-0.552428769790195	-0.338692153115389	-3.1213675662874	-0.206664255987375	-0.466699871215895	0.634130916795062	-0.149907947214405	-0.499749937468731	0.765972770870018	1
-1.25393820971224	0.256824583555317	0.420082864753691	-0.803855078443132	-0.699357077447193	-1.14540497920822	1.86137142755227	1.04646305414177	-1.29307595242409	1.09481204388516	-0.956631199613203	-0.704573447230058	-0.428075368025376	-0.822906128695298	-0.195916251419052	-0.552428769790195	-0.338692153115389	0.320052021681068	-0.206664255987375	-0.466699871215895	0.634130916795062	-0.149907947214405	-0.499749937468731	0.765972770870018	1
1.13148641244168	-0.73829811669131	-0.503176178661015	-0.768460112195801	-0.699357077447193	-0.317800225445056	1.86137142755227	-0.765594182467354	-1.29307595242409	-0.839174222814178	0.460600207221172	-0.704573447230058	-0.428075368025376	1.21399022946138	5.09911757071751	-0.552428769790195	-0.338692153115389	0.320052021681068	-0.206664255987375	-0.466699871215895	0.634130916795062	-0.149907947214405	-0.499749937468731	0.765972770870018	1
-0.45879666899427	1.25194728380194	-0.503176178661015	2.16932208633266	-0.699357077447193	-1.14540497920822	1.86137142755227	1.04646305414177	0.611306893561316	-0.663357289477875	0.460600207221172	-0.704573447230058	-0.428075368025376	1.21399022946138	-0.195916251419052	-0.552428769790195	2.94958117810198	0.320052021681068	-0.206664255987375	2.14056197915223	-1.57538447273477	-0.149907947214405	-0.499749937468731	-1.30422390715706	1
-1.25393820971224	0.256824583555317	1.3433419081684	1.10747309891274	-0.699357077447193	1.33740928208128	-0.963167916229627	1.04646305414177	1.56349831655402	0.743178177212557	0.460600207221172	1.02656524375289	2.33370119988027	1.21399022946138	-0.195916251419052	-0.552428769790195	2.94958117810198	0.320052021681068	-0.206664255987375	-0.466699871215895	-1.57538447273477	-0.149907947214405	-0.499749937468731	-1.30422390715706	1
0.336344871723703	1.74950863392526	1.3433419081684	0.541153638955442	-0.699357077447193	1.33740928208128	0.449101755661322	1.04646305414177	1.56349831655402	1.79807977723038	0.460600207221172	-0.704573447230058	-0.428075368025376	-0.822906128695298	-0.195916251419052	-0.552428769790195	2.94958117810198	0.320052021681068	-0.206664255987375	-0.466699871215895	-1.57538447273477	-0.149907947214405	-0.499749937468731	0.765972770870018	1
1.13148641244168	2.24706998404857	1.3433419081684	1.53221269388071	1.83225225267839	1.33740928208128	-2.37543758812058	-0.765594182467354	0.611306893561316	0.918995110548861	-2.37386260644758	1.02656524375289	2.33370119988027	-0.822906128695298	-0.195916251419052	-0.552428769790195	-0.338692153115389	0.320052021681068	-0.206664255987375	-0.466699871215895	0.634130916795062	-0.149907947214405	-0.499749937468731	-1.30422390715706	1
-0.45879666899427	2.24706998404857	-0.503176178661015	2.38169188381665	-0.699357077447193	-1.14540497920822	-0.963167916229627	-0.765594182467354	0.611306893561316	-0.839174222814178	0.460600207221172	-0.704573447230058	-0.428075368025376	1.21399022946138	-0.195916251419052	-0.552428769790195	-0.338692153115389	0.320052021681068	-0.206664255987375	-0.466699871215895	0.634130916795062	-0.149907947214405	-0.499749937468731	0.765972770870018	1
1.13148641244168	-0.73829811669131	-0.503176178661015	0.505758672708111	1.83225225267839	-1.14540497920822	-0.963167916229627	1.04646305414177	0.611306893561316	-1.36662502282309	0.460600207221172	-0.704573447230058	-0.428075368025376	-0.822906128695298	-0.195916251419052	-0.552428769790195	2.94958117810198	0.320052021681068	-0.206664255987375	2.14056197915223	-1.57538447273477	-0.149907947214405	-0.499749937468731	0.765972770870018	1
1.13148641244168	-0.904151900065748	-0.503176178661015	-0.697670179701139	1.83225225267839	1.33740928208128	0.449101755661322	-0.765594182467354	-0.340884529431388	0.831086643880709	0.460600207221172	-0.704573447230058	-0.428075368025376	-0.822906128695298	5.09911757071751	1.80837793871491	-0.338692153115389	-3.1213675662874	4.83392735346079	-0.466699871215895	0.634130916795062	-0.149907947214405	1.99899974987492	-1.30422390715706	1
1.13148641244168	-0.240736766567997	-0.503176178661015	-0.272930584733169	-0.699357077447193	-0.317800225445056	0.449101755661322	1.04646305414177	-1.29307595242409	0.655269710544405	0.460600207221172	-0.704573447230058	-0.428075368025376	1.21399022946138	-0.195916251419052	-0.552428769790195	-0.338692153115389	0.320052021681068	-0.206664255987375	-0.466699871215895	0.634130916795062	-0.149907947214405	-0.499749937468731	0.765972770870018	1
-0.45879666899427	0.00804390849366035	1.3433419081684	-0.202140652238507	1.199349920147	0.509804528318111	0.449101755661322	-0.765594182467354	0.611306893561316	-0.311723422805267	0.460600207221172	1.02656524375289	-0.428075368025376	1.21399022946138	-0.195916251419052	-0.552428769790195	-0.338692153115389	0.320052021681068	-0.206664255987375	-0.466699871215895	0.634130916795062	-0.149907947214405	-0.499749937468731	0.765972770870018	1
1.13148641244168	-1.23585946681462	-0.503176178661015	-0.910039977185125	-0.699357077447193	-1.97300973297139	-0.963167916229627	1.04646305414177	-1.29307595242409	1.62226284389408	0.460600207221172	-0.704573447230058	-0.428075368025376	1.21399022946138	-0.195916251419052	1.80837793871491	-0.338692153115389	0.320052021681068	-0.206664255987375	-0.466699871215895	0.634130916795062	6.66408965344035	-0.499749937468731	-1.30422390715706	1
-0.45879666899427	1.25194728380194	-2.34969426549043	0.187203976482133	-0.699357077447193	-0.317800225445056	-0.963167916229627	-1.67162280077191	0.611306893561316	0.567361243876253	0.460600207221172	-0.704573447230058	-0.428075368025376	1.21399022946138	-0.195916251419052	-0.552428769790195	-0.338692153115389	0.320052021681068	-0.206664255987375	-0.466699871215895	0.634130916795062	-0.149907947214405	-0.499749937468731	0.765972770870018	1
0.336344871723703	0.256824583555317	1.3433419081684	-0.697670179701139	1.83225225267839	0.509804528318111	0.449101755661322	-0.765594182467354	-1.29307595242409	0.127818910535493	-2.37386260644758	1.02656524375289	2.33370119988027	-0.822906128695298	-0.195916251419052	1.80837793871491	-0.338692153115389	0.320052021681068	-0.206664255987375	-0.466699871215895	0.634130916795062	-0.149907947214405	1.99899974987492	-1.30422390715706	1
-1.25393820971224	-0.904151900065748	1.3433419081684	-0.803855078443132	-0.699357077447193	0.509804528318111	0.449101755661322	0.140434435837207	-0.340884529431388	1.18272051055332	0.460600207221172	1.02656524375289	-0.428075368025376	1.21399022946138	-0.195916251419052	1.80837793871491	-0.338692153115389	-3.1213675662874	4.83392735346079	-0.466699871215895	0.634130916795062	-0.149907947214405	-0.499749937468731	0.765972770870018	1
1.13148641244168	2.24706998404857	1.3433419081684	2.41708685006398	0.5664475876156	-0.317800225445056	0.449101755661322	-0.765594182467354	1.56349831655402	0.743178177212557	-2.37386260644758	-0.704573447230058	-0.428075368025376	-0.822906128695298	-0.195916251419052	1.80837793871491	-0.338692153115389	0.320052021681068	-0.206664255987375	-0.466699871215895	-1.57538447273477	-0.149907947214405	-0.499749937468731	0.765972770870018	1
1.13148641244168	-1.23585946681462	-0.503176178661015	-0.626880247206478	1.199349920147	-0.317800225445056	-2.37543758812058	-0.765594182467354	-1.29307595242409	-0.223814956137115	0.460600207221172	-0.704573447230058	-0.428075368025376	-0.822906128695298	-0.195916251419052	-0.552428769790195	-0.338692153115389	0.320052021681068	-0.206664255987375	-0.466699871215895	0.634130916795062	-0.149907947214405	-0.499749937468731	0.765972770870018	1
1.13148641244168	0.754385933678631	-0.503176178661015	0.541153638955442	1.83225225267839	0.509804528318111	-0.963167916229627	1.04646305414177	-0.340884529431388	-1.01499115615048	-0.956631199613203	-0.704573447230058	-0.428075368025376	-0.822906128695298	-0.195916251419052	-0.552428769790195	2.94958117810198	0.320052021681068	-0.206664255987375	2.14056197915223	-1.57538447273477	-0.149907947214405	1.99899974987492	-1.30422390715706	1
-1.25393820971224	-0.73829811669131	-0.503176178661015	-0.910039977185125	-0.0664547449157966	-1.14540497920822	1.86137142755227	0.140434435837207	1.56349831655402	-0.223814956137115	0.460600207221172	-0.704573447230058	-0.428075368025376	1.21399022946138	-0.195916251419052	-0.552428769790195	-0.338692153115389	0.320052021681068	-0.206664255987375	-0.466699871215895	0.634130916795062	-0.149907947214405	1.99899974987492	-1.30422390715706	1
-0.45879666899427	-1.07000568344019	-0.503176178661015	-0.73306514594847	-0.699357077447193	-0.317800225445056	-0.963167916229627	1.04646305414177	-1.29307595242409	-1.01499115615048	0.460600207221172	-0.704573447230058	-0.428075368025376	-0.822906128695298	-0.195916251419052	-0.552428769790195	-0.338692153115389	0.320052021681068	-0.206664255987375	-0.466699871215895	0.634130916795062	-0.149907947214405	-0.499749937468731	0.765972770870018	1
-0.45879666899427	-0.987078791752967	-0.503176178661015	-1.05161984217445	-0.699357077447193	-0.317800225445056	1.86137142755227	1.04646305414177	-1.29307595242409	-1.19080808948679	0.460600207221172	-0.704573447230058	-0.428075368025376	-0.822906128695298	-0.195916251419052	1.80837793871491	-0.338692153115389	0.320052021681068	-0.206664255987375	2.14056197915223	-1.57538447273477	-0.149907947214405	1.99899974987492	-1.30422390715706	1
-0.45879666899427	2.24706998404857	-0.503176178661015	0.753523436439428	1.83225225267839	-1.97300973297139	0.449101755661322	1.04646305414177	1.56349831655402	0.391544310539949	-2.37386260644758	-0.704573447230058	-0.428075368025376	1.21399022946138	-0.195916251419052	-0.552428769790195	-0.338692153115389	0.320052021681068	-0.206664255987375	-0.466699871215895	-1.57538447273477	6.66408965344035	-0.499749937468731	-1.30422390715706	1
1.13148641244168	0.256824583555317	-0.503176178661015	0.788918402686759	-0.0664547449157966	-0.317800225445056	0.449101755661322	-1.67162280077191	0.611306893561316	-0.92708268948233	-0.956631199613203	-0.704573447230058	-0.428075368025376	-0.822906128695298	-0.195916251419052	-0.552428769790195	-0.338692153115389	0.320052021681068	-0.206664255987375	-0.466699871215895	0.634130916795062	-0.149907947214405	-0.499749937468731	0.765972770870018	1
0.336344871723703	0.256824583555317	-0.503176178661015	0.151809010234802	-0.699357077447193	-1.14540497920822	-0.963167916229627	1.04646305414177	0.611306893561316	-0.839174222814178	0.460600207221172	-0.704573447230058	-0.428075368025376	-0.822906128695298	-0.195916251419052	-0.552428769790195	-0.338692153115389	0.320052021681068	-0.206664255987375	-0.466699871215895	0.634130916795062	-0.149907947214405	-0.499749937468731	0.765972770870018	1
-0.45879666899427	-0.73829811669131	-0.503176178661015	-0.910039977185125	-0.699357077447193	0.509804528318111	1.86137142755227	0.140434435837207	0.611306893561316	-0.92708268948233	-2.37386260644758	-0.704573447230058	-0.428075368025376	-0.822906128695298	-0.195916251419052	1.80837793871491	-0.338692153115389	0.320052021681068	-0.206664255987375	-0.466699871215895	0.634130916795062	-0.149907947214405	1.99899974987492	-1.30422390715706	1
0.336344871723703	-1.40171325018906	-0.503176178661015	-0.626880247206478	1.83225225267839	-1.14540497920822	0.449101755661322	-0.765594182467354	-1.29307595242409	-0.575448822809723	0.460600207221172	-0.704573447230058	2.33370119988027	-0.822906128695298	5.09911757071751	1.80837793871491	-0.338692153115389	0.320052021681068	-0.206664255987375	-0.466699871215895	0.634130916795062	-0.149907947214405	1.99899974987492	-1.30422390715706	1
-1.25393820971224	1.25194728380194	-1.42643522207572	-0.202140652238507	-0.699357077447193	1.33740928208128	0.449101755661322	1.04646305414177	0.611306893561316	-0.399631889473419	-2.37386260644758	-0.704573447230058	-0.428075368025376	-0.822906128695298	-0.195916251419052	-0.552428769790195	-0.338692153115389	0.320052021681068	-0.206664255987375	-0.466699871215895	0.634130916795062	-0.149907947214405	-0.499749937468731	0.765972770870018	1
-1.25393820971224	-0.73829811669131	-0.503176178661015	-0.910039977185125	-0.699357077447193	-0.317800225445056	0.449101755661322	0.140434435837207	-0.340884529431388	0.215727377203645	0.460600207221172	-0.704573447230058	2.33370119988027	-0.822906128695298	-0.195916251419052	-0.552428769790195	-0.338692153115389	-3.1213675662874	-0.206664255987375	-0.466699871215895	0.634130916795062	-0.149907947214405	1.99899974987492	-1.30422390715706	1
-0.45879666899427	0.256824583555317	-0.503176178661015	0.399573773966119	1.83225225267839	-0.317800225445056	-0.963167916229627	1.04646305414177	-0.340884529431388	1.09481204388516	0.460600207221172	-0.704573447230058	-0.428075368025376	1.21399022946138	-0.195916251419052	-0.552428769790195	-0.338692153115389	0.320052021681068	-0.206664255987375	-0.466699871215895	0.634130916795062	-0.149907947214405	1.99899974987492	-1.30422390715706	1
1.13148641244168	-0.73829811669131	1.3433419081684	-0.910039977185125	-0.699357077447193	-0.317800225445056	0.449101755661322	-0.765594182467354	0.611306893561316	-0.311723422805267	0.460600207221172	1.02656524375289	-0.428075368025376	-0.822906128695298	-0.195916251419052	-0.552428769790195	-0.338692153115389	0.320052021681068	-0.206664255987375	-0.466699871215895	0.634130916795062	-0.149907947214405	-0.499749937468731	0.765972770870018	1
-1.25393820971224	-0.489517441629653	0.420082864753691	0.116414043987471	-0.699357077447193	1.33740928208128	-0.963167916229627	1.04646305414177	-0.340884529431388	-0.751265756146026	0.460600207221172	1.02656524375289	-0.428075368025376	-0.822906128695298	-0.195916251419052	-0.552428769790195	-0.338692153115389	0.320052021681068	-0.206664255987375	-0.466699871215895	0.634130916795062	-0.149907947214405	1.99899974987492	-1.30422390715706	1
-0.45879666899427	0.754385933678631	1.3433419081684	0.328783841471457	-0.699357077447193	-1.97300973297139	1.86137142755227	-0.765594182467354	0.611306893561316	-0.663357289477875	0.460600207221172	1.02656524375289	-0.428075368025376	-0.822906128695298	-0.195916251419052	1.80837793871491	-0.338692153115389	0.320052021681068	-0.206664255987375	-0.466699871215895	0.634130916795062	-0.149907947214405	-0.499749937468731	-1.30422390715706	1
-1.25393820971224	0.256824583555317	-0.503176178661015	-0.485300382217154	-0.699357077447193	-1.14540497920822	-2.37543758812058	0.140434435837207	-0.340884529431388	-0.311723422805267	0.460600207221172	-0.704573447230058	-0.428075368025376	-0.822906128695298	-0.195916251419052	-0.552428769790195	-0.338692153115389	0.320052021681068	-0.206664255987375	-0.466699871215895	0.634130916795062	-0.149907947214405	-0.499749937468731	0.765972770870018	1
-1.25393820971224	0.256824583555317	-0.503176178661015	-0.131350719743845	-0.699357077447193	0.509804528318111	0.449101755661322	-1.67162280077191	1.56349831655402	-0.135906489468963	0.460600207221172	-0.704573447230058	-0.428075368025376	1.21399022946138	-0.195916251419052	-0.552428769790195	2.94958117810198	0.320052021681068	-0.206664255987375	-0.466699871215895	-1.57538447273477	-0.149907947214405	-0.499749937468731	-1.30422390715706	1
-1.25393820971224	-0.240736766567997	-0.503176178661015	-0.202140652238507	1.199349920147	-0.317800225445056	0.449101755661322	-0.765594182467354	0.611306893561316	-0.663357289477875	0.460600207221172	-0.704573447230058	-0.428075368025376	-0.822906128695298	-0.195916251419052	-0.552428769790195	-0.338692153115389	0.320052021681068	-0.206664255987375	-0.466699871215895	0.634130916795062	-0.149907947214405	-0.499749937468731	0.765972770870018	1
1.13148641244168	-0.240736766567997	1.3433419081684	-0.803855078443132	-0.699357077447193	-0.317800225445056	-0.963167916229627	0.140434435837207	-1.29307595242409	0.039910443867341	0.460600207221172	1.02656524375289	-0.428075368025376	-0.822906128695298	-0.195916251419052	1.80837793871491	-0.338692153115389	0.320052021681068	-0.206664255987375	-0.466699871215895	0.634130916795062	-0.149907947214405	-0.499749937468731	0.765972770870018	1
-1.25393820971224	-1.07000568344019	1.3433419081684	0.0456241114928096	-0.699357077447193	0.509804528318111	0.449101755661322	1.04646305414177	-1.29307595242409	0.303635843871797	0.460600207221172	1.02656524375289	-0.428075368025376	-0.822906128695298	5.09911757071751	1.80837793871491	-0.338692153115389	0.320052021681068	-0.206664255987375	-0.466699871215895	0.634130916795062	-0.149907947214405	1.99899974987492	-1.30422390715706	1
1.13148641244168	-0.73829811669131	1.3433419081684	0.895103301428751	1.83225225267839	1.33740928208128	0.449101755661322	1.04646305414177	-0.340884529431388	1.18272051055332	0.460600207221172	-0.704573447230058	-0.428075368025376	1.21399022946138	-0.195916251419052	-0.552428769790195	-0.338692153115389	0.320052021681068	-0.206664255987375	2.14056197915223	-1.57538447273477	-0.149907947214405	-0.499749937468731	0.765972770870018	1
1.13148641244168	0.256824583555317	-0.503176178661015	-0.626880247206478	1.199349920147	0.509804528318111	-0.963167916229627	0.140434435837207	0.611306893561316	-0.135906489468963	0.460600207221172	-0.704573447230058	2.33370119988027	1.21399022946138	-0.195916251419052	1.80837793871491	-0.338692153115389	0.320052021681068	-0.206664255987375	-0.466699871215895	0.634130916795062	-0.149907947214405	-0.499749937468731	0.765972770870018	1
0.336344871723703	1.25194728380194	-0.503176178661015	0.43496874021345	-0.699357077447193	1.33740928208128	0.449101755661322	-0.765594182467354	0.611306893561316	-0.399631889473419	0.460600207221172	-0.704573447230058	-0.428075368025376	-0.822906128695298	-0.195916251419052	-0.552428769790195	-0.338692153115389	0.320052021681068	-0.206664255987375	-0.466699871215895	0.634130916795062	-0.149907947214405	-0.499749937468731	0.765972770870018	1
-0.45879666899427	-1.23585946681462	-0.503176178661015	-0.768460112195801	-0.699357077447193	1.33740928208128	0.449101755661322	1.04646305414177	0.611306893561316	-0.663357289477875	0.460600207221172	-0.704573447230058	2.33370119988027	-0.822906128695298	-0.195916251419052	-0.552428769790195	-0.338692153115389	0.320052021681068	-0.206664255987375	-0.466699871215895	0.634130916795062	-0.149907947214405	-0.499749937468731	0.765972770870018	1
-1.25393820971224	0.256824583555317	1.3433419081684	1.1782630314074	-0.699357077447193	-1.97300973297139	0.449101755661322	1.04646305414177	1.56349831655402	3.46834064392527	0.460600207221172	1.02656524375289	-0.428075368025376	1.21399022946138	-0.195916251419052	-0.552428769790195	2.94958117810198	0.320052021681068	-0.206664255987375	-0.466699871215895	-1.57538447273477	-0.149907947214405	-0.499749937468731	-1.30422390715706	1
1.13148641244168	-0.240736766567997	1.3433419081684	-0.485300382217154	-0.0664547449157966	-0.317800225445056	-0.963167916229627	-0.765594182467354	-1.29307595242409	-0.487540356141571	0.460600207221172	1.02656524375289	-0.428075368025376	-0.822906128695298	-0.195916251419052	-0.552428769790195	-0.338692153115389	0.320052021681068	-0.206664255987375	-0.466699871215895	0.634130916795062	-0.149907947214405	-0.499749937468731	0.765972770870018	1
-0.45879666899427	3.2421926842952	-0.503176178661015	1.46142276138605	-0.0664547449157966	-1.14540497920822	-0.963167916229627	-0.765594182467354	-0.340884529431388	-1.01499115615048	0.460600207221172	-0.704573447230058	-0.428075368025376	-0.822906128695298	-0.195916251419052	1.80837793871491	-0.338692153115389	0.320052021681068	-0.206664255987375	-0.466699871215895	0.634130916795062	-0.149907947214405	-0.499749937468731	-1.30422390715706	1
1.13148641244168	2.24706998404857	1.3433419081684	2.94801134377394	-0.0664547449157966	-0.317800225445056	-0.963167916229627	1.04646305414177	0.611306893561316	-1.01499115615048	-2.37386260644758	1.02656524375289	-0.428075368025376	-0.822906128695298	-0.195916251419052	-0.552428769790195	2.94958117810198	0.320052021681068	-0.206664255987375	2.14056197915223	-1.57538447273477	-0.149907947214405	1.99899974987492	-1.30422390715706	1
-1.25393820971224	0.256824583555317	-2.34969426549043	0.293388875224126	-0.699357077447193	1.33740928208128	0.449101755661322	1.04646305414177	1.56349831655402	-1.10289962281863	-2.37386260644758	1.02656524375289	2.33370119988027	-0.822906128695298	-0.195916251419052	-0.552428769790195	-0.338692153115389	0.320052021681068	-0.206664255987375	2.14056197915223	-1.57538447273477	-0.149907947214405	-0.499749937468731	0.765972770870018	1
-1.25393820971224	-1.23585946681462	1.3433419081684	0.0456241114928096	-0.699357077447193	-0.317800225445056	-2.37543758812058	1.04646305414177	-1.29307595242409	0.743178177212557	0.460600207221172	-0.704573447230058	-0.428075368025376	1.21399022946138	-0.195916251419052	-0.552428769790195	-0.338692153115389	0.320052021681068	-0.206664255987375	2.14056197915223	-1.57538447273477	-0.149907947214405	-0.499749937468731	-1.30422390715706	1
-0.45879666899427	-0.655371225004091	-0.503176178661015	-0.414510449722492	-0.699357077447193	-1.14540497920822	-0.963167916229627	1.04646305414177	-0.340884529431388	-1.10289962281863	0.460600207221172	-0.704573447230058	-0.428075368025376	-0.822906128695298	-0.195916251419052	-0.552428769790195	-0.338692153115389	-3.1213675662874	-0.206664255987375	-0.466699871215895	0.634130916795062	-0.149907947214405	1.99899974987492	-1.30422390715706	1
-1.25393820971224	-0.489517441629653	-0.503176178661015	-0.697670179701139	1.83225225267839	-0.317800225445056	-0.963167916229627	-0.765594182467354	0.611306893561316	-1.01499115615048	0.460600207221172	-0.704573447230058	-0.428075368025376	-0.822906128695298	-0.195916251419052	-0.552428769790195	-0.338692153115389	0.320052021681068	-0.206664255987375	2.14056197915223	-1.57538447273477	-0.149907947214405	-0.499749937468731	0.765972770870018	1
-1.25393820971224	0.256824583555317	-0.503176178661015	0.328783841471457	-0.699357077447193	-0.317800225445056	0.449101755661322	1.04646305414177	-0.340884529431388	-0.663357289477875	0.460600207221172	-0.704573447230058	-0.428075368025376	-0.822906128695298	-0.195916251419052	-0.552428769790195	-0.338692153115389	0.320052021681068	-0.206664255987375	-0.466699871215895	0.634130916795062	-0.149907947214405	-0.499749937468731	0.765972770870018	1
-0.45879666899427	-0.904151900065748	-0.503176178661015	-0.626880247206478	-0.699357077447193	-0.317800225445056	-2.37543758812058	-0.765594182467354	0.611306893561316	-0.399631889473419	0.460600207221172	-0.704573447230058	-0.428075368025376	-0.822906128695298	-0.195916251419052	-0.552428769790195	-0.338692153115389	0.320052021681068	-0.206664255987375	-0.466699871215895	0.634130916795062	-0.149907947214405	1.99899974987492	-1.30422390715706	1
-0.45879666899427	0.256824583555317	1.3433419081684	0.85970833518142	-0.699357077447193	-1.14540497920822	-0.963167916229627	1.04646305414177	1.56349831655402	-1.01499115615048	0.460600207221172	1.02656524375289	-0.428075368025376	1.21399022946138	-0.195916251419052	-0.552428769790195	-0.338692153115389	0.320052021681068	-0.206664255987375	-0.466699871215895	-1.57538447273477	-0.149907947214405	-0.499749937468731	0.765972770870018	1
-1.25393820971224	0.00804390849366035	-0.503176178661015	0.116414043987471	-0.699357077447193	0.509804528318111	-0.963167916229627	1.04646305414177	0.611306893561316	-0.839174222814178	0.460600207221172	-0.704573447230058	-0.428075368025376	-0.822906128695298	-0.195916251419052	-0.552428769790195	-0.338692153115389	0.320052021681068	-0.206664255987375	2.14056197915223	-1.57538447273477	-0.149907947214405	1.99899974987492	-1.30422390715706	1
-0.45879666899427	-0.240736766567997	-0.503176178661015	-0.0251658210018522	0.5664475876156	-1.14540497920822	1.86137142755227	0.140434435837207	-1.29307595242409	-0.92708268948233	0.460600207221172	-0.704573447230058	-0.428075368025376	-0.822906128695298	-0.195916251419052	-0.552428769790195	-0.338692153115389	0.320052021681068	-0.206664255987375	2.14056197915223	-1.57538447273477	-0.149907947214405	-0.499749937468731	0.765972770870018	1
-0.45879666899427	-0.240736766567997	-0.503176178661015	0.399573773966119	-0.699357077447193	1.33740928208128	0.449101755661322	-1.67162280077191	-1.29307595242409	-0.223814956137115	-2.37386260644758	-0.704573447230058	-0.428075368025376	1.21399022946138	-0.195916251419052	-0.552428769790195	-0.338692153115389	-3.1213675662874	4.83392735346079	-0.466699871215895	0.634130916795062	-0.149907947214405	-0.499749937468731	-1.30422390715706	1
0.336344871723703	-0.904151900065748	-0.503176178661015	0.222598942729464	-0.699357077447193	-1.14540497920822	0.449101755661322	-1.67162280077191	-0.340884529431388	0.127818910535493	0.460600207221172	-0.704573447230058	2.33370119988027	-0.822906128695298	-0.195916251419052	1.80837793871491	-0.338692153115389	-3.1213675662874	-0.206664255987375	-0.466699871215895	0.634130916795062	-0.149907947214405	1.99899974987492	-1.30422390715706	1
1.13148641244168	-0.489517441629653	1.3433419081684	-0.626880247206478	-0.699357077447193	-0.317800225445056	-0.963167916229627	-0.765594182467354	0.611306893561316	0.655269710544405	0.460600207221172	-0.704573447230058	-0.428075368025376	-0.822906128695298	-0.195916251419052	-0.552428769790195	-0.338692153115389	0.320052021681068	-0.206664255987375	-0.466699871215895	0.634130916795062	-0.149907947214405	1.99899974987492	-1.30422390715706	1
-0.45879666899427	-0.655371225004091	1.3433419081684	-0.839250044690463	-0.699357077447193	-1.14540497920822	0.449101755661322	1.04646305414177	-1.29307595242409	-1.10289962281863	0.460600207221172	1.02656524375289	-0.428075368025376	-0.822906128695298	-0.195916251419052	-0.552428769790195	-0.338692153115389	-3.1213675662874	-0.206664255987375	-0.466699871215895	0.634130916795062	-0.149907947214405	-0.499749937468731	0.765972770870018	1
-0.45879666899427	0.256824583555317	-0.503176178661015	0.187203976482133	0.5664475876156	-1.97300973297139	-0.963167916229627	1.04646305414177	1.56349831655402	-1.10289962281863	0.460600207221172	-0.704573447230058	-0.428075368025376	-0.822906128695298	-0.195916251419052	-0.552428769790195	-0.338692153115389	0.320052021681068	-0.206664255987375	2.14056197915223	-1.57538447273477	6.66408965344035	-0.499749937468731	-1.30422390715706	1
1.13148641244168	-1.23585946681462	0.420082864753691	-0.556090314711816	-0.0664547449157966	-0.317800225445056	0.449101755661322	-0.765594182467354	-1.29307595242409	-0.135906489468963	0.460600207221172	1.02656524375289	-0.428075368025376	-0.822906128695298	-0.195916251419052	-0.552428769790195	-0.338692153115389	0.320052021681068	-0.206664255987375	-0.466699871215895	0.634130916795062	-0.149907947214405	1.99899974987492	-1.30422390715706	1
-0.45879666899427	-0.987078791752967	1.3433419081684	-0.768460112195801	1.199349920147	1.33740928208128	0.449101755661322	0.140434435837207	1.56349831655402	-0.311723422805267	0.460600207221172	1.02656524375289	2.33370119988027	-0.822906128695298	-0.195916251419052	-0.552428769790195	-0.338692153115389	0.320052021681068	-0.206664255987375	-0.466699871215895	-1.57538447273477	-0.149907947214405	-0.499749937468731	0.765972770870018	1
1.13148641244168	-0.987078791752967	-0.503176178661015	-0.73306514594847	-0.699357077447193	-1.14540497920822	-0.963167916229627	1.04646305414177	-1.29307595242409	-1.10289962281863	0.460600207221172	-0.704573447230058	-0.428075368025376	1.21399022946138	-0.195916251419052	-0.552428769790195	-0.338692153115389	0.320052021681068	-0.206664255987375	2.14056197915223	-1.57538447273477	-0.149907947214405	-0.499749937468731	0.765972770870018	1
-0.45879666899427	-0.987078791752967	-0.503176178661015	-0.803855078443132	-0.699357077447193	-0.317800225445056	-0.963167916229627	-0.765594182467354	0.611306893561316	-0.575448822809723	0.460600207221172	-0.704573447230058	-0.428075368025376	-0.822906128695298	5.09911757071751	-0.552428769790195	-0.338692153115389	0.320052021681068	-0.206664255987375	-0.466699871215895	0.634130916795062	-0.149907947214405	-0.499749937468731	0.765972770870018	1
1.13148641244168	-0.240736766567997	1.3433419081684	-0.0251658210018522	1.83225225267839	-1.97300973297139	0.449101755661322	1.04646305414177	1.56349831655402	0.215727377203645	0.460600207221172	-0.704573447230058	-0.428075368025376	1.21399022946138	-0.195916251419052	-0.552428769790195	2.94958117810198	0.320052021681068	-0.206664255987375	-0.466699871215895	0.634130916795062	-0.149907947214405	-0.499749937468731	-1.30422390715706	1
-1.25393820971224	-0.73829811669131	-2.34969426549043	1.03668316641807	-0.699357077447193	-0.317800225445056	0.449101755661322	-0.765594182467354	-0.340884529431388	-0.663357289477875	0.460600207221172	1.02656524375289	-0.428075368025376	1.21399022946138	-0.195916251419052	-0.552428769790195	-0.338692153115389	0.320052021681068	-0.206664255987375	2.14056197915223	-1.57538447273477	-0.149907947214405	-0.499749937468731	0.765972770870018	1
1.13148641244168	-0.904151900065748	-0.503176178661015	-0.910039977185125	0.5664475876156	1.33740928208128	0.449101755661322	1.04646305414177	1.56349831655402	0.918995110548861	0.460600207221172	-0.704573447230058	-0.428075368025376	1.21399022946138	-0.195916251419052	-0.552428769790195	-0.338692153115389	0.320052021681068	-0.206664255987375	-0.466699871215895	-1.57538447273477	-0.149907947214405	-0.499749937468731	0.765972770870018	1
-0.45879666899427	0.256824583555317	-0.503176178661015	-0.73306514594847	-0.699357077447193	-1.14540497920822	0.449101755661322	-0.765594182467354	-1.29307595242409	-1.10289962281863	-0.956631199613203	-0.704573447230058	-0.428075368025376	-0.822906128695298	-0.195916251419052	1.80837793871491	-0.338692153115389	0.320052021681068	-0.206664255987375	-0.466699871215895	0.634130916795062	-0.149907947214405	1.99899974987492	-1.30422390715706	1
1.13148641244168	-0.73829811669131	1.3433419081684	-0.34372051722783	1.83225225267839	1.33740928208128	0.449101755661322	1.04646305414177	-1.29307595242409	1.18272051055332	0.460600207221172	-0.704573447230058	-0.428075368025376	1.21399022946138	-0.195916251419052	-0.552428769790195	-0.338692153115389	-3.1213675662874	4.83392735346079	-0.466699871215895	0.634130916795062	-0.149907947214405	-0.499749937468731	0.765972770870018	1
1.13148641244168	1.25194728380194	0.420082864753691	0.43496874021345	-0.699357077447193	-0.317800225445056	0.449101755661322	-0.765594182467354	0.611306893561316	-0.839174222814178	0.460600207221172	1.02656524375289	-0.428075368025376	1.21399022946138	-0.195916251419052	-0.552428769790195	-0.338692153115389	0.320052021681068	-0.206664255987375	-0.466699871215895	0.634130916795062	-0.149907947214405	-0.499749937468731	-1.30422390715706	1
1.13148641244168	-0.73829811669131	-0.503176178661015	-0.874645010937794	-0.699357077447193	-0.317800225445056	1.86137142755227	-0.765594182467354	-1.29307595242409	-0.663357289477875	0.460600207221172	-0.704573447230058	-0.428075368025376	-0.822906128695298	-0.195916251419052	-0.552428769790195	-0.338692153115389	0.320052021681068	-0.206664255987375	-0.466699871215895	0.634130916795062	-0.149907947214405	-0.499749937468731	0.765972770870018	1
-1.25393820971224	0.754385933678631	-0.503176178661015	-0.308325550980499	-0.699357077447193	0.509804528318111	-0.963167916229627	1.04646305414177	-1.29307595242409	-1.10289962281863	0.460600207221172	-0.704573447230058	-0.428075368025376	-0.822906128695298	-0.195916251419052	-0.552428769790195	-0.338692153115389	0.320052021681068	-0.206664255987375	2.14056197915223	-1.57538447273477	-0.149907947214405	-0.499749937468731	0.765972770870018	1
-0.45879666899427	-0.240736766567997	-0.503176178661015	-0.73306514594847	1.83225225267839	-0.317800225445056	0.449101755661322	1.04646305414177	1.56349831655402	2.23762211057114	0.460600207221172	-0.704573447230058	-0.428075368025376	-0.822906128695298	-0.195916251419052	-0.552428769790195	-0.338692153115389	0.320052021681068	-0.206664255987375	-0.466699871215895	-1.57538447273477	-0.149907947214405	-0.499749937468731	0.765972770870018	1
0.336344871723703	-0.73829811669131	-0.503176178661015	0.0456241114928096	1.83225225267839	1.33740928208128	0.449101755661322	0.140434435837207	0.611306893561316	0.127818910535493	0.460600207221172	-0.704573447230058	-0.428075368025376	-0.822906128695298	-0.195916251419052	-0.552428769790195	-0.338692153115389	0.320052021681068	-0.206664255987375	-0.466699871215895	0.634130916795062	-0.149907947214405	-0.499749937468731	-1.30422390715706	1
0.336344871723703	-0.73829811669131	0.420082864753691	-0.379115483475161	-0.699357077447193	-0.317800225445056	-0.963167916229627	-0.765594182467354	0.611306893561316	0.039910443867341	-0.956631199613203	1.02656524375289	-0.428075368025376	1.21399022946138	-0.195916251419052	1.80837793871491	-0.338692153115389	0.320052021681068	-0.206664255987375	-0.466699871215895	0.634130916795062	-0.149907947214405	-0.499749937468731	0.765972770870018	1
1.13148641244168	-1.23585946681462	-0.503176178661015	-0.520695348464485	-0.699357077447193	-0.317800225445056	1.86137142755227	-0.765594182467354	-0.340884529431388	-1.27871655615494	0.460600207221172	-0.704573447230058	-0.428075368025376	-0.822906128695298	-0.195916251419052	-0.552428769790195	-0.338692153115389	0.320052021681068	-0.206664255987375	2.14056197915223	-1.57538447273477	-0.149907947214405	-0.499749937468731	0.765972770870018	1
-1.25393820971224	-0.240736766567997	-0.503176178661015	-0.272930584733169	-0.699357077447193	-1.97300973297139	0.449101755661322	-1.67162280077191	0.611306893561316	-0.92708268948233	0.460600207221172	-0.704573447230058	-0.428075368025376	-0.822906128695298	-0.195916251419052	-0.552428769790195	-0.338692153115389	0.320052021681068	-0.206664255987375	-0.466699871215895	0.634130916795062	6.66408965344035	-0.499749937468731	-1.30422390715706	1
1.13148641244168	-0.73829811669131	-0.503176178661015	-0.626880247206478	-0.699357077447193	0.509804528318111	0.449101755661322	1.04646305414177	0.611306893561316	0.039910443867341	0.460600207221172	-0.704573447230058	-0.428075368025376	1.21399022946138	-0.195916251419052	-0.552428769790195	-0.338692153115389	0.320052021681068	-0.206664255987375	-0.466699871215895	0.634130916795062	-0.149907947214405	-0.499749937468731	0.765972770870018	1
1.13148641244168	-0.240736766567997	1.3433419081684	0.187203976482133	-0.699357077447193	0.509804528318111	0.449101755661322	-1.67162280077191	0.611306893561316	-0.751265756146026	0.460600207221172	1.02656524375289	-0.428075368025376	-0.822906128695298	-0.195916251419052	-0.552428769790195	2.94958117810198	0.320052021681068	-0.206664255987375	-0.466699871215895	0.634130916795062	-0.149907947214405	-0.499749937468731	0.765972770870018	1
-1.25393820971224	-0.240736766567997	-0.503176178661015	0.116414043987471	-0.699357077447193	-1.14540497920822	-0.963167916229627	1.04646305414177	0.611306893561316	-1.19080808948679	0.460600207221172	-0.704573447230058	-0.428075368025376	-0.822906128695298	-0.195916251419052	-0.552428769790195	-0.338692153115389	0.320052021681068	-0.206664255987375	2.14056197915223	-1.57538447273477	-0.149907947214405	-0.499749937468731	0.765972770870018	1
-1.25393820971224	1.25194728380194	-0.503176178661015	0.0456241114928096	-0.699357077447193	1.33740928208128	0.449101755661322	-0.765594182467354	0.611306893561316	0.567361243876253	0.460600207221172	-0.704573447230058	2.33370119988027	-0.822906128695298	-0.195916251419052	-0.552428769790195	-0.338692153115389	0.320052021681068	-0.206664255987375	-0.466699871215895	0.634130916795062	-0.149907947214405	-0.499749937468731	0.765972770870018	1
-0.45879666899427	-0.240736766567997	-0.503176178661015	-0.095955753496514	-0.699357077447193	0.509804528318111	-0.963167916229627	1.04646305414177	-1.29307595242409	0.391544310539949	0.460600207221172	-0.704573447230058	-0.428075368025376	-0.822906128695298	-0.195916251419052	-0.552428769790195	-0.338692153115389	0.320052021681068	-0.206664255987375	2.14056197915223	-1.57538447273477	-0.149907947214405	-0.499749937468731	0.765972770870018	1
1.13148641244168	1.25194728380194	-0.503176178661015	-0.0605607872491831	1.83225225267839	-0.317800225445056	0.449101755661322	1.04646305414177	-1.29307595242409	0.039910443867341	0.460600207221172	-0.704573447230058	-0.428075368025376	-0.822906128695298	-0.195916251419052	1.80837793871491	-0.338692153115389	0.320052021681068	-0.206664255987375	-0.466699871215895	0.634130916795062	-0.149907947214405	-0.499749937468731	0.765972770870018	1
1.13148641244168	-0.240736766567997	1.3433419081684	1.00128820017074	-0.699357077447193	1.33740928208128	0.449101755661322	1.04646305414177	0.611306893561316	-0.223814956137115	0.460600207221172	1.02656524375289	-0.428075368025376	1.21399022946138	-0.195916251419052	-0.552428769790195	-0.338692153115389	0.320052021681068	-0.206664255987375	-0.466699871215895	0.634130916795062	-0.149907947214405	-0.499749937468731	0.765972770870018	1
1.13148641244168	-0.904151900065748	1.3433419081684	-0.414510449722492	-0.699357077447193	-1.14540497920822	-0.963167916229627	0.140434435837207	-1.29307595242409	-1.10289962281863	0.460600207221172	1.02656524375289	-0.428075368025376	-0.822906128695298	-0.195916251419052	-0.552428769790195	-0.338692153115389	0.320052021681068	-0.206664255987375	2.14056197915223	-1.57538447273477	-0.149907947214405	-0.499749937468731	0.765972770870018	1
1.13148641244168	3.2421926842952	1.3433419081684	3.72670060121522	1.83225225267839	1.33740928208128	0.449101755661322	1.04646305414177	1.56349831655402	2.41343904390744	-2.37386260644758	-0.704573447230058	-0.428075368025376	1.21399022946138	-0.195916251419052	1.80837793871491	-0.338692153115389	0.320052021681068	-0.206664255987375	-0.466699871215895	-1.57538447273477	-0.149907947214405	-0.499749937468731	-1.30422390715706	1
-0.45879666899427	3.2421926842952	-1.42643522207572	4.08065026368853	-0.0664547449157966	1.33740928208128	-0.963167916229627	1.04646305414177	1.56349831655402	2.14971364390299	-2.37386260644758	1.02656524375289	-0.428075368025376	1.21399022946138	-0.195916251419052	-0.552428769790195	-0.338692153115389	0.320052021681068	-0.206664255987375	-0.466699871215895	-1.57538447273477	-0.149907947214405	-0.499749937468731	-1.30422390715706	1
-1.25393820971224	2.24706998404857	-1.42643522207572	1.56760766012804	-0.699357077447193	0.509804528318111	-0.963167916229627	1.04646305414177	0.611306893561316	0.127818910535493	0.460600207221172	-0.704573447230058	-0.428075368025376	-0.822906128695298	-0.195916251419052	-0.552428769790195	-0.338692153115389	-3.1213675662874	-0.206664255987375	2.14056197915223	-1.57538447273477	-0.149907947214405	-0.499749937468731	0.765972770870018	1
1.13148641244168	-0.240736766567997	0.420082864753691	-0.34372051722783	-0.699357077447193	-1.97300973297139	1.86137142755227	0.140434435837207	-1.29307595242409	-0.135906489468963	0.460600207221172	1.02656524375289	-0.428075368025376	-0.822906128695298	-0.195916251419052	-0.552428769790195	-0.338692153115389	0.320052021681068	-0.206664255987375	-0.466699871215895	0.634130916795062	-0.149907947214405	-0.499749937468731	0.765972770870018	1
1.13148641244168	-1.15293257512741	0.420082864753691	-0.874645010937794	1.83225225267839	1.33740928208128	0.449101755661322	1.04646305414177	1.56349831655402	0.039910443867341	0.460600207221172	-0.704573447230058	-0.428075368025376	-0.822906128695298	-0.195916251419052	-0.552428769790195	-0.338692153115389	0.320052021681068	-0.206664255987375	-0.466699871215895	-1.57538447273477	-0.149907947214405	-0.499749937468731	0.765972770870018	1
-0.45879666899427	1.25194728380194	-0.503176178661015	3.90367543245188	-0.699357077447193	1.33740928208128	0.449101755661322	-0.765594182467354	1.56349831655402	1.88598824389853	0.460600207221172	-0.704573447230058	-0.428075368025376	1.21399022946138	-0.195916251419052	1.80837793871491	-0.338692153115389	0.320052021681068	-0.206664255987375	-0.466699871215895	-1.57538447273477	-0.149907947214405	-0.499749937468731	-1.30422390715706	1
1.13148641244168	-1.23585946681462	1.3433419081684	-1.01622487592712	-0.0664547449157966	-0.317800225445056	-0.963167916229627	1.04646305414177	0.611306893561316	1.44644591055777	0.460600207221172	1.02656524375289	-0.428075368025376	-0.822906128695298	-0.195916251419052	1.80837793871491	-0.338692153115389	0.320052021681068	-0.206664255987375	-0.466699871215895	0.634130916795062	-0.149907947214405	1.99899974987492	-1.30422390715706	1
-1.25393820971224	-0.0748829831935586	-0.503176178661015	-0.379115483475161	1.83225225267839	0.509804528318111	0.449101755661322	1.04646305414177	0.611306893561316	0.303635843871797	0.460600207221172	-0.704573447230058	-0.428075368025376	1.21399022946138	-0.195916251419052	-0.552428769790195	-0.338692153115389	0.320052021681068	-0.206664255987375	-0.466699871215895	0.634130916795062	-0.149907947214405	-0.499749937468731	0.765972770870018	1
-0.45879666899427	-0.240736766567997	-0.503176178661015	3.44354087123658	-0.699357077447193	-1.97300973297139	-0.963167916229627	1.04646305414177	1.56349831655402	0.215727377203645	0.460600207221172	-0.704573447230058	-0.428075368025376	1.21399022946138	-0.195916251419052	-0.552428769790195	2.94958117810198	0.320052021681068	-0.206664255987375	-0.466699871215895	-1.57538447273477	-0.149907947214405	-0.499749937468731	-1.30422390715706	1
1.13148641244168	0.0909708001808793	-0.503176178661015	-0.697670179701139	1.83225225267839	0.509804528318111	-0.963167916229627	1.04646305414177	-0.340884529431388	-0.92708268948233	0.460600207221172	-0.704573447230058	-0.428075368025376	-0.822906128695298	-0.195916251419052	1.80837793871491	-0.338692153115389	0.320052021681068	-0.206664255987375	2.14056197915223	-1.57538447273477	-0.149907947214405	-0.499749937468731	0.765972770870018	1
0.336344871723703	-0.73829811669131	-0.503176178661015	-0.697670179701139	-0.699357077447193	-1.14540497920822	0.449101755661322	-1.67162280077191	-1.29307595242409	-0.839174222814178	0.460600207221172	-0.704573447230058	-0.428075368025376	-0.822906128695298	-0.195916251419052	1.80837793871491	-0.338692153115389	0.320052021681068	-0.206664255987375	-0.466699871215895	0.634130916795062	-0.149907947214405	-0.499749937468731	0.765972770870018	1
1.13148641244168	0.754385933678631	0.420082864753691	0.364178807718788	-0.0664547449157966	-0.317800225445056	0.449101755661322	-0.765594182467354	-0.340884529431388	-0.839174222814178	0.460600207221172	1.02656524375289	-0.428075368025376	-0.822906128695298	-0.195916251419052	-0.552428769790195	-0.338692153115389	0.320052021681068	-0.206664255987375	-0.466699871215895	0.634130916795062	-0.149907947214405	1.99899974987492	-1.30422390715706	1
1.13148641244168	-0.240736766567997	1.3433419081684	-0.379115483475161	-0.699357077447193	-0.317800225445056	-0.963167916229627	-1.67162280077191	0.611306893561316	-0.92708268948233	0.460600207221172	1.02656524375289	-0.428075368025376	-0.822906128695298	-0.195916251419052	-0.552428769790195	-0.338692153115389	0.320052021681068	-0.206664255987375	-0.466699871215895	0.634130916795062	-0.149907947214405	-0.499749937468731	0.765972770870018	1
1.13148641244168	-0.240736766567997	-0.503176178661015	-0.768460112195801	1.83225225267839	-1.14540497920822	-0.963167916229627	-0.765594182467354	-1.29307595242409	-1.27871655615494	0.460600207221172	-0.704573447230058	-0.428075368025376	1.21399022946138	-0.195916251419052	-0.552428769790195	-0.338692153115389	0.320052021681068	-0.206664255987375	2.14056197915223	-1.57538447273477	-0.149907947214405	-0.499749937468731	0.765972770870018	1
-0.45879666899427	-0.240736766567997	1.3433419081684	1.46142276138605	-0.699357077447193	-1.97300973297139	0.449101755661322	1.04646305414177	-0.340884529431388	0.391544310539949	-0.956631199613203	1.02656524375289	-0.428075368025376	1.21399022946138	-0.195916251419052	-0.552428769790195	-0.338692153115389	0.320052021681068	-0.206664255987375	-0.466699871215895	0.634130916795062	-0.149907947214405	-0.499749937468731	-1.30422390715706	1
-0.45879666899427	-0.489517441629653	1.3433419081684	-0.34372051722783	0.5664475876156	-0.317800225445056	0.449101755661322	1.04646305414177	0.611306893561316	-0.751265756146026	-2.37386260644758	-0.704573447230058	-0.428075368025376	-0.822906128695298	-0.195916251419052	-0.552428769790195	-0.338692153115389	0.320052021681068	-0.206664255987375	-0.466699871215895	0.634130916795062	-0.149907947214405	-0.499749937468731	0.765972770870018	1
1.13148641244168	-0.987078791752967	-0.503176178661015	-0.662275213453809	-0.699357077447193	0.509804528318111	-0.963167916229627	-0.765594182467354	0.611306893561316	-0.751265756146026	0.460600207221172	1.02656524375289	-0.428075368025376	-0.822906128695298	-0.195916251419052	-0.552428769790195	-0.338692153115389	0.320052021681068	-0.206664255987375	-0.466699871215895	0.634130916795062	-0.149907947214405	-0.499749937468731	0.765972770870018	1
1.13148641244168	-0.240736766567997	-0.503176178661015	-0.520695348464485	-0.699357077447193	-0.317800225445056	1.86137142755227	-0.765594182467354	-0.340884529431388	-0.487540356141571	0.460600207221172	-0.704573447230058	-0.428075368025376	1.21399022946138	-0.195916251419052	1.80837793871491	-0.338692153115389	0.320052021681068	-0.206664255987375	-0.466699871215895	0.634130916795062	-0.149907947214405	-0.499749937468731	-1.30422390715706	1
-0.45879666899427	-0.73829811669131	-0.503176178661015	-0.803855078443132	1.199349920147	-1.14540497920822	-0.963167916229627	1.04646305414177	-1.29307595242409	-1.45453348949124	0.460600207221172	-0.704573447230058	-0.428075368025376	-0.822906128695298	-0.195916251419052	-0.552428769790195	-0.338692153115389	0.320052021681068	-0.206664255987375	2.14056197915223	-1.57538447273477	-0.149907947214405	1.99899974987492	-1.30422390715706	1
-1.25393820971224	1.25194728380194	-0.503176178661015	-0.0251658210018522	-0.699357077447193	0.509804528318111	0.449101755661322	1.04646305414177	1.56349831655402	0.303635843871797	-2.37386260644758	-0.704573447230058	2.33370119988027	1.21399022946138	-0.195916251419052	1.80837793871491	-0.338692153115389	0.320052021681068	-0.206664255987375	-0.466699871215895	-1.57538447273477	-0.149907947214405	-0.499749937468731	-1.30422390715706	1
-1.25393820971224	-1.23585946681462	1.3433419081684	-0.449905415969823	-0.699357077447193	0.509804528318111	-0.963167916229627	1.04646305414177	0.611306893561316	-0.399631889473419	0.460600207221172	-0.704573447230058	-0.428075368025376	-0.822906128695298	-0.195916251419052	-0.552428769790195	-0.338692153115389	0.320052021681068	-0.206664255987375	-0.466699871215895	0.634130916795062	-0.149907947214405	-0.499749937468731	0.765972770870018	1
1.13148641244168	-0.987078791752967	1.3433419081684	-0.308325550980499	-0.699357077447193	-1.97300973297139	0.449101755661322	0.140434435837207	0.611306893561316	-0.399631889473419	0.460600207221172	-0.704573447230058	-0.428075368025376	-0.822906128695298	-0.195916251419052	-0.552428769790195	-0.338692153115389	0.320052021681068	-0.206664255987375	-0.466699871215895	0.634130916795062	-0.149907947214405	-0.499749937468731	-1.30422390715706	1
-0.45879666899427	1.5007279588636	0.420082864753691	3.01880127626861	-0.0664547449157966	0.509804528318111	0.449101755661322	0.140434435837207	1.56349831655402	-0.311723422805267	0.460600207221172	-0.704573447230058	-0.428075368025376	1.21399022946138	-0.195916251419052	-0.552428769790195	-0.338692153115389	0.320052021681068	-0.206664255987375	2.14056197915223	-1.57538447273477	-0.149907947214405	-0.499749937468731	0.765972770870018	1
-1.25393820971224	-0.73829811669131	-0.503176178661015	-0.237535618485838	-0.699357077447193	-1.97300973297139	-0.963167916229627	1.04646305414177	1.56349831655402	1.71017131056223	0.460600207221172	-0.704573447230058	-0.428075368025376	-0.822906128695298	-0.195916251419052	-0.552428769790195	-0.338692153115389	0.320052021681068	-0.206664255987375	-0.466699871215895	-1.57538447273477	-0.149907947214405	-0.499749937468731	-1.30422390715706	1
-1.25393820971224	1.25194728380194	1.3433419081684	-0.34372051722783	-0.699357077447193	-0.317800225445056	1.86137142755227	-0.765594182467354	-0.340884529431388	0.918995110548861	0.460600207221172	1.02656524375289	-0.428075368025376	1.21399022946138	-0.195916251419052	-0.552428769790195	-0.338692153115389	0.320052021681068	-0.206664255987375	-0.466699871215895	0.634130916795062	-0.149907947214405	-0.499749937468731	0.765972770870018	1
-0.45879666899427	-0.73829811669131	-0.503176178661015	-0.73306514594847	-0.699357077447193	1.33740928208128	-2.37543758812058	-1.67162280077191	-1.29307595242409	0.918995110548861	0.460600207221172	1.02656524375289	-0.428075368025376	-0.822906128695298	-0.195916251419052	1.80837793871491	-0.338692153115389	0.320052021681068	-0.206664255987375	2.14056197915223	-1.57538447273477	-0.149907947214405	-0.499749937468731	0.765972770870018	1
1.13148641244168	0.256824583555317	1.3433419081684	-0.626880247206478	1.199349920147	-0.317800225445056	-0.963167916229627	-1.67162280077191	-1.29307595242409	0.655269710544405	0.460600207221172	1.02656524375289	-0.428075368025376	-0.822906128695298	-0.195916251419052	-0.552428769790195	-0.338692153115389	0.320052021681068	-0.206664255987375	-0.466699871215895	0.634130916795062	-0.149907947214405	1.99899974987492	-1.30422390715706	1
1.13148641244168	-0.240736766567997	-0.503176178661015	-0.626880247206478	-0.699357077447193	-1.14540497920822	1.86137142755227	1.04646305414177	-1.29307595242409	0.303635843871797	0.460600207221172	-0.704573447230058	-0.428075368025376	1.21399022946138	-0.195916251419052	-0.552428769790195	-0.338692153115389	0.320052021681068	-0.206664255987375	-0.466699871215895	0.634130916795062	-0.149907947214405	-0.499749937468731	0.765972770870018	1
-0.45879666899427	-0.240736766567997	1.3433419081684	-0.485300382217154	1.83225225267839	-0.317800225445056	1.86137142755227	1.04646305414177	-1.29307595242409	-0.663357289477875	-2.37386260644758	1.02656524375289	-0.428075368025376	-0.822906128695298	-0.195916251419052	-0.552428769790195	-0.338692153115389	0.320052021681068	-0.206664255987375	-0.466699871215895	0.634130916795062	-0.149907947214405	-0.499749937468731	0.765972770870018	1
1.13148641244168	0.256824583555317	0.420082864753691	1.88616235635402	-0.699357077447193	-1.14540497920822	0.449101755661322	-0.765594182467354	0.611306893561316	-0.751265756146026	-2.37386260644758	1.02656524375289	-0.428075368025376	1.21399022946138	-0.195916251419052	-0.552428769790195	-0.338692153115389	0.320052021681068	-0.206664255987375	-0.466699871215895	0.634130916795062	-0.149907947214405	-0.499749937468731	0.765972770870018	1
1.13148641244168	-0.572444333316872	0.420082864753691	-0.874645010937794	-0.699357077447193	-0.317800225445056	0.449101755661322	-0.765594182467354	0.611306893561316	-0.751265756146026	0.460600207221172	1.02656524375289	-0.428075368025376	-0.822906128695298	-0.195916251419052	1.80837793871491	-0.338692153115389	0.320052021681068	-0.206664255987375	-0.466699871215895	0.634130916795062	-0.149907947214405	1.99899974987492	-1.30422390715706	1
-0.45879666899427	-0.240736766567997	0.420082864753691	-0.131350719743845	1.83225225267839	1.33740928208128	0.449101755661322	1.04646305414177	0.611306893561316	0.655269710544405	0.460600207221172	-0.704573447230058	2.33370119988027	-0.822906128695298	-0.195916251419052	1.80837793871491	-0.338692153115389	0.320052021681068	-0.206664255987375	-0.466699871215895	0.634130916795062	-0.149907947214405	-0.499749937468731	0.765972770870018	1
-0.45879666899427	0.256824583555317	-0.503176178661015	-0.449905415969823	-0.699357077447193	-1.14540497920822	1.86137142755227	-1.67162280077191	-0.340884529431388	-1.19080808948679	0.460600207221172	-0.704573447230058	-0.428075368025376	1.21399022946138	-0.195916251419052	-0.552428769790195	-0.338692153115389	0.320052021681068	-0.206664255987375	-0.466699871215895	0.634130916795062	-0.149907947214405	-0.499749937468731	0.765972770870018	1
1.13148641244168	0.256824583555317	1.3433419081684	-0.379115483475161	1.83225225267839	0.509804528318111	0.449101755661322	1.04646305414177	0.611306893561316	0.655269710544405	0.460600207221172	1.02656524375289	2.33370119988027	1.21399022946138	-0.195916251419052	-0.552428769790195	2.94958117810198	0.320052021681068	-0.206664255987375	-0.466699871215895	0.634130916795062	-0.149907947214405	-0.499749937468731	0.765972770870018	1
-1.25393820971224	-0.489517441629653	-0.503176178661015	-0.768460112195801	-0.699357077447193	-1.14540497920822	1.86137142755227	-0.765594182467354	-1.29307595242409	-0.751265756146026	0.460600207221172	-0.704573447230058	-0.428075368025376	-0.822906128695298	5.09911757071751	-0.552428769790195	-0.338692153115389	0.320052021681068	-0.206664255987375	-0.466699871215895	0.634130916795062	-0.149907947214405	-0.499749937468731	0.765972770870018	1
1.13148641244168	0.256824583555317	-0.503176178661015	-0.0251658210018522	0.5664475876156	1.33740928208128	-2.37543758812058	-0.765594182467354	0.611306893561316	-0.839174222814178	0.460600207221172	-0.704573447230058	-0.428075368025376	1.21399022946138	-0.195916251419052	-0.552428769790195	-0.338692153115389	0.320052021681068	-0.206664255987375	-0.466699871215895	0.634130916795062	-0.149907947214405	-0.499749937468731	-1.30422390715706	1
0.336344871723703	-0.73829811669131	1.3433419081684	-0.839250044690463	0.5664475876156	0.509804528318111	1.86137142755227	-0.765594182467354	-1.29307595242409	-0.663357289477875	0.460600207221172	2.75770393473583	-0.428075368025376	1.21399022946138	-0.195916251419052	1.80837793871491	-0.338692153115389	0.320052021681068	-0.206664255987375	-0.466699871215895	0.634130916795062	-0.149907947214405	-0.499749937468731	0.765972770870018	1
-0.45879666899427	0.256824583555317	-0.503176178661015	-0.449905415969823	-0.699357077447193	1.33740928208128	-0.963167916229627	1.04646305414177	0.611306893561316	-1.36662502282309	0.460600207221172	-0.704573447230058	-0.428075368025376	1.21399022946138	-0.195916251419052	-0.552428769790195	-0.338692153115389	0.320052021681068	-0.206664255987375	-0.466699871215895	0.634130916795062	-0.149907947214405	-0.499749937468731	0.765972770870018	1
1.13148641244168	1.00316660874029	1.3433419081684	1.42602779513872	-0.699357077447193	0.509804528318111	0.449101755661322	-0.765594182467354	0.611306893561316	-0.0479980228008109	0.460600207221172	1.02656524375289	-0.428075368025376	1.21399022946138	-0.195916251419052	-0.552428769790195	2.94958117810198	0.320052021681068	-0.206664255987375	-0.466699871215895	0.634130916795062	-0.149907947214405	-0.499749937468731	-1.30422390715706	1
1.13148641244168	-0.73829811669131	1.3433419081684	-0.34372051722783	-0.699357077447193	-1.97300973297139	0.449101755661322	-0.765594182467354	0.611306893561316	0.567361243876253	-0.956631199613203	1.02656524375289	-0.428075368025376	1.21399022946138	-0.195916251419052	-0.552428769790195	-0.338692153115389	0.320052021681068	-0.206664255987375	-0.466699871215895	0.634130916795062	-0.149907947214405	-0.499749937468731	-1.30422390715706	1
1.13148641244168	-0.904151900065748	-0.503176178661015	-0.591485280959147	0.5664475876156	-0.317800225445056	0.449101755661322	-0.765594182467354	1.56349831655402	0.391544310539949	0.460600207221172	-0.704573447230058	2.33370119988027	-0.822906128695298	5.09911757071751	1.80837793871491	-0.338692153115389	0.320052021681068	-0.206664255987375	2.14056197915223	-1.57538447273477	-0.149907947214405	1.99899974987492	-1.30422390715706	1
-1.25393820971224	0.256824583555317	-0.503176178661015	-0.662275213453809	1.83225225267839	-0.317800225445056	-0.963167916229627	-0.765594182467354	-0.340884529431388	-0.0479980228008109	0.460600207221172	-0.704573447230058	-0.428075368025376	-0.822906128695298	-0.195916251419052	1.80837793871491	-0.338692153115389	0.320052021681068	-0.206664255987375	-0.466699871215895	0.634130916795062	-0.149907947214405	-0.499749937468731	0.765972770870018	1
1.13148641244168	1.25194728380194	1.3433419081684	0.895103301428751	-0.699357077447193	1.33740928208128	0.449101755661322	-0.765594182467354	-0.340884529431388	-0.0479980228008109	0.460600207221172	1.02656524375289	2.33370119988027	1.21399022946138	-0.195916251419052	-0.552428769790195	2.94958117810198	0.320052021681068	-0.206664255987375	-0.466699871215895	0.634130916795062	-0.149907947214405	-0.499749937468731	0.765972770870018	1
-1.25393820971224	-0.73829811669131	-0.503176178661015	-0.237535618485838	-0.699357077447193	-1.14540497920822	0.449101755661322	-1.67162280077191	-1.29307595242409	-0.223814956137115	0.460600207221172	-0.704573447230058	2.33370119988027	-0.822906128695298	-0.195916251419052	1.80837793871491	-0.338692153115389	0.320052021681068	-0.206664255987375	-0.466699871215895	0.634130916795062	-0.149907947214405	1.99899974987492	-1.30422390715706	1
-1.25393820971224	-0.240736766567997	0.420082864753691	1.85076739010669	1.83225225267839	-0.317800225445056	-0.963167916229627	-0.765594182467354	0.611306893561316	-1.10289962281863	0.460600207221172	1.02656524375289	-0.428075368025376	1.21399022946138	-0.195916251419052	-0.552428769790195	-0.338692153115389	0.320052021681068	-0.206664255987375	2.14056197915223	-1.57538447273477	-0.149907947214405	-0.499749937468731	0.765972770870018	1
1.13148641244168	0.00804390849366035	-0.503176178661015	-0.166745685991176	0.5664475876156	0.509804528318111	-0.963167916229627	-0.765594182467354	0.611306893561316	-0.399631889473419	-2.37386260644758	-0.704573447230058	-0.428075368025376	-0.822906128695298	-0.195916251419052	1.80837793871491	-0.338692153115389	0.320052021681068	-0.206664255987375	-0.466699871215895	0.634130916795062	-0.149907947214405	-0.499749937468731	-1.30422390715706	1
-0.45879666899427	-0.240736766567997	-0.503176178661015	-0.803855078443132	1.83225225267839	-0.317800225445056	-0.963167916229627	-0.765594182467354	-0.340884529431388	-0.223814956137115	0.460600207221172	-0.704573447230058	-0.428075368025376	-0.822906128695298	-0.195916251419052	1.80837793871491	-0.338692153115389	0.320052021681068	-0.206664255987375	-0.466699871215895	0.634130916795062	-0.149907947214405	-0.499749937468731	0.765972770870018	1
1.13148641244168	-0.489517441629653	-0.503176178661015	-0.0251658210018522	1.199349920147	0.509804528318111	-0.963167916229627	0.140434435837207	0.611306893561316	-1.36662502282309	0.460600207221172	-0.704573447230058	-0.428075368025376	-0.822906128695298	-0.195916251419052	1.80837793871491	-0.338692153115389	0.320052021681068	-0.206664255987375	2.14056197915223	-1.57538447273477	-0.149907947214405	-0.499749937468731	0.765972770870018	1
-0.45879666899427	-0.73829811669131	-0.503176178661015	-0.449905415969823	1.83225225267839	-0.317800225445056	0.449101755661322	-0.765594182467354	0.611306893561316	-0.487540356141571	0.460600207221172	-0.704573447230058	-0.428075368025376	-0.822906128695298	-0.195916251419052	-0.552428769790195	2.94958117810198	0.320052021681068	-0.206664255987375	-0.466699871215895	0.634130916795062	-0.149907947214405	-0.499749937468731	0.765972770870018	1
-0.45879666899427	-0.73829811669131	1.3433419081684	-0.803855078443132	-0.699357077447193	0.509804528318111	0.449101755661322	0.140434435837207	-1.29307595242409	1.00690357721701	0.460600207221172	1.02656524375289	2.33370119988027	-0.822906128695298	-0.195916251419052	1.80837793871491	-0.338692153115389	0.320052021681068	-0.206664255987375	-0.466699871215895	0.634130916795062	-0.149907947214405	1.99899974987492	-1.30422390715706	1
1.13148641244168	0.00804390849366035	0.420082864753691	-0.591485280959147	-0.0664547449157966	0.509804528318111	0.449101755661322	0.140434435837207	-1.29307595242409	-0.135906489468963	0.460600207221172	1.02656524375289	-0.428075368025376	-0.822906128695298	-0.195916251419052	-0.552428769790195	-0.338692153115389	0.320052021681068	-0.206664255987375	-0.466699871215895	0.634130916795062	-0.149907947214405	-0.499749937468731	-1.30422390715706	1
-0.45879666899427	-0.73829811669131	-0.503176178661015	-0.166745685991176	1.83225225267839	1.33740928208128	-0.963167916229627	-0.765594182467354	-0.340884529431388	-0.92708268948233	-2.37386260644758	-0.704573447230058	-0.428075368025376	1.21399022946138	-0.195916251419052	-0.552428769790195	-0.338692153115389	0.320052021681068	-0.206664255987375	-0.466699871215895	0.634130916795062	-0.149907947214405	-0.499749937468731	0.765972770870018	1
-0.45879666899427	-0.240736766567997	-0.503176178661015	-0.166745685991176	-0.699357077447193	-0.317800225445056	1.86137142755227	0.140434435837207	0.611306893561316	-1.27871655615494	0.460600207221172	-0.704573447230058	-0.428075368025376	1.21399022946138	-0.195916251419052	-0.552428769790195	2.94958117810198	0.320052021681068	-0.206664255987375	2.14056197915223	-1.57538447273477	-0.149907947214405	-0.499749937468731	0.765972770870018	1
1.13148641244168	0.588532150304193	1.3433419081684	-0.202140652238507	-0.699357077447193	1.33740928208128	0.449101755661322	-0.765594182467354	0.611306893561316	-0.575448822809723	0.460600207221172	1.02656524375289	-0.428075368025376	-0.822906128695298	-0.195916251419052	-0.552428769790195	-0.338692153115389	0.320052021681068	-0.206664255987375	-0.466699871215895	0.634130916795062	-0.149907947214405	-0.499749937468731	0.765972770870018	1
1.13148641244168	-0.240736766567997	1.3433419081684	-0.768460112195801	1.199349920147	-0.317800225445056	0.449101755661322	0.140434435837207	-1.29307595242409	0.918995110548861	0.460600207221172	1.02656524375289	-0.428075368025376	-0.822906128695298	-0.195916251419052	-0.552428769790195	-0.338692153115389	0.320052021681068	-0.206664255987375	-0.466699871215895	0.634130916795062	-0.149907947214405	-0.499749937468731	0.765972770870018	1
1.13148641244168	-0.987078791752967	-0.503176178661015	-0.697670179701139	-0.699357077447193	1.33740928208128	0.449101755661322	1.04646305414177	0.611306893561316	-1.36662502282309	0.460600207221172	-0.704573447230058	-0.428075368025376	-0.822906128695298	-0.195916251419052	-0.552428769790195	-0.338692153115389	0.320052021681068	-0.206664255987375	-0.466699871215895	0.634130916795062	-0.149907947214405	-0.499749937468731	0.765972770870018	1
-1.25393820971224	-0.240736766567997	1.3433419081684	-0.73306514594847	-0.699357077447193	-1.97300973297139	-0.963167916229627	1.04646305414177	1.56349831655402	1.71017131056223	0.460600207221172	2.75770393473583	2.33370119988027	-0.822906128695298	-0.195916251419052	-0.552428769790195	-0.338692153115389	0.320052021681068	-0.206664255987375	-0.466699871215895	-1.57538447273477	6.66408965344035	-0.499749937468731	-1.30422390715706	1
1.13148641244168	-1.31878635850184	-0.503176178661015	0.0456241114928096	-0.699357077447193	0.509804528318111	0.449101755661322	1.04646305414177	-1.29307595242409	3.38043217725712	0.460600207221172	-0.704573447230058	-0.428075368025376	-0.822906128695298	-0.195916251419052	-0.552428769790195	-0.338692153115389	0.320052021681068	-0.206664255987375	-0.466699871215895	0.634130916795062	-0.149907947214405	1.99899974987492	-1.30422390715706	1
-0.45879666899427	0.256824583555317	-0.503176178661015	2.84182644503195	-0.699357077447193	-0.317800225445056	0.449101755661322	0.140434435837207	0.611306893561316	-0.575448822809723	-2.37386260644758	1.02656524375289	-0.428075368025376	1.21399022946138	-0.195916251419052	-0.552428769790195	-0.338692153115389	-3.1213675662874	4.83392735346079	-0.466699871215895	0.634130916795062	-0.149907947214405	-0.499749937468731	-1.30422390715706	1
-1.25393820971224	-1.23585946681462	1.3433419081684	-0.485300382217154	-0.699357077447193	-1.97300973297139	0.449101755661322	1.04646305414177	1.56349831655402	0.039910443867341	0.460600207221172	2.75770393473583	-0.428075368025376	1.21399022946138	-0.195916251419052	-0.552428769790195	-0.338692153115389	0.320052021681068	-0.206664255987375	-0.466699871215895	-1.57538447273477	-0.149907947214405	-0.499749937468731	-1.30422390715706	1
1.13148641244168	0.256824583555317	1.3433419081684	-0.414510449722492	-0.699357077447193	-0.317800225445056	-2.37543758812058	-0.765594182467354	-1.29307595242409	-0.223814956137115	0.460600207221172	1.02656524375289	-0.428075368025376	1.21399022946138	-0.195916251419052	-0.552428769790195	-0.338692153115389	0.320052021681068	-0.206664255987375	-0.466699871215895	0.634130916795062	-0.149907947214405	-0.499749937468731	0.765972770870018	1
-1.25393820971224	-0.987078791752967	-0.503176178661015	-0.414510449722492	-0.699357077447193	-0.317800225445056	0.449101755661322	-0.765594182467354	-1.29307595242409	-0.92708268948233	0.460600207221172	-0.704573447230058	-0.428075368025376	-0.822906128695298	-0.195916251419052	-0.552428769790195	-0.338692153115389	0.320052021681068	-0.206664255987375	-0.466699871215895	0.634130916795062	-0.149907947214405	-0.499749937468731	0.765972770870018	1
-0.45879666899427	-0.73829811669131	-0.503176178661015	-0.626880247206478	1.83225225267839	-0.317800225445056	1.86137142755227	-1.67162280077191	-1.29307595242409	-0.92708268948233	0.460600207221172	-0.704573447230058	-0.428075368025376	1.21399022946138	-0.195916251419052	-0.552428769790195	-0.338692153115389	0.320052021681068	-0.206664255987375	-0.466699871215895	0.634130916795062	-0.149907947214405	-0.499749937468731	0.765972770870018	1
1.13148641244168	-1.23585946681462	-0.503176178661015	-0.910039977185125	0.5664475876156	0.509804528318111	1.86137142755227	1.04646305414177	-1.29307595242409	-1.10289962281863	0.460600207221172	-0.704573447230058	-0.428075368025376	-0.822906128695298	-0.195916251419052	-0.552428769790195	-0.338692153115389	0.320052021681068	-0.206664255987375	2.14056197915223	-1.57538447273477	-0.149907947214405	1.99899974987492	-1.30422390715706	1
1.13148641244168	0.256824583555317	1.3433419081684	-0.697670179701139	1.199349920147	1.33740928208128	-0.963167916229627	1.04646305414177	-1.29307595242409	0.127818910535493	0.460600207221172	1.02656524375289	-0.428075368025376	1.21399022946138	-0.195916251419052	1.80837793871491	-0.338692153115389	0.320052021681068	-0.206664255987375	-0.466699871215895	0.634130916795062	-0.149907947214405	-0.499749937468731	0.765972770870018	1
-1.25393820971224	1.74950863392526	1.3433419081684	0.0456241114928096	-0.699357077447193	-1.97300973297139	0.449101755661322	1.04646305414177	0.611306893561316	2.58925597724375	0.460600207221172	1.02656524375289	-0.428075368025376	-0.822906128695298	-0.195916251419052	-0.552428769790195	-0.338692153115389	-3.1213675662874	4.83392735346079	-0.466699871215895	0.634130916795062	6.66408965344035	-0.499749937468731	-1.30422390715706	1
0.336344871723703	-0.73829811669131	-1.42643522207572	-0.945434943432456	-0.699357077447193	-1.14540497920822	-0.963167916229627	-1.67162280077191	-1.29307595242409	-0.839174222814178	0.460600207221172	-0.704573447230058	-0.428075368025376	-0.822906128695298	-0.195916251419052	-0.552428769790195	-0.338692153115389	0.320052021681068	-0.206664255987375	-0.466699871215895	0.634130916795062	6.66408965344035	-0.499749937468731	-1.30422390715706	1
1.13148641244168	-0.73829811669131	-0.503176178661015	-0.485300382217154	-0.699357077447193	1.33740928208128	0.449101755661322	1.04646305414177	0.611306893561316	0.303635843871797	0.460600207221172	-0.704573447230058	-0.428075368025376	1.21399022946138	-0.195916251419052	1.80837793871491	-0.338692153115389	0.320052021681068	-0.206664255987375	-0.466699871215895	0.634130916795062	-0.149907947214405	-0.499749937468731	-1.30422390715706	1
-1.25393820971224	-0.73829811669131	-0.503176178661015	-0.591485280959147	-0.699357077447193	-0.317800225445056	-0.963167916229627	0.140434435837207	-0.340884529431388	-0.487540356141571	0.460600207221172	-0.704573447230058	-0.428075368025376	-0.822906128695298	-0.195916251419052	-0.552428769790195	-0.338692153115389	-3.1213675662874	4.83392735346079	-0.466699871215895	0.634130916795062	-0.149907947214405	-0.499749937468731	0.765972770870018	1
-0.45879666899427	-0.0748829831935586	0.420082864753691	-0.237535618485838	-0.699357077447193	-0.317800225445056	0.449101755661322	0.140434435837207	0.611306893561316	-0.575448822809723	-2.37386260644758	1.02656524375289	-0.428075368025376	1.21399022946138	-0.195916251419052	-0.552428769790195	-0.338692153115389	0.320052021681068	-0.206664255987375	-0.466699871215895	0.634130916795062	-0.149907947214405	-0.499749937468731	0.765972770870018	1
1.13148641244168	-0.73829811669131	-0.503176178661015	-0.910039977185125	-0.699357077447193	1.33740928208128	0.449101755661322	1.04646305414177	0.611306893561316	0.479452777208101	-2.37386260644758	-0.704573447230058	2.33370119988027	-0.822906128695298	-0.195916251419052	-0.552428769790195	-0.338692153115389	0.320052021681068	-0.206664255987375	-0.466699871215895	0.634130916795062	-0.149907947214405	1.99899974987492	-1.30422390715706	1
-0.45879666899427	2.24706998404857	1.3433419081684	0.647338537697435	-0.699357077447193	-0.317800225445056	-0.963167916229627	0.140434435837207	0.611306893561316	-0.487540356141571	0.460600207221172	-0.704573447230058	-0.428075368025376	1.21399022946138	-0.195916251419052	-0.552428769790195	-0.338692153115389	0.320052021681068	-0.206664255987375	-0.466699871215895	0.634130916795062	-0.149907947214405	-0.499749937468731	-1.30422390715706	1
1.13148641244168	-0.987078791752967	1.3433419081684	-0.73306514594847	1.83225225267839	1.33740928208128	-0.963167916229627	1.04646305414177	-0.340884529431388	0.479452777208101	0.460600207221172	1.02656524375289	-0.428075368025376	-0.822906128695298	-0.195916251419052	-0.552428769790195	-0.338692153115389	0.320052021681068	-0.206664255987375	2.14056197915223	-1.57538447273477	-0.149907947214405	1.99899974987492	-1.30422390715706	1
-1.25393820971224	1.25194728380194	-0.503176178661015	-0.520695348464485	-0.699357077447193	-1.14540497920822	-0.963167916229627	1.04646305414177	0.611306893561316	-0.135906489468963	0.460600207221172	-0.704573447230058	-0.428075368025376	1.21399022946138	-0.195916251419052	1.80837793871491	-0.338692153115389	0.320052021681068	-0.206664255987375	-0.466699871215895	0.634130916795062	-0.149907947214405	-0.499749937468731	0.765972770870018	1
-0.45879666899427	-1.15293257512741	-0.503176178661015	-0.237535618485838	-0.699357077447193	-0.317800225445056	0.449101755661322	-0.765594182467354	-1.29307595242409	-0.0479980228008109	0.460600207221172	-0.704573447230058	-0.428075368025376	-0.822906128695298	-0.195916251419052	-0.552428769790195	-0.338692153115389	-3.1213675662874	-0.206664255987375	-0.466699871215895	0.634130916795062	-0.149907947214405	-0.499749937468731	0.765972770870018	1
0.336344871723703	-0.73829811669131	-0.503176178661015	-0.662275213453809	1.83225225267839	1.33740928208128	-0.963167916229627	1.04646305414177	-1.29307595242409	1.71017131056223	0.460600207221172	-0.704573447230058	-0.428075368025376	1.21399022946138	-0.195916251419052	-0.552428769790195	-0.338692153115389	0.320052021681068	-0.206664255987375	-0.466699871215895	0.634130916795062	-0.149907947214405	-0.499749937468731	-1.30422390715706	1
-0.45879666899427	-0.489517441629653	0.420082864753691	-0.626880247206478	1.199349920147	-0.317800225445056	1.86137142755227	0.140434435837207	-0.340884529431388	2.23762211057114	-0.956631199613203	1.02656524375289	-0.428075368025376	-0.822906128695298	-0.195916251419052	-0.552428769790195	-0.338692153115389	0.320052021681068	-0.206664255987375	-0.466699871215895	0.634130916795062	-0.149907947214405	-0.499749937468731	0.765972770870018	1
1.13148641244168	1.25194728380194	1.3433419081684	2.77103651253729	1.83225225267839	-0.317800225445056	0.449101755661322	-0.765594182467354	0.611306893561316	-0.487540356141571	0.460600207221172	-0.704573447230058	-0.428075368025376	1.21399022946138	-0.195916251419052	-0.552428769790195	2.94958117810198	0.320052021681068	-0.206664255987375	-0.466699871215895	0.634130916795062	-0.149907947214405	-0.499749937468731	-1.30422390715706	1
1.13148641244168	-1.23585946681462	-0.503176178661015	-0.980829909679787	-0.699357077447193	-0.317800225445056	-0.963167916229627	-1.67162280077191	-1.29307595242409	-0.575448822809723	0.460600207221172	-0.704573447230058	-0.428075368025376	-0.822906128695298	-0.195916251419052	-0.552428769790195	-0.338692153115389	0.320052021681068	-0.206664255987375	-0.466699871215895	0.634130916795062	-0.149907947214405	-0.499749937468731	0.765972770870018	1
1.13148641244168	-0.73829811669131	-2.34969426549043	-0.166745685991176	-0.699357077447193	1.33740928208128	0.449101755661322	1.04646305414177	-0.340884529431388	-0.135906489468963	0.460600207221172	1.02656524375289	-0.428075368025376	-0.822906128695298	-0.195916251419052	-0.552428769790195	-0.338692153115389	0.320052021681068	-0.206664255987375	-0.466699871215895	0.634130916795062	-0.149907947214405	-0.499749937468731	0.765972770870018	1
1.13148641244168	0.256824583555317	-0.503176178661015	-0.202140652238507	-0.699357077447193	1.33740928208128	0.449101755661322	1.04646305414177	0.611306893561316	-0.0479980228008109	0.460600207221172	-0.704573447230058	-0.428075368025376	1.21399022946138	-0.195916251419052	-0.552428769790195	2.94958117810198	0.320052021681068	-0.206664255987375	-0.466699871215895	0.634130916795062	-0.149907947214405	-0.499749937468731	-1.30422390715706	1
-1.25393820971224	0.256824583555317	-0.503176178661015	0.541153638955442	-0.699357077447193	0.509804528318111	0.449101755661322	0.140434435837207	-0.340884529431388	-0.399631889473419	0.460600207221172	-0.704573447230058	-0.428075368025376	1.21399022946138	-0.195916251419052	1.80837793871491	-0.338692153115389	-3.1213675662874	4.83392735346079	-0.466699871215895	0.634130916795062	-0.149907947214405	-0.499749937468731	0.765972770870018	1
1.13148641244168	0.256824583555317	-0.503176178661015	-0.202140652238507	-0.699357077447193	-1.14540497920822	-0.963167916229627	-1.67162280077191	1.56349831655402	-0.575448822809723	0.460600207221172	-0.704573447230058	-0.428075368025376	1.21399022946138	-0.195916251419052	-0.552428769790195	2.94958117810198	0.320052021681068	-0.206664255987375	-0.466699871215895	0.634130916795062	-0.149907947214405	-0.499749937468731	-1.30422390715706	1
-1.25393820971224	-0.821225008378529	1.3433419081684	0.222598942729464	-0.699357077447193	-0.317800225445056	0.449101755661322	-0.765594182467354	-1.29307595242409	0.039910443867341	0.460600207221172	1.02656524375289	2.33370119988027	-0.822906128695298	-0.195916251419052	1.80837793871491	-0.338692153115389	0.320052021681068	-0.206664255987375	2.14056197915223	-1.57538447273477	-0.149907947214405	-0.499749937468731	0.765972770870018	1
-1.25393820971224	-0.73829811669131	-0.503176178661015	0.0456241114928096	-0.699357077447193	1.33740928208128	0.449101755661322	1.04646305414177	1.56349831655402	-0.0479980228008109	0.460600207221172	-0.704573447230058	-0.428075368025376	1.21399022946138	-0.195916251419052	-0.552428769790195	2.94958117810198	0.320052021681068	-0.206664255987375	-0.466699871215895	-1.57538447273477	-0.149907947214405	-0.499749937468731	0.765972770870018	1
-1.25393820971224	-1.23585946681462	-0.503176178661015	-1.05161984217445	-0.699357077447193	-1.14540497920822	-0.963167916229627	-1.67162280077191	-1.29307595242409	-0.751265756146026	0.460600207221172	-0.704573447230058	-0.428075368025376	-0.822906128695298	-0.195916251419052	-0.552428769790195	-0.338692153115389	0.320052021681068	-0.206664255987375	-0.466699871215895	0.634130916795062	-0.149907947214405	-0.499749937468731	0.765972770870018	1
1.13148641244168	-0.240736766567997	-0.503176178661015	0.47036370646078	-0.699357077447193	-1.14540497920822	0.449101755661322	-0.765594182467354	0.611306893561316	-0.311723422805267	0.460600207221172	-0.704573447230058	-0.428075368025376	1.21399022946138	-0.195916251419052	-0.552428769790195	-0.338692153115389	0.320052021681068	-0.206664255987375	-0.466699871215895	0.634130916795062	-0.149907947214405	-0.499749937468731	0.765972770870018	1
-1.25393820971224	1.25194728380194	-0.503176178661015	0.116414043987471	-0.699357077447193	-0.317800225445056	0.449101755661322	-0.765594182467354	-0.340884529431388	0.127818910535493	0.460600207221172	-0.704573447230058	2.33370119988027	-0.822906128695298	-0.195916251419052	-0.552428769790195	-0.338692153115389	-3.1213675662874	-0.206664255987375	-0.466699871215895	0.634130916795062	-0.149907947214405	-0.499749937468731	0.765972770870018	1
-1.25393820971224	-0.489517441629653	-0.503176178661015	-0.556090314711816	-0.699357077447193	-1.14540497920822	0.449101755661322	0.140434435837207	-1.29307595242409	0.039910443867341	0.460600207221172	-0.704573447230058	-0.428075368025376	-0.822906128695298	-0.195916251419052	1.80837793871491	-0.338692153115389	0.320052021681068	-0.206664255987375	-0.466699871215895	0.634130916795062	-0.149907947214405	-0.499749937468731	0.765972770870018	1
-0.45879666899427	-0.73829811669131	-0.503176178661015	-0.095955753496514	-0.699357077447193	-1.14540497920822	-0.963167916229627	-1.67162280077191	-1.29307595242409	-0.135906489468963	0.460600207221172	-0.704573447230058	-0.428075368025376	-0.822906128695298	-0.195916251419052	-0.552428769790195	-0.338692153115389	0.320052021681068	-0.206664255987375	2.14056197915223	-1.57538447273477	-0.149907947214405	-0.499749937468731	-1.30422390715706	1
-0.45879666899427	-0.73829811669131	-0.503176178661015	-0.874645010937794	1.83225225267839	1.33740928208128	0.449101755661322	1.04646305414177	-0.340884529431388	0.215727377203645	0.460600207221172	1.02656524375289	-0.428075368025376	-0.822906128695298	-0.195916251419052	-0.552428769790195	-0.338692153115389	0.320052021681068	-0.206664255987375	-0.466699871215895	0.634130916795062	-0.149907947214405	-0.499749937468731	0.765972770870018	1
1.13148641244168	-0.240736766567997	-0.503176178661015	-0.449905415969823	-0.699357077447193	0.509804528318111	0.449101755661322	-1.67162280077191	0.611306893561316	-0.135906489468963	-0.956631199613203	1.02656524375289	-0.428075368025376	1.21399022946138	-0.195916251419052	-0.552428769790195	-0.338692153115389	0.320052021681068	-0.206664255987375	-0.466699871215895	0.634130916795062	-0.149907947214405	-0.499749937468731	0.765972770870018	1
-1.25393820971224	0.256824583555317	-0.503176178661015	-0.131350719743845	-0.699357077447193	-0.317800225445056	0.449101755661322	1.04646305414177	1.56349831655402	2.41343904390744	-2.37386260644758	-0.704573447230058	2.33370119988027	1.21399022946138	-0.195916251419052	-0.552428769790195	2.94958117810198	-3.1213675662874	-0.206664255987375	-0.466699871215895	0.634130916795062	-0.149907947214405	-0.499749937468731	0.765972770870018	1
-1.25393820971224	0.256824583555317	0.420082864753691	-0.556090314711816	-0.699357077447193	-1.14540497920822	-0.963167916229627	-0.765594182467354	0.611306893561316	-0.575448822809723	0.460600207221172	-0.704573447230058	-0.428075368025376	1.21399022946138	-0.195916251419052	-0.552428769790195	-0.338692153115389	0.320052021681068	-0.206664255987375	2.14056197915223	-1.57538447273477	-0.149907947214405	1.99899974987492	-1.30422390715706	1
1.13148641244168	2.24706998404857	0.420082864753691	1.39063282889138	1.83225225267839	1.33740928208128	0.449101755661322	0.140434435837207	0.611306893561316	-0.311723422805267	-2.37386260644758	1.02656524375289	2.33370119988027	-0.822906128695298	-0.195916251419052	-0.552428769790195	-0.338692153115389	0.320052021681068	-0.206664255987375	-0.466699871215895	0.634130916795062	-0.149907947214405	-0.499749937468731	0.765972770870018	1
1.13148641244168	1.00316660874029	0.420082864753691	-0.166745685991176	-0.699357077447193	-0.317800225445056	-0.963167916229627	-0.765594182467354	0.611306893561316	-0.839174222814178	0.460600207221172	1.02656524375289	-0.428075368025376	1.21399022946138	-0.195916251419052	-0.552428769790195	-0.338692153115389	0.320052021681068	-0.206664255987375	-0.466699871215895	0.634130916795062	-0.149907947214405	-0.499749937468731	0.765972770870018	1
1.13148641244168	0.256824583555317	0.420082864753691	0.505758672708111	-0.699357077447193	0.509804528318111	0.449101755661322	0.140434435837207	0.611306893561316	-0.0479980228008109	0.460600207221172	1.02656524375289	-0.428075368025376	1.21399022946138	-0.195916251419052	-0.552428769790195	2.94958117810198	0.320052021681068	-0.206664255987375	-0.466699871215895	0.634130916795062	-0.149907947214405	1.99899974987492	-1.30422390715706	1
-0.45879666899427	0.256824583555317	-0.503176178661015	-0.0605607872491831	-0.0664547449157966	-1.14540497920822	1.86137142755227	-0.765594182467354	0.611306893561316	-1.19080808948679	0.460600207221172	-0.704573447230058	-0.428075368025376	1.21399022946138	-0.195916251419052	-0.552428769790195	-0.338692153115389	0.320052021681068	-0.206664255987375	2.14056197915223	-1.57538447273477	-0.149907947214405	-0.499749937468731	0.765972770870018	1
-1.25393820971224	-1.23585946681462	-0.503176178661015	-1.01622487592712	-0.699357077447193	-1.14540497920822	-0.963167916229627	1.04646305414177	-0.340884529431388	-1.10289962281863	0.460600207221172	-0.704573447230058	-0.428075368025376	-0.822906128695298	-0.195916251419052	-0.552428769790195	-0.338692153115389	0.320052021681068	-0.206664255987375	-0.466699871215895	0.634130916795062	-0.149907947214405	-0.499749937468731	0.765972770870018	1
-1.25393820971224	-0.987078791752967	-0.503176178661015	-0.910039977185125	-0.699357077447193	-0.317800225445056	0.449101755661322	0.140434435837207	0.611306893561316	-0.663357289477875	0.460600207221172	-0.704573447230058	-0.428075368025376	-0.822906128695298	-0.195916251419052	1.80837793871491	-0.338692153115389	0.320052021681068	-0.206664255987375	-0.466699871215895	0.634130916795062	-0.149907947214405	1.99899974987492	-1.30422390715706	1
1.13148641244168	-1.23585946681462	-0.503176178661015	-0.73306514594847	1.83225225267839	-1.97300973297139	0.449101755661322	1.04646305414177	-0.340884529431388	0.039910443867341	0.460600207221172	-0.704573447230058	2.33370119988027	1.21399022946138	-0.195916251419052	-0.552428769790195	-0.338692153115389	0.320052021681068	-0.206664255987375	-0.466699871215895	0.634130916795062	-0.149907947214405	-0.499749937468731	-1.30422390715706	1
-0.45879666899427	-0.240736766567997	1.3433419081684	-0.73306514594847	-0.699357077447193	-0.317800225445056	1.86137142755227	-0.765594182467354	0.611306893561316	-0.223814956137115	0.460600207221172	-0.704573447230058	-0.428075368025376	-0.822906128695298	-0.195916251419052	-0.552428769790195	-0.338692153115389	0.320052021681068	-0.206664255987375	-0.466699871215895	0.634130916795062	-0.149907947214405	-0.499749937468731	0.765972770870018	1
-1.25393820971224	-0.240736766567997	-2.34969426549043	-0.0605607872491831	-0.699357077447193	-1.14540497920822	-0.963167916229627	1.04646305414177	-0.340884529431388	-0.839174222814178	0.460600207221172	-0.704573447230058	-0.428075368025376	-0.822906128695298	-0.195916251419052	-0.552428769790195	-0.338692153115389	0.320052021681068	-0.206664255987375	2.14056197915223	-1.57538447273477	-0.149907947214405	-0.499749937468731	0.765972770870018	1
1.13148641244168	1.5007279588636	-0.503176178661015	-0.237535618485838	0.5664475876156	-0.317800225445056	0.449101755661322	1.04646305414177	0.611306893561316	-1.01499115615048	0.460600207221172	-0.704573447230058	-0.428075368025376	-0.822906128695298	-0.195916251419052	-0.552428769790195	2.94958117810198	0.320052021681068	-0.206664255987375	-0.466699871215895	0.634130916795062	-0.149907947214405	-0.499749937468731	0.765972770870018	1
0.336344871723703	0.256824583555317	-0.503176178661015	0.682733503944766	-0.699357077447193	0.509804528318111	0.449101755661322	-0.765594182467354	0.611306893561316	-0.92708268948233	-2.37386260644758	-0.704573447230058	-0.428075368025376	-0.822906128695298	-0.195916251419052	-0.552428769790195	-0.338692153115389	0.320052021681068	-0.206664255987375	-0.466699871215895	0.634130916795062	-0.149907947214405	-0.499749937468731	0.765972770870018	1
-0.45879666899427	-0.73829811669131	-0.503176178661015	-0.803855078443132	-0.0664547449157966	0.509804528318111	0.449101755661322	1.04646305414177	-1.29307595242409	0.303635843871797	0.460600207221172	-0.704573447230058	-0.428075368025376	-0.822906128695298	-0.195916251419052	-0.552428769790195	-0.338692153115389	0.320052021681068	-0.206664255987375	-0.466699871215895	0.634130916795062	-0.149907947214405	1.99899974987492	-1.30422390715706	1
-1.25393820971224	-0.489517441629653	1.3433419081684	-0.626880247206478	-0.699357077447193	1.33740928208128	0.449101755661322	1.04646305414177	0.611306893561316	0.743178177212557	0.460600207221172	1.02656524375289	2.33370119988027	1.21399022946138	-0.195916251419052	-0.552428769790195	-0.338692153115389	0.320052021681068	-0.206664255987375	-0.466699871215895	0.634130916795062	-0.149907947214405	-0.499749937468731	0.765972770870018	1
-0.45879666899427	-0.73829811669131	1.3433419081684	0.116414043987471	-0.699357077447193	-0.317800225445056	-0.963167916229627	-1.67162280077191	-1.29307595242409	-1.10289962281863	0.460600207221172	-0.704573447230058	-0.428075368025376	-0.822906128695298	-0.195916251419052	-0.552428769790195	-0.338692153115389	0.320052021681068	-0.206664255987375	-0.466699871215895	0.634130916795062	-0.149907947214405	1.99899974987492	-1.30422390715706	1
-0.45879666899427	0.256824583555317	-0.503176178661015	-0.73306514594847	-0.699357077447193	-1.14540497920822	0.449101755661322	-1.67162280077191	-0.340884529431388	-0.839174222814178	0.460600207221172	-0.704573447230058	-0.428075368025376	-0.822906128695298	-0.195916251419052	1.80837793871491	-0.338692153115389	0.320052021681068	-0.206664255987375	-0.466699871215895	0.634130916795062	-0.149907947214405	-0.499749937468731	0.765972770870018	1
-1.25393820971224	0.754385933678631	-0.503176178661015	0.116414043987471	1.199349920147	1.33740928208128	-0.963167916229627	1.04646305414177	-0.340884529431388	1.88598824389853	0.460600207221172	1.02656524375289	-0.428075368025376	1.21399022946138	-0.195916251419052	-0.552428769790195	-0.338692153115389	0.320052021681068	-0.206664255987375	2.14056197915223	-1.57538447273477	-0.149907947214405	-0.499749937468731	0.765972770870018	1
1.13148641244168	-0.489517441629653	0.420082864753691	-0.803855078443132	1.199349920147	0.509804528318111	-0.963167916229627	-0.765594182467354	-0.340884529431388	-0.487540356141571	0.460600207221172	1.02656524375289	-0.428075368025376	-0.822906128695298	-0.195916251419052	-0.552428769790195	-0.338692153115389	0.320052021681068	-0.206664255987375	-0.466699871215895	0.634130916795062	-0.149907947214405	-0.499749937468731	0.765972770870018	1
1.13148641244168	-0.73829811669131	1.3433419081684	-0.73306514594847	0.5664475876156	-0.317800225445056	0.449101755661322	1.04646305414177	-1.29307595242409	0.743178177212557	0.460600207221172	-0.704573447230058	-0.428075368025376	1.21399022946138	-0.195916251419052	1.80837793871491	-0.338692153115389	0.320052021681068	-0.206664255987375	-0.466699871215895	0.634130916795062	-0.149907947214405	-0.499749937468731	0.765972770870018	1
-0.45879666899427	-1.23585946681462	0.420082864753691	-0.73306514594847	-0.699357077447193	-1.97300973297139	0.449101755661322	1.04646305414177	-0.340884529431388	1.00690357721701	0.460600207221172	-0.704573447230058	-0.428075368025376	1.21399022946138	-0.195916251419052	1.80837793871491	-0.338692153115389	0.320052021681068	-0.206664255987375	-0.466699871215895	0.634130916795062	-0.149907947214405	-0.499749937468731	-1.30422390715706	1
1.13148641244168	-0.73829811669131	-0.503176178661015	-0.0605607872491831	-0.699357077447193	-0.317800225445056	0.449101755661322	1.04646305414177	0.611306893561316	1.44644591055777	0.460600207221172	-0.704573447230058	-0.428075368025376	1.21399022946138	-0.195916251419052	-0.552428769790195	-0.338692153115389	0.320052021681068	-0.206664255987375	-0.466699871215895	0.634130916795062	-0.149907947214405	-0.499749937468731	0.765972770870018	1
1.13148641244168	0.256824583555317	-0.503176178661015	0.187203976482133	-0.699357077447193	1.33740928208128	-0.963167916229627	1.04646305414177	1.56349831655402	2.32553057723929	0.460600207221172	-0.704573447230058	-0.428075368025376	1.21399022946138	-0.195916251419052	1.80837793871491	-0.338692153115389	-3.1213675662874	4.83392735346079	-0.466699871215895	-1.57538447273477	-0.149907947214405	-0.499749937468731	0.765972770870018	1
1.13148641244168	-0.904151900065748	-0.503176178661015	-0.662275213453809	-0.0664547449157966	-0.317800225445056	0.449101755661322	-0.765594182467354	-1.29307595242409	-0.0479980228008109	0.460600207221172	-0.704573447230058	-0.428075368025376	-0.822906128695298	5.09911757071751	1.80837793871491	-0.338692153115389	0.320052021681068	-0.206664255987375	2.14056197915223	-1.57538447273477	-0.149907947214405	1.99899974987492	-1.30422390715706	1
1.13148641244168	-1.23585946681462	-0.503176178661015	0.0810190777401405	-0.699357077447193	-0.317800225445056	0.449101755661322	0.140434435837207	-0.340884529431388	-0.839174222814178	0.460600207221172	-0.704573447230058	-0.428075368025376	-0.822906128695298	-0.195916251419052	1.80837793871491	-0.338692153115389	-3.1213675662874	-0.206664255987375	2.14056197915223	-1.57538447273477	-0.149907947214405	-0.499749937468731	0.765972770870018	1
1.13148641244168	-0.73829811669131	1.3433419081684	-0.485300382217154	-0.699357077447193	1.33740928208128	0.449101755661322	-0.765594182467354	1.56349831655402	-0.839174222814178	0.460600207221172	1.02656524375289	-0.428075368025376	-0.822906128695298	-0.195916251419052	-0.552428769790195	-0.338692153115389	0.320052021681068	-0.206664255987375	-0.466699871215895	0.634130916795062	-0.149907947214405	-0.499749937468731	0.765972770870018	1
-0.45879666899427	0.505605258616974	-2.34969426549043	1.77997745761202	-0.699357077447193	1.33740928208128	-0.963167916229627	1.04646305414177	1.56349831655402	0.567361243876253	0.460600207221172	1.02656524375289	-0.428075368025376	1.21399022946138	-0.195916251419052	-0.552428769790195	-0.338692153115389	0.320052021681068	-0.206664255987375	-0.466699871215895	-1.57538447273477	-0.149907947214405	-0.499749937468731	-1.30422390715706	1
1.13148641244168	-1.23585946681462	1.3433419081684	-0.73306514594847	-0.0664547449157966	-0.317800225445056	-0.963167916229627	-1.67162280077191	-0.340884529431388	-0.751265756146026	0.460600207221172	1.02656524375289	-0.428075368025376	-0.822906128695298	-0.195916251419052	-0.552428769790195	-0.338692153115389	0.320052021681068	-0.206664255987375	-0.466699871215895	0.634130916795062	-0.149907947214405	-0.499749937468731	0.765972770870018	1
-0.45879666899427	-1.23585946681462	-0.503176178661015	-1.01622487592712	1.83225225267839	1.33740928208128	0.449101755661322	1.04646305414177	-0.340884529431388	0.215727377203645	0.460600207221172	-0.704573447230058	-0.428075368025376	-0.822906128695298	-0.195916251419052	-0.552428769790195	-0.338692153115389	0.320052021681068	-0.206664255987375	-0.466699871215895	0.634130916795062	-0.149907947214405	-0.499749937468731	0.765972770870018	1
-1.25393820971224	-0.73829811669131	1.3433419081684	-0.414510449722492	-0.699357077447193	-0.317800225445056	0.449101755661322	-0.765594182467354	-1.29307595242409	0.303635843871797	0.460600207221172	1.02656524375289	2.33370119988027	-0.822906128695298	5.09911757071751	1.80837793871491	-0.338692153115389	0.320052021681068	-0.206664255987375	2.14056197915223	-1.57538447273477	-0.149907947214405	1.99899974987492	-1.30422390715706	1
-1.25393820971224	0.256824583555317	-0.503176178661015	-0.095955753496514	1.83225225267839	-0.317800225445056	1.86137142755227	1.04646305414177	0.611306893561316	-1.36662502282309	0.460600207221172	-0.704573447230058	-0.428075368025376	-0.822906128695298	-0.195916251419052	-0.552428769790195	-0.338692153115389	0.320052021681068	-0.206664255987375	-0.466699871215895	0.634130916795062	-0.149907947214405	-0.499749937468731	0.765972770870018	1
-0.45879666899427	1.25194728380194	-0.503176178661015	2.02774222134334	-0.0664547449157966	-1.14540497920822	0.449101755661322	-1.67162280077191	1.56349831655402	-0.575448822809723	0.460600207221172	-0.704573447230058	-0.428075368025376	1.21399022946138	-0.195916251419052	-0.552428769790195	-0.338692153115389	-3.1213675662874	4.83392735346079	2.14056197915223	-1.57538447273477	-0.149907947214405	-0.499749937468731	-1.30422390715706	1
1.13148641244168	0.256824583555317	1.3433419081684	-0.591485280959147	-0.699357077447193	0.509804528318111	0.449101755661322	0.140434435837207	-0.340884529431388	0.391544310539949	0.460600207221172	1.02656524375289	-0.428075368025376	-0.822906128695298	-0.195916251419052	-0.552428769790195	-0.338692153115389	0.320052021681068	-0.206664255987375	-0.466699871215895	0.634130916795062	-0.149907947214405	-0.499749937468731	0.765972770870018	1
-0.45879666899427	-0.240736766567997	-0.503176178661015	-0.697670179701139	-0.699357077447193	1.33740928208128	1.86137142755227	-0.765594182467354	-1.29307595242409	-0.311723422805267	0.460600207221172	-0.704573447230058	-0.428075368025376	-0.822906128695298	-0.195916251419052	-0.552428769790195	-0.338692153115389	-3.1213675662874	-0.206664255987375	-0.466699871215895	0.634130916795062	-0.149907947214405	1.99899974987492	-1.30422390715706	1
0.336344871723703	-1.23585946681462	1.3433419081684	-0.697670179701139	-0.0664547449157966	1.33740928208128	-2.37543758812058	1.04646305414177	0.611306893561316	-0.663357289477875	0.460600207221172	1.02656524375289	2.33370119988027	1.21399022946138	-0.195916251419052	1.80837793871491	-0.338692153115389	0.320052021681068	-0.206664255987375	-0.466699871215895	0.634130916795062	-0.149907947214405	-0.499749937468731	0.765972770870018	1
-1.25393820971224	0.256824583555317	-0.503176178661015	-0.0605607872491831	-0.699357077447193	-1.14540497920822	-0.963167916229627	-1.67162280077191	-0.340884529431388	-0.751265756146026	0.460600207221172	-0.704573447230058	-0.428075368025376	-0.822906128695298	-0.195916251419052	1.80837793871491	-0.338692153115389	0.320052021681068	-0.206664255987375	-0.466699871215895	0.634130916795062	-0.149907947214405	-0.499749937468731	0.765972770870018	1
-1.25393820971224	1.25194728380194	-0.503176178661015	0.788918402686759	-0.699357077447193	1.33740928208128	0.449101755661322	1.04646305414177	1.56349831655402	0.567361243876253	0.460600207221172	-0.704573447230058	2.33370119988027	-0.822906128695298	-0.195916251419052	-0.552428769790195	2.94958117810198	0.320052021681068	-0.206664255987375	-0.466699871215895	-1.57538447273477	-0.149907947214405	-0.499749937468731	0.765972770870018	1
0.336344871723703	-0.987078791752967	-0.503176178661015	-0.768460112195801	-0.0664547449157966	1.33740928208128	-2.37543758812058	1.04646305414177	-1.29307595242409	1.18272051055332	0.460600207221172	-0.704573447230058	-0.428075368025376	-0.822906128695298	-0.195916251419052	-0.552428769790195	-0.338692153115389	0.320052021681068	-0.206664255987375	-0.466699871215895	0.634130916795062	-0.149907947214405	-0.499749937468731	0.765972770870018	1
-0.45879666899427	0.256824583555317	1.3433419081684	-0.73306514594847	-0.0664547449157966	-1.14540497920822	0.449101755661322	1.04646305414177	1.56349831655402	0.215727377203645	-2.37386260644758	1.02656524375289	2.33370119988027	-0.822906128695298	-0.195916251419052	-0.552428769790195	-0.338692153115389	0.320052021681068	-0.206664255987375	-0.466699871215895	0.634130916795062	-0.149907947214405	-0.499749937468731	0.765972770870018	1
-1.25393820971224	0.256824583555317	-0.503176178661015	-0.73306514594847	-0.699357077447193	-1.14540497920822	-0.963167916229627	1.04646305414177	-0.340884529431388	-1.01499115615048	0.460600207221172	-0.704573447230058	-0.428075368025376	-0.822906128695298	-0.195916251419052	1.80837793871491	-0.338692153115389	0.320052021681068	-0.206664255987375	2.14056197915223	-1.57538447273477	-0.149907947214405	-0.499749937468731	0.765972770870018	1
1.13148641244168	-0.904151900065748	-0.503176178661015	-0.697670179701139	1.83225225267839	-0.317800225445056	0.449101755661322	1.04646305414177	-0.340884529431388	-0.751265756146026	0.460600207221172	-0.704573447230058	-0.428075368025376	-0.822906128695298	-0.195916251419052	1.80837793871491	-0.338692153115389	-3.1213675662874	-0.206664255987375	-0.466699871215895	0.634130916795062	-0.149907947214405	1.99899974987492	-1.30422390715706	1
0.336344871723703	-0.489517441629653	1.3433419081684	-0.308325550980499	0.5664475876156	-0.317800225445056	0.449101755661322	-0.765594182467354	0.611306893561316	0.039910443867341	0.460600207221172	-0.704573447230058	-0.428075368025376	1.21399022946138	-0.195916251419052	-0.552428769790195	2.94958117810198	0.320052021681068	-0.206664255987375	-0.466699871215895	0.634130916795062	-0.149907947214405	-0.499749937468731	0.765972770870018	1
-0.45879666899427	-0.489517441629653	-1.42643522207572	1.24905296390206	-0.0664547449157966	-1.97300973297139	0.449101755661322	-0.765594182467354	-0.340884529431388	-0.135906489468963	0.460600207221172	-0.704573447230058	2.33370119988027	1.21399022946138	-0.195916251419052	1.80837793871491	-0.338692153115389	0.320052021681068	-0.206664255987375	-0.466699871215895	0.634130916795062	-0.149907947214405	-0.499749937468731	-1.30422390715706	1
1.13148641244168	0.256824583555317	-0.503176178661015	-0.662275213453809	-0.699357077447193	-0.317800225445056	1.86137142755227	-0.765594182467354	-0.340884529431388	-0.663357289477875	0.460600207221172	-0.704573447230058	-0.428075368025376	-0.822906128695298	-0.195916251419052	-0.552428769790195	-0.338692153115389	0.320052021681068	-0.206664255987375	-0.466699871215895	0.634130916795062	-0.149907947214405	-0.499749937468731	0.765972770870018	1
1.13148641244168	1.5007279588636	-0.503176178661015	1.88616235635402	-0.0664547449157966	1.33740928208128	0.449101755661322	-0.765594182467354	0.611306893561316	0.831086643880709	0.460600207221172	-0.704573447230058	-0.428075368025376	1.21399022946138	-0.195916251419052	-0.552428769790195	2.94958117810198	0.320052021681068	-0.206664255987375	-0.466699871215895	0.634130916795062	-0.149907947214405	-0.499749937468731	-1.30422390715706	1
-1.25393820971224	-0.73829811669131	-0.503176178661015	-0.874645010937794	-0.699357077447193	0.509804528318111	0.449101755661322	-0.765594182467354	-1.29307595242409	-0.839174222814178	0.460600207221172	-0.704573447230058	-0.428075368025376	-0.822906128695298	-0.195916251419052	1.80837793871491	-0.338692153115389	0.320052021681068	-0.206664255987375	-0.466699871215895	0.634130916795062	-0.149907947214405	-0.499749937468731	0.765972770870018	1
1.13148641244168	1.25194728380194	-0.503176178661015	0.505758672708111	-0.699357077447193	-0.317800225445056	0.449101755661322	-0.765594182467354	1.56349831655402	-0.311723422805267	0.460600207221172	-0.704573447230058	-0.428075368025376	1.21399022946138	-0.195916251419052	-0.552428769790195	2.94958117810198	0.320052021681068	-0.206664255987375	-0.466699871215895	-1.57538447273477	-0.149907947214405	-0.499749937468731	-1.30422390715706	1
0.336344871723703	-0.489517441629653	-0.503176178661015	-0.202140652238507	-0.699357077447193	0.509804528318111	0.449101755661322	1.04646305414177	-0.340884529431388	-0.839174222814178	0.460600207221172	-0.704573447230058	-0.428075368025376	1.21399022946138	-0.195916251419052	-0.552428769790195	-0.338692153115389	0.320052021681068	-0.206664255987375	2.14056197915223	-1.57538447273477	-0.149907947214405	-0.499749937468731	0.765972770870018	1
-0.45879666899427	-0.73829811669131	0.420082864753691	-0.945434943432456	-0.699357077447193	-0.317800225445056	1.86137142755227	1.04646305414177	-1.29307595242409	-1.36662502282309	0.460600207221172	1.02656524375289	-0.428075368025376	-0.822906128695298	-0.195916251419052	-0.552428769790195	-0.338692153115389	-3.1213675662874	4.83392735346079	2.14056197915223	-1.57538447273477	-0.149907947214405	-0.499749937468731	0.765972770870018	1
1.13148641244168	0.256824583555317	-0.503176178661015	-0.34372051722783	1.83225225267839	-1.14540497920822	0.449101755661322	-1.67162280077191	-0.340884529431388	1.62226284389408	0.460600207221172	-0.704573447230058	-0.428075368025376	-0.822906128695298	-0.195916251419052	1.80837793871491	-0.338692153115389	0.320052021681068	-0.206664255987375	-0.466699871215895	0.634130916795062	-0.149907947214405	-0.499749937468731	0.765972770870018	1
-1.25393820971224	-1.23585946681462	1.3433419081684	-0.945434943432456	-0.699357077447193	0.509804528318111	-0.963167916229627	0.140434435837207	-0.340884529431388	0.127818910535493	0.460600207221172	1.02656524375289	-0.428075368025376	-0.822906128695298	5.09911757071751	1.80837793871491	-0.338692153115389	0.320052021681068	-0.206664255987375	-0.466699871215895	0.634130916795062	-0.149907947214405	-0.499749937468731	0.765972770870018	1
-1.25393820971224	-1.23585946681462	1.3433419081684	-0.662275213453809	-0.699357077447193	-1.14540497920822	0.449101755661322	1.04646305414177	-1.29307595242409	0.391544310539949	0.460600207221172	-0.704573447230058	2.33370119988027	-0.822906128695298	5.09911757071751	1.80837793871491	-0.338692153115389	0.320052021681068	-0.206664255987375	-0.466699871215895	0.634130916795062	-0.149907947214405	1.99899974987492	-1.30422390715706	1
1.13148641244168	1.25194728380194	1.3433419081684	1.35523786264405	-0.699357077447193	-1.14540497920822	-0.963167916229627	1.04646305414177	-0.340884529431388	-1.10289962281863	0.460600207221172	1.02656524375289	-0.428075368025376	1.21399022946138	-0.195916251419052	-0.552428769790195	-0.338692153115389	0.320052021681068	-0.206664255987375	2.14056197915223	-1.57538447273477	-0.149907947214405	-0.499749937468731	0.765972770870018	1
-1.25393820971224	-1.23585946681462	-0.503176178661015	-0.73306514594847	-0.0664547449157966	1.33740928208128	0.449101755661322	-0.765594182467354	-0.340884529431388	0.655269710544405	0.460600207221172	-0.704573447230058	-0.428075368025376	1.21399022946138	-0.195916251419052	1.80837793871491	-0.338692153115389	0.320052021681068	-0.206664255987375	-0.466699871215895	0.634130916795062	-0.149907947214405	-0.499749937468731	0.765972770870018	1
1.13148641244168	-1.23585946681462	1.3433419081684	-0.910039977185125	1.83225225267839	1.33740928208128	0.449101755661322	1.04646305414177	1.56349831655402	0.039910443867341	0.460600207221172	1.02656524375289	-0.428075368025376	-0.822906128695298	-0.195916251419052	-0.552428769790195	-0.338692153115389	0.320052021681068	-0.206664255987375	-0.466699871215895	-1.57538447273477	-0.149907947214405	-0.499749937468731	0.765972770870018	1
1.13148641244168	0.256824583555317	1.3433419081684	0.788918402686759	-0.699357077447193	1.33740928208128	0.449101755661322	1.04646305414177	1.56349831655402	0.743178177212557	0.460600207221172	1.02656524375289	-0.428075368025376	-0.822906128695298	-0.195916251419052	-0.552428769790195	-0.338692153115389	0.320052021681068	-0.206664255987375	-0.466699871215895	-1.57538447273477	-0.149907947214405	-0.499749937468731	0.765972770870018	1
-1.25393820971224	-0.240736766567997	-0.503176178661015	-0.0251658210018522	-0.699357077447193	-0.317800225445056	-0.963167916229627	-0.765594182467354	-1.29307595242409	-1.01499115615048	0.460600207221172	-0.704573447230058	-0.428075368025376	-0.822906128695298	-0.195916251419052	-0.552428769790195	-0.338692153115389	0.320052021681068	-0.206664255987375	-0.466699871215895	0.634130916795062	-0.149907947214405	-0.499749937468731	0.765972770870018	1
-1.25393820971224	2.24706998404857	-2.34969426549043	1.35523786264405	-0.699357077447193	-0.317800225445056	0.449101755661322	1.04646305414177	1.56349831655402	1.53435437722592	0.460600207221172	1.02656524375289	2.33370119988027	-0.822906128695298	-0.195916251419052	-0.552428769790195	-0.338692153115389	0.320052021681068	-0.206664255987375	-0.466699871215895	-1.57538447273477	-0.149907947214405	-0.499749937468731	0.765972770870018	1
1.13148641244168	0.256824583555317	-0.503176178661015	0.0810190777401405	-0.0664547449157966	0.509804528318111	-0.963167916229627	1.04646305414177	0.611306893561316	-1.10289962281863	0.460600207221172	-0.704573447230058	-0.428075368025376	-0.822906128695298	-0.195916251419052	-0.552428769790195	2.94958117810198	0.320052021681068	-0.206664255987375	-0.466699871215895	0.634130916795062	-0.149907947214405	-0.499749937468731	0.765972770870018	1
-0.45879666899427	-0.240736766567997	-0.503176178661015	-0.768460112195801	-0.699357077447193	-0.317800225445056	-0.963167916229627	1.04646305414177	-1.29307595242409	-0.839174222814178	0.460600207221172	-0.704573447230058	2.33370119988027	-0.822906128695298	-0.195916251419052	-0.552428769790195	-0.338692153115389	-3.1213675662874	-0.206664255987375	-0.466699871215895	0.634130916795062	-0.149907947214405	1.99899974987492	-1.30422390715706	1
-0.45879666899427	0.422678366929755	-0.503176178661015	1.67379255887003	-0.699357077447193	-1.14540497920822	0.449101755661322	0.140434435837207	0.611306893561316	-0.487540356141571	0.460600207221172	1.02656524375289	-0.428075368025376	-0.822906128695298	-0.195916251419052	-0.552428769790195	2.94958117810198	0.320052021681068	-0.206664255987375	-0.466699871215895	0.634130916795062	-0.149907947214405	-0.499749937468731	0.765972770870018	1
1.13148641244168	-0.489517441629653	1.3433419081684	-0.626880247206478	-0.0664547449157966	-0.317800225445056	-0.963167916229627	0.140434435837207	0.611306893561316	-0.399631889473419	0.460600207221172	-0.704573447230058	-0.428075368025376	-0.822906128695298	-0.195916251419052	-0.552428769790195	-0.338692153115389	0.320052021681068	-0.206664255987375	-0.466699871215895	0.634130916795062	-0.149907947214405	-0.499749937468731	0.765972770870018	1
1.13148641244168	-1.40171325018906	1.3433419081684	-0.626880247206478	-0.699357077447193	0.509804528318111	0.449101755661322	-1.67162280077191	-1.29307595242409	0.567361243876253	0.460600207221172	1.02656524375289	2.33370119988027	-0.822906128695298	-0.195916251419052	-0.552428769790195	-0.338692153115389	0.320052021681068	-0.206664255987375	-0.466699871215895	0.634130916795062	-0.149907947214405	1.99899974987492	-1.30422390715706	1
-1.25393820971224	1.25194728380194	-0.503176178661015	-0.34372051722783	-0.699357077447193	-0.317800225445056	-2.37543758812058	1.04646305414177	0.611306893561316	-0.399631889473419	0.460600207221172	-0.704573447230058	-0.428075368025376	-0.822906128695298	-0.195916251419052	-0.552428769790195	-0.338692153115389	0.320052021681068	-0.206664255987375	2.14056197915223	-1.57538447273477	-0.149907947214405	-0.499749937468731	0.765972770870018	1
-1.25393820971224	-1.23585946681462	-0.503176178661015	-0.910039977185125	-0.699357077447193	-1.14540497920822	0.449101755661322	1.04646305414177	-1.29307595242409	0.479452777208101	0.460600207221172	-0.704573447230058	2.33370119988027	1.21399022946138	-0.195916251419052	1.80837793871491	-0.338692153115389	0.320052021681068	-0.206664255987375	-0.466699871215895	0.634130916795062	-0.149907947214405	1.99899974987492	-1.30422390715706	1
-0.45879666899427	1.25194728380194	-0.503176178661015	-0.34372051722783	-0.699357077447193	0.509804528318111	0.449101755661322	-1.67162280077191	0.611306893561316	-0.311723422805267	0.460600207221172	1.02656524375289	2.33370119988027	-0.822906128695298	-0.195916251419052	-0.552428769790195	-0.338692153115389	0.320052021681068	-0.206664255987375	-0.466699871215895	0.634130916795062	-0.149907947214405	-0.499749937468731	0.765972770870018	1
-0.45879666899427	-0.489517441629653	-0.503176178661015	-0.237535618485838	-0.0664547449157966	-0.317800225445056	-0.963167916229627	1.04646305414177	0.611306893561316	-0.663357289477875	0.460600207221172	1.02656524375289	-0.428075368025376	1.21399022946138	-0.195916251419052	1.80837793871491	-0.338692153115389	0.320052021681068	-0.206664255987375	2.14056197915223	-1.57538447273477	-0.149907947214405	-0.499749937468731	0.765972770870018	1
1.13148641244168	-0.73829811669131	0.420082864753691	-0.626880247206478	-0.699357077447193	-0.317800225445056	1.86137142755227	1.04646305414177	-1.29307595242409	0.479452777208101	0.460600207221172	-0.704573447230058	-0.428075368025376	-0.822906128695298	-0.195916251419052	-0.552428769790195	2.94958117810198	0.320052021681068	-0.206664255987375	2.14056197915223	-1.57538447273477	-0.149907947214405	-0.499749937468731	0.765972770870018	1
1.13148641244168	0.256824583555317	-0.503176178661015	-0.697670179701139	-0.0664547449157966	0.509804528318111	1.86137142755227	0.140434435837207	-0.340884529431388	-0.839174222814178	0.460600207221172	-0.704573447230058	-0.428075368025376	1.21399022946138	-0.195916251419052	-0.552428769790195	-0.338692153115389	0.320052021681068	-0.206664255987375	-0.466699871215895	0.634130916795062	-0.149907947214405	-0.499749937468731	0.765972770870018	1
1.13148641244168	0.256824583555317	-0.503176178661015	-0.0605607872491831	1.83225225267839	-1.14540497920822	0.449101755661322	-0.765594182467354	0.611306893561316	-0.92708268948233	0.460600207221172	1.02656524375289	-0.428075368025376	-0.822906128695298	-0.195916251419052	-0.552428769790195	-0.338692153115389	0.320052021681068	-0.206664255987375	-0.466699871215895	0.634130916795062	-0.149907947214405	-0.499749937468731	0.765972770870018	1
0.336344871723703	0.00804390849366035	1.3433419081684	-0.34372051722783	-0.699357077447193	-1.14540497920822	-2.37543758812058	-1.67162280077191	0.611306893561316	-0.223814956137115	0.460600207221172	-0.704573447230058	-0.428075368025376	-0.822906128695298	-0.195916251419052	-0.552428769790195	-0.338692153115389	0.320052021681068	-0.206664255987375	2.14056197915223	-1.57538447273477	-0.149907947214405	-0.499749937468731	0.765972770870018	1
-1.25393820971224	-1.23585946681462	-0.503176178661015	-0.662275213453809	1.83225225267839	-1.97300973297139	-0.963167916229627	0.140434435837207	-0.340884529431388	3.46834064392527	0.460600207221172	-0.704573447230058	-0.428075368025376	1.21399022946138	-0.195916251419052	1.80837793871491	-0.338692153115389	0.320052021681068	-0.206664255987375	-0.466699871215895	0.634130916795062	-0.149907947214405	-0.499749937468731	-1.30422390715706	1
-0.45879666899427	-0.240736766567997	1.3433419081684	0.116414043987471	-0.699357077447193	1.33740928208128	-0.963167916229627	1.04646305414177	-0.340884529431388	0.127818910535493	0.460600207221172	-0.704573447230058	-0.428075368025376	1.21399022946138	-0.195916251419052	-0.552428769790195	-0.338692153115389	0.320052021681068	-0.206664255987375	-0.466699871215895	0.634130916795062	-0.149907947214405	-0.499749937468731	0.765972770870018	1
-1.25393820971224	2.24706998404857	-0.503176178661015	1.60300262637537	-0.699357077447193	1.33740928208128	0.449101755661322	1.04646305414177	1.56349831655402	0.567361243876253	-2.37386260644758	-0.704573447230058	-0.428075368025376	-0.822906128695298	-0.195916251419052	1.80837793871491	-0.338692153115389	0.320052021681068	-0.206664255987375	-0.466699871215895	-1.57538447273477	-0.149907947214405	-0.499749937468731	-1.30422390715706	1
0.336344871723703	-0.240736766567997	-0.503176178661015	-0.095955753496514	-0.699357077447193	-1.14540497920822	-0.963167916229627	-1.67162280077191	-0.340884529431388	0.831086643880709	-0.956631199613203	-0.704573447230058	-0.428075368025376	-0.822906128695298	-0.195916251419052	-0.552428769790195	-0.338692153115389	0.320052021681068	-0.206664255987375	-0.466699871215895	0.634130916795062	-0.149907947214405	1.99899974987492	-1.30422390715706	1
-0.45879666899427	-0.73829811669131	-0.503176178661015	-0.626880247206478	-0.699357077447193	-1.14540497920822	1.86137142755227	-1.67162280077191	-1.29307595242409	-1.10289962281863	0.460600207221172	-0.704573447230058	-0.428075368025376	-0.822906128695298	-0.195916251419052	-0.552428769790195	-0.338692153115389	0.320052021681068	-0.206664255987375	2.14056197915223	-1.57538447273477	-0.149907947214405	-0.499749937468731	0.765972770870018	1
1.13148641244168	0.256824583555317	0.420082864753691	-0.449905415969823	-0.699357077447193	1.33740928208128	0.449101755661322	1.04646305414177	1.56349831655402	2.14971364390299	0.460600207221172	1.02656524375289	-0.428075368025376	1.21399022946138	-0.195916251419052	1.80837793871491	-0.338692153115389	0.320052021681068	-0.206664255987375	-0.466699871215895	-1.57538447273477	-0.149907947214405	-0.499749937468731	0.765972770870018	1
-1.25393820971224	0.754385933678631	-0.503176178661015	1.10747309891274	1.83225225267839	1.33740928208128	0.449101755661322	1.04646305414177	-0.340884529431388	-0.399631889473419	0.460600207221172	-0.704573447230058	-0.428075368025376	-0.822906128695298	-0.195916251419052	-0.552428769790195	-0.338692153115389	0.320052021681068	-0.206664255987375	-0.466699871215895	0.634130916795062	-0.149907947214405	-0.499749937468731	0.765972770870018	1
0.336344871723703	-0.240736766567997	-0.503176178661015	-0.131350719743845	-0.699357077447193	-0.317800225445056	0.449101755661322	-1.67162280077191	-1.29307595242409	-0.135906489468963	0.460600207221172	-0.704573447230058	2.33370119988027	-0.822906128695298	-0.195916251419052	-0.552428769790195	-0.338692153115389	0.320052021681068	-0.206664255987375	-0.466699871215895	0.634130916795062	-0.149907947214405	1.99899974987492	-1.30422390715706	1
1.13148641244168	-0.73829811669131	1.3433419081684	-0.697670179701139	-0.699357077447193	1.33740928208128	0.449101755661322	1.04646305414177	-1.29307595242409	2.23762211057114	0.460600207221172	1.02656524375289	-0.428075368025376	-0.822906128695298	-0.195916251419052	1.80837793871491	-0.338692153115389	0.320052021681068	-0.206664255987375	-0.466699871215895	0.634130916795062	-0.149907947214405	1.99899974987492	-1.30422390715706	1
-1.25393820971224	0.256824583555317	0.420082864753691	-0.697670179701139	-0.699357077447193	-1.97300973297139	0.449101755661322	-0.765594182467354	-1.29307595242409	0.655269710544405	0.460600207221172	1.02656524375289	2.33370119988027	-0.822906128695298	-0.195916251419052	1.80837793871491	-0.338692153115389	0.320052021681068	-0.206664255987375	-0.466699871215895	-1.57538447273477	-0.149907947214405	-0.499749937468731	0.765972770870018	1
1.13148641244168	0.256824583555317	1.3433419081684	-0.449905415969823	-0.699357077447193	-0.317800225445056	-0.963167916229627	1.04646305414177	0.611306893561316	0.127818910535493	0.460600207221172	-0.704573447230058	-0.428075368025376	1.21399022946138	-0.195916251419052	1.80837793871491	-0.338692153115389	0.320052021681068	-0.206664255987375	-0.466699871215895	0.634130916795062	-0.149907947214405	-0.499749937468731	0.765972770870018	1
1.13148641244168	0.256824583555317	-0.503176178661015	-0.591485280959147	-0.699357077447193	0.509804528318111	0.449101755661322	-1.67162280077191	0.611306893561316	-0.311723422805267	-2.37386260644758	-0.704573447230058	2.33370119988027	-0.822906128695298	-0.195916251419052	-0.552428769790195	-0.338692153115389	0.320052021681068	-0.206664255987375	-0.466699871215895	0.634130916795062	-0.149907947214405	-0.499749937468731	0.765972770870018	1
-1.25393820971224	-0.73829811669131	-1.42643522207572	-0.945434943432456	-0.699357077447193	-0.317800225445056	-0.963167916229627	1.04646305414177	-1.29307595242409	-1.01499115615048	-2.37386260644758	-0.704573447230058	-0.428075368025376	-0.822906128695298	-0.195916251419052	-0.552428769790195	-0.338692153115389	0.320052021681068	-0.206664255987375	-0.466699871215895	0.634130916795062	-0.149907947214405	1.99899974987492	-1.30422390715706	1
1.13148641244168	2.24706998404857	1.3433419081684	1.99234725509601	1.83225225267839	0.509804528318111	0.449101755661322	-1.67162280077191	1.56349831655402	-0.0479980228008109	0.460600207221172	1.02656524375289	-0.428075368025376	1.21399022946138	-0.195916251419052	-0.552428769790195	2.94958117810198	0.320052021681068	-0.206664255987375	-0.466699871215895	-1.57538447273477	-0.149907947214405	-0.499749937468731	0.765972770870018	1
1.13148641244168	-0.73829811669131	1.3433419081684	-0.803855078443132	1.83225225267839	0.509804528318111	-0.963167916229627	1.04646305414177	-1.29307595242409	-1.10289962281863	0.460600207221172	1.02656524375289	-0.428075368025376	-0.822906128695298	-0.195916251419052	-0.552428769790195	-0.338692153115389	0.320052021681068	-0.206664255987375	-0.466699871215895	0.634130916795062	-0.149907947214405	-0.499749937468731	0.765972770870018	1
1.13148641244168	-1.23585946681462	-1.42643522207572	-0.520695348464485	0.5664475876156	1.33740928208128	0.449101755661322	1.04646305414177	-0.340884529431388	0.831086643880709	-2.37386260644758	-0.704573447230058	2.33370119988027	-0.822906128695298	-0.195916251419052	-0.552428769790195	-0.338692153115389	0.320052021681068	-0.206664255987375	-0.466699871215895	0.634130916795062	-0.149907947214405	1.99899974987492	-1.30422390715706	1
-1.25393820971224	2.24706998404857	-0.503176178661015	1.31984289639672	-0.699357077447193	0.509804528318111	1.86137142755227	-1.67162280077191	-1.29307595242409	-0.135906489468963	0.460600207221172	1.02656524375289	-0.428075368025376	1.21399022946138	-0.195916251419052	-0.552428769790195	-0.338692153115389	-3.1213675662874	-0.206664255987375	-0.466699871215895	0.634130916795062	-0.149907947214405	-0.499749937468731	0.765972770870018	1
-0.45879666899427	-0.73829811669131	1.3433419081684	-0.449905415969823	-0.0664547449157966	-1.14540497920822	0.449101755661322	-1.67162280077191	0.611306893561316	-0.751265756146026	0.460600207221172	-0.704573447230058	-0.428075368025376	-0.822906128695298	-0.195916251419052	1.80837793871491	-0.338692153115389	0.320052021681068	-0.206664255987375	-0.466699871215895	0.634130916795062	-0.149907947214405	-0.499749937468731	0.765972770870018	1
-0.45879666899427	-0.987078791752967	-0.503176178661015	-0.73306514594847	-0.699357077447193	0.509804528318111	-0.963167916229627	1.04646305414177	-0.340884529431388	2.76507291058005	0.460600207221172	1.02656524375289	-0.428075368025376	1.21399022946138	-0.195916251419052	-0.552428769790195	-0.338692153115389	0.320052021681068	-0.206664255987375	-0.466699871215895	0.634130916795062	-0.149907947214405	-0.499749937468731	-1.30422390715706	1
-0.45879666899427	-0.73829811669131	-0.503176178661015	-0.697670179701139	-0.699357077447193	-1.14540497920822	0.449101755661322	-1.67162280077191	0.611306893561316	-1.19080808948679	-0.956631199613203	-0.704573447230058	-0.428075368025376	-0.822906128695298	-0.195916251419052	-0.552428769790195	-0.338692153115389	0.320052021681068	-0.206664255987375	-0.466699871215895	0.634130916795062	-0.149907947214405	-0.499749937468731	0.765972770870018	1
-0.45879666899427	-0.240736766567997	-2.34969426549043	-0.34372051722783	-0.0664547449157966	-1.14540497920822	-0.963167916229627	0.140434435837207	0.611306893561316	-0.663357289477875	0.460600207221172	1.02656524375289	-0.428075368025376	-0.822906128695298	-0.195916251419052	1.80837793871491	-0.338692153115389	0.320052021681068	-0.206664255987375	-0.466699871215895	0.634130916795062	-0.149907947214405	-0.499749937468731	0.765972770870018	1
1.13148641244168	0.00804390849366035	-2.34969426549043	0.611943571450104	1.83225225267839	-0.317800225445056	-0.963167916229627	1.04646305414177	-0.340884529431388	-0.575448822809723	-2.37386260644758	1.02656524375289	-0.428075368025376	1.21399022946138	-0.195916251419052	1.80837793871491	-0.338692153115389	0.320052021681068	-0.206664255987375	-0.466699871215895	0.634130916795062	-0.149907947214405	-0.499749937468731	0.765972770870018	1
-1.25393820971224	0.256824583555317	-1.42643522207572	0.116414043987471	-0.699357077447193	0.509804528318111	0.449101755661322	1.04646305414177	0.611306893561316	-0.751265756146026	-2.37386260644758	-0.704573447230058	-0.428075368025376	-0.822906128695298	-0.195916251419052	-0.552428769790195	-0.338692153115389	0.320052021681068	-0.206664255987375	-0.466699871215895	0.634130916795062	-0.149907947214405	-0.499749937468731	0.765972770870018	1
-0.45879666899427	-0.240736766567997	1.3433419081684	-0.485300382217154	-0.699357077447193	-1.14540497920822	0.449101755661322	-0.765594182467354	-1.29307595242409	-0.399631889473419	0.460600207221172	1.02656524375289	-0.428075368025376	-0.822906128695298	-0.195916251419052	-0.552428769790195	-0.338692153115389	0.320052021681068	-0.206664255987375	-0.466699871215895	0.634130916795062	-0.149907947214405	1.99899974987492	-1.30422390715706	1
-1.25393820971224	0.256824583555317	-0.503176178661015	-0.095955753496514	1.83225225267839	1.33740928208128	0.449101755661322	1.04646305414177	1.56349831655402	1.18272051055332	-2.37386260644758	-0.704573447230058	2.33370119988027	1.21399022946138	-0.195916251419052	-0.552428769790195	2.94958117810198	0.320052021681068	-0.206664255987375	-0.466699871215895	-1.57538447273477	-0.149907947214405	-0.499749937468731	0.765972770870018	1
-1.25393820971224	0.256824583555317	-1.42643522207572	-0.626880247206478	-0.699357077447193	0.509804528318111	0.449101755661322	1.04646305414177	0.611306893561316	-1.01499115615048	-2.37386260644758	-0.704573447230058	-0.428075368025376	-0.822906128695298	-0.195916251419052	-0.552428769790195	-0.338692153115389	-3.1213675662874	-0.206664255987375	2.14056197915223	-1.57538447273477	-0.149907947214405	1.99899974987492	-1.30422390715706	1
0.336344871723703	-1.23585946681462	0.420082864753691	-0.910039977185125	-0.699357077447193	-1.14540497920822	-0.963167916229627	-1.67162280077191	-0.340884529431388	-0.575448822809723	-2.37386260644758	-0.704573447230058	-0.428075368025376	-0.822906128695298	-0.195916251419052	-0.552428769790195	-0.338692153115389	0.320052021681068	-0.206664255987375	-0.466699871215895	0.634130916795062	-0.149907947214405	-0.499749937468731	0.765972770870018	1
-0.45879666899427	1.25194728380194	-0.503176178661015	3.23117107375259	1.83225225267839	-0.317800225445056	0.449101755661322	1.04646305414177	1.56349831655402	0.127818910535493	0.460600207221172	-0.704573447230058	-0.428075368025376	1.21399022946138	-0.195916251419052	1.80837793871491	-0.338692153115389	0.320052021681068	-0.206664255987375	-0.466699871215895	-1.57538447273477	-0.149907947214405	-0.499749937468731	0.765972770870018	1
-0.45879666899427	0.256824583555317	0.420082864753691	0.505758672708111	1.83225225267839	-0.317800225445056	0.449101755661322	-0.765594182467354	-0.340884529431388	0.127818910535493	-2.37386260644758	1.02656524375289	-0.428075368025376	1.21399022946138	-0.195916251419052	-0.552428769790195	-0.338692153115389	0.320052021681068	-0.206664255987375	-0.466699871215895	0.634130916795062	-0.149907947214405	-0.499749937468731	-1.30422390715706	1
-0.45879666899427	0.256824583555317	0.420082864753691	-0.591485280959147	-0.0664547449157966	0.509804528318111	-0.963167916229627	-0.765594182467354	-0.340884529431388	-1.10289962281863	0.460600207221172	1.02656524375289	-0.428075368025376	1.21399022946138	-0.195916251419052	-0.552428769790195	-0.338692153115389	0.320052021681068	-0.206664255987375	2.14056197915223	-1.57538447273477	-0.149907947214405	-0.499749937468731	0.765972770870018	1
-1.25393820971224	-0.73829811669131	-0.503176178661015	-0.662275213453809	-0.699357077447193	0.509804528318111	-2.37543758812058	0.140434435837207	0.611306893561316	0.039910443867341	0.460600207221172	-0.704573447230058	-0.428075368025376	-0.822906128695298	-0.195916251419052	1.80837793871491	-0.338692153115389	0.320052021681068	-0.206664255987375	-0.466699871215895	0.634130916795062	-0.149907947214405	-0.499749937468731	0.765972770870018	1
1.13148641244168	0.256824583555317	1.3433419081684	-0.237535618485838	1.199349920147	1.33740928208128	0.449101755661322	-0.765594182467354	0.611306893561316	-0.135906489468963	0.460600207221172	-0.704573447230058	-0.428075368025376	-0.822906128695298	-0.195916251419052	-0.552428769790195	-0.338692153115389	0.320052021681068	-0.206664255987375	-0.466699871215895	0.634130916795062	-0.149907947214405	-0.499749937468731	0.765972770870018	1
-0.45879666899427	2.24706998404857	-0.503176178661015	0.257993908976795	1.83225225267839	0.509804528318111	0.449101755661322	-1.67162280077191	0.611306893561316	0.479452777208101	0.460600207221172	1.02656524375289	2.33370119988027	1.21399022946138	-0.195916251419052	-0.552428769790195	-0.338692153115389	0.320052021681068	-0.206664255987375	-0.466699871215895	0.634130916795062	-0.149907947214405	-0.499749937468731	0.765972770870018	1
-1.25393820971224	2.24706998404857	-0.503176178661015	1.24905296390206	-0.699357077447193	-0.317800225445056	-0.963167916229627	-0.765594182467354	0.611306893561316	-0.399631889473419	0.460600207221172	-0.704573447230058	-0.428075368025376	1.21399022946138	-0.195916251419052	-0.552428769790195	-0.338692153115389	0.320052021681068	-0.206664255987375	-0.466699871215895	0.634130916795062	-0.149907947214405	-0.499749937468731	0.765972770870018	1
-1.25393820971224	0.256824583555317	-0.503176178661015	-0.0251658210018522	-0.699357077447193	-1.14540497920822	-0.963167916229627	1.04646305414177	-1.29307595242409	-1.10289962281863	0.460600207221172	-0.704573447230058	-0.428075368025376	1.21399022946138	-0.195916251419052	-0.552428769790195	-0.338692153115389	0.320052021681068	-0.206664255987375	2.14056197915223	-1.57538447273477	-0.149907947214405	1.99899974987492	-1.30422390715706	1
1.13148641244168	0.754385933678631	1.3433419081684	0.965893233923413	-0.699357077447193	0.509804528318111	0.449101755661322	-0.765594182467354	0.611306893561316	0.215727377203645	0.460600207221172	-0.704573447230058	-0.428075368025376	-0.822906128695298	-0.195916251419052	-0.552428769790195	-0.338692153115389	-3.1213675662874	4.83392735346079	-0.466699871215895	0.634130916795062	-0.149907947214405	-0.499749937468731	0.765972770870018	1
1.13148641244168	0.256824583555317	-0.503176178661015	0.753523436439428	1.83225225267839	-1.97300973297139	-0.963167916229627	1.04646305414177	-0.340884529431388	-0.839174222814178	0.460600207221172	-0.704573447230058	-0.428075368025376	1.21399022946138	-0.195916251419052	-0.552428769790195	2.94958117810198	0.320052021681068	-0.206664255987375	2.14056197915223	-1.57538447273477	-0.149907947214405	-0.499749937468731	-1.30422390715706	1
-1.25393820971224	-0.489517441629653	-0.503176178661015	-0.874645010937794	-0.699357077447193	-0.317800225445056	-0.963167916229627	1.04646305414177	-0.340884529431388	-1.19080808948679	0.460600207221172	-0.704573447230058	-0.428075368025376	-0.822906128695298	-0.195916251419052	-0.552428769790195	-0.338692153115389	0.320052021681068	-0.206664255987375	-0.466699871215895	0.634130916795062	-0.149907947214405	1.99899974987492	-1.30422390715706	1
-0.45879666899427	-0.987078791752967	-0.503176178661015	-0.768460112195801	-0.699357077447193	1.33740928208128	0.449101755661322	1.04646305414177	0.611306893561316	-0.751265756146026	0.460600207221172	1.02656524375289	-0.428075368025376	-0.822906128695298	-0.195916251419052	-0.552428769790195	-0.338692153115389	0.320052021681068	-0.206664255987375	-0.466699871215895	0.634130916795062	-0.149907947214405	1.99899974987492	-1.30422390715706	1
1.13148641244168	-0.489517441629653	1.3433419081684	-0.166745685991176	-0.699357077447193	0.509804528318111	-0.963167916229627	0.140434435837207	0.611306893561316	-1.01499115615048	-2.37386260644758	1.02656524375289	-0.428075368025376	-0.822906128695298	-0.195916251419052	-0.552428769790195	-0.338692153115389	-3.1213675662874	4.83392735346079	-0.466699871215895	0.634130916795062	-0.149907947214405	-0.499749937468731	0.765972770870018	1
-0.45879666899427	-0.73829811669131	-0.503176178661015	-0.131350719743845	-0.699357077447193	0.509804528318111	-0.963167916229627	-1.67162280077191	-1.29307595242409	-0.751265756146026	0.460600207221172	-0.704573447230058	-0.428075368025376	-0.822906128695298	-0.195916251419052	-0.552428769790195	-0.338692153115389	0.320052021681068	-0.206664255987375	-0.466699871215895	0.634130916795062	-0.149907947214405	-0.499749937468731	0.765972770870018	1
1.13148641244168	0.256824583555317	1.3433419081684	-0.485300382217154	1.83225225267839	-0.317800225445056	-0.963167916229627	-0.765594182467354	0.611306893561316	-0.223814956137115	0.460600207221172	1.02656524375289	-0.428075368025376	1.21399022946138	-0.195916251419052	-0.552428769790195	-0.338692153115389	0.320052021681068	-0.206664255987375	-0.466699871215895	0.634130916795062	-0.149907947214405	-0.499749937468731	0.765972770870018	1
-0.45879666899427	1.25194728380194	1.3433419081684	-0.166745685991176	-0.699357077447193	-1.14540497920822	-2.37543758812058	1.04646305414177	0.611306893561316	-0.751265756146026	0.460600207221172	1.02656524375289	-0.428075368025376	-0.822906128695298	-0.195916251419052	1.80837793871491	-0.338692153115389	0.320052021681068	-0.206664255987375	-0.466699871215895	0.634130916795062	-0.149907947214405	-0.499749937468731	0.765972770870018	1
1.13148641244168	0.256824583555317	-0.503176178661015	-0.839250044690463	-0.699357077447193	-1.14540497920822	1.86137142755227	0.140434435837207	0.611306893561316	-0.751265756146026	0.460600207221172	1.02656524375289	-0.428075368025376	-0.822906128695298	-0.195916251419052	-0.552428769790195	-0.338692153115389	0.320052021681068	-0.206664255987375	-0.466699871215895	0.634130916795062	-0.149907947214405	1.99899974987492	-1.30422390715706	1
-0.45879666899427	-0.240736766567997	1.3433419081684	-0.768460112195801	-0.699357077447193	1.33740928208128	0.449101755661322	0.140434435837207	-1.29307595242409	-0.487540356141571	-2.37386260644758	1.02656524375289	-0.428075368025376	-0.822906128695298	-0.195916251419052	1.80837793871491	-0.338692153115389	-3.1213675662874	-0.206664255987375	-0.466699871215895	0.634130916795062	-0.149907947214405	-0.499749937468731	0.765972770870018	1
-0.45879666899427	-0.73829811669131	1.3433419081684	-0.0605607872491831	-0.699357077447193	-1.14540497920822	0.449101755661322	0.140434435837207	-1.29307595242409	1.18272051055332	-2.37386260644758	1.02656524375289	2.33370119988027	-0.822906128695298	-0.195916251419052	1.80837793871491	-0.338692153115389	0.320052021681068	-0.206664255987375	-0.466699871215895	0.634130916795062	-0.149907947214405	1.99899974987492	-1.30422390715706	1
1.13148641244168	-0.987078791752967	-0.503176178661015	-0.662275213453809	-0.699357077447193	-0.317800225445056	-0.963167916229627	-0.765594182467354	-1.29307595242409	-0.839174222814178	0.460600207221172	-0.704573447230058	-0.428075368025376	-0.822906128695298	-0.195916251419052	-0.552428769790195	-0.338692153115389	0.320052021681068	-0.206664255987375	2.14056197915223	-1.57538447273477	-0.149907947214405	-0.499749937468731	0.765972770870018	1
-0.45879666899427	1.25194728380194	-0.503176178661015	-0.308325550980499	-0.699357077447193	-1.14540497920822	0.449101755661322	-1.67162280077191	1.56349831655402	-0.223814956137115	0.460600207221172	-0.704573447230058	-0.428075368025376	-0.822906128695298	-0.195916251419052	-0.552428769790195	-0.338692153115389	0.320052021681068	-0.206664255987375	2.14056197915223	-1.57538447273477	-0.149907947214405	1.99899974987492	-1.30422390715706	1
1.13148641244168	-0.73829811669131	-0.503176178661015	-0.414510449722492	1.83225225267839	1.33740928208128	-0.963167916229627	1.04646305414177	1.56349831655402	1.44644591055777	0.460600207221172	-0.704573447230058	-0.428075368025376	1.21399022946138	-0.195916251419052	1.80837793871491	-0.338692153115389	0.320052021681068	-0.206664255987375	-0.466699871215895	-1.57538447273477	-0.149907947214405	-0.499749937468731	-1.30422390715706	1
-1.25393820971224	-0.240736766567997	-0.503176178661015	-0.449905415969823	-0.699357077447193	-0.317800225445056	-0.963167916229627	1.04646305414177	-1.29307595242409	-1.36662502282309	-2.37386260644758	-0.704573447230058	-0.428075368025376	-0.822906128695298	-0.195916251419052	-0.552428769790195	-0.338692153115389	0.320052021681068	-0.206664255987375	2.14056197915223	-1.57538447273477	-0.149907947214405	-0.499749937468731	0.765972770870018	1
-1.25393820971224	-0.987078791752967	1.3433419081684	-0.166745685991176	-0.699357077447193	-0.317800225445056	0.449101755661322	-0.765594182467354	-1.29307595242409	0.039910443867341	0.460600207221172	1.02656524375289	2.33370119988027	-0.822906128695298	-0.195916251419052	1.80837793871491	-0.338692153115389	0.320052021681068	-0.206664255987375	2.14056197915223	-1.57538447273477	-0.149907947214405	-0.499749937468731	0.765972770870018	1
-1.25393820971224	-0.73829811669131	-0.503176178661015	-0.697670179701139	-0.699357077447193	-0.317800225445056	0.449101755661322	-1.67162280077191	-0.340884529431388	-1.27871655615494	0.460600207221172	-0.704573447230058	-0.428075368025376	-0.822906128695298	-0.195916251419052	-0.552428769790195	-0.338692153115389	-3.1213675662874	-0.206664255987375	-0.466699871215895	0.634130916795062	-0.149907947214405	1.99899974987492	-1.30422390715706	1
-1.25393820971224	-0.240736766567997	-0.503176178661015	-0.73306514594847	-0.699357077447193	-0.317800225445056	1.86137142755227	0.140434435837207	-1.29307595242409	1.00690357721701	0.460600207221172	-0.704573447230058	-0.428075368025376	1.21399022946138	-0.195916251419052	-0.552428769790195	-0.338692153115389	0.320052021681068	-0.206664255987375	-0.466699871215895	0.634130916795062	-0.149907947214405	1.99899974987492	-1.30422390715706	1
-1.25393820971224	-0.73829811669131	1.3433419081684	-0.379115483475161	-0.699357077447193	1.33740928208128	0.449101755661322	0.140434435837207	-0.340884529431388	2.14971364390299	0.460600207221172	1.02656524375289	-0.428075368025376	-0.822906128695298	-0.195916251419052	-0.552428769790195	-0.338692153115389	0.320052021681068	-0.206664255987375	-0.466699871215895	0.634130916795062	-0.149907947214405	-0.499749937468731	0.765972770870018	1
-1.25393820971224	-0.73829811669131	1.3433419081684	-1.01622487592712	-0.699357077447193	0.509804528318111	-0.963167916229627	0.140434435837207	-1.29307595242409	1.97389671056668	0.460600207221172	4.48884262571877	-0.428075368025376	1.21399022946138	-0.195916251419052	-0.552428769790195	-0.338692153115389	0.320052021681068	-0.206664255987375	-0.466699871215895	0.634130916795062	-0.149907947214405	1.99899974987492	-1.30422390715706	1
-0.45879666899427	0.256824583555317	0.420082864753691	-0.449905415969823	1.83225225267839	-0.317800225445056	-0.963167916229627	1.04646305414177	0.611306893561316	0.567361243876253	0.460600207221172	1.02656524375289	-0.428075368025376	1.21399022946138	-0.195916251419052	1.80837793871491	-0.338692153115389	0.320052021681068	-0.206664255987375	2.14056197915223	-1.57538447273477	-0.149907947214405	-0.499749937468731	0.765972770870018	1
1.13148641244168	0.00804390849366035	-0.503176178661015	-0.591485280959147	1.199349920147	1.33740928208128	-0.963167916229627	1.04646305414177	-1.29307595242409	0.039910443867341	-2.37386260644758	-0.704573447230058	-0.428075368025376	-0.822906128695298	-0.195916251419052	-0.552428769790195	-0.338692153115389	0.320052021681068	-0.206664255987375	-0.466699871215895	0.634130916795062	-0.149907947214405	1.99899974987492	-1.30422390715706	1
-0.45879666899427	0.256824583555317	-0.503176178661015	-0.202140652238507	-0.699357077447193	-0.317800225445056	-0.963167916229627	1.04646305414177	-0.340884529431388	-1.36662502282309	0.460600207221172	-0.704573447230058	-0.428075368025376	1.21399022946138	-0.195916251419052	1.80837793871491	-0.338692153115389	0.320052021681068	-0.206664255987375	2.14056197915223	-1.57538447273477	-0.149907947214405	1.99899974987492	-1.30422390715706	1
-1.25393820971224	0.256824583555317	-1.42643522207572	-0.662275213453809	1.83225225267839	1.33740928208128	0.449101755661322	0.140434435837207	0.611306893561316	0.391544310539949	-0.956631199613203	-0.704573447230058	-0.428075368025376	1.21399022946138	-0.195916251419052	-0.552428769790195	-0.338692153115389	0.320052021681068	-0.206664255987375	-0.466699871215895	0.634130916795062	-0.149907947214405	-0.499749937468731	-1.30422390715706	1
-0.45879666899427	-1.23585946681462	-1.42643522207572	-0.839250044690463	-0.0664547449157966	-1.14540497920822	-0.963167916229627	-1.67162280077191	-0.340884529431388	-0.311723422805267	-0.956631199613203	-0.704573447230058	-0.428075368025376	-0.822906128695298	-0.195916251419052	1.80837793871491	-0.338692153115389	0.320052021681068	-0.206664255987375	-0.466699871215895	0.634130916795062	-0.149907947214405	1.99899974987492	-1.30422390715706	1
-1.25393820971224	0.256824583555317	-0.503176178661015	-0.662275213453809	-0.699357077447193	0.509804528318111	-0.963167916229627	1.04646305414177	0.611306893561316	-1.10289962281863	0.460600207221172	1.02656524375289	-0.428075368025376	-0.822906128695298	-0.195916251419052	1.80837793871491	-0.338692153115389	0.320052021681068	-0.206664255987375	2.14056197915223	-1.57538447273477	-0.149907947214405	-0.499749937468731	0.765972770870018	1
-0.45879666899427	0.256824583555317	-2.34969426549043	0.328783841471457	-0.699357077447193	-0.317800225445056	0.449101755661322	1.04646305414177	-1.29307595242409	0.039910443867341	0.460600207221172	2.75770393473583	-0.428075368025376	1.21399022946138	-0.195916251419052	-0.552428769790195	-0.338692153115389	0.320052021681068	-0.206664255987375	-0.466699871215895	0.634130916795062	-0.149907947214405	1.99899974987492	-1.30422390715706	1
1.13148641244168	-0.240736766567997	1.3433419081684	-0.166745685991176	-0.699357077447193	0.509804528318111	0.449101755661322	-0.765594182467354	-0.340884529431388	-0.399631889473419	-2.37386260644758	1.02656524375289	-0.428075368025376	-0.822906128695298	-0.195916251419052	1.80837793871491	-0.338692153115389	0.320052021681068	-0.206664255987375	-0.466699871215895	0.634130916795062	-0.149907947214405	-0.499749937468731	0.765972770870018	1
1.13148641244168	0.256824583555317	0.420082864753691	0.222598942729464	-0.699357077447193	-0.317800225445056	0.449101755661322	-0.765594182467354	1.56349831655402	-0.311723422805267	0.460600207221172	-0.704573447230058	-0.428075368025376	-0.822906128695298	-0.195916251419052	-0.552428769790195	-0.338692153115389	0.320052021681068	-0.206664255987375	-0.466699871215895	-1.57538447273477	-0.149907947214405	-0.499749937468731	0.765972770870018	1
-0.45879666899427	-1.15293257512741	-0.503176178661015	-0.34372051722783	-0.699357077447193	-1.14540497920822	-0.963167916229627	-1.67162280077191	-1.29307595242409	0.831086643880709	0.460600207221172	-0.704573447230058	-0.428075368025376	-0.822906128695298	-0.195916251419052	-0.552428769790195	-0.338692153115389	-3.1213675662874	-0.206664255987375	-0.466699871215895	0.634130916795062	-0.149907947214405	-0.499749937468731	0.765972770870018	1
-0.45879666899427	-0.987078791752967	-0.503176178661015	-0.839250044690463	-0.699357077447193	-0.317800225445056	-0.963167916229627	-1.67162280077191	-0.340884529431388	-0.487540356141571	0.460600207221172	-0.704573447230058	-0.428075368025376	-0.822906128695298	-0.195916251419052	-0.552428769790195	-0.338692153115389	0.320052021681068	-0.206664255987375	-0.466699871215895	0.634130916795062	-0.149907947214405	-0.499749937468731	0.765972770870018	1
-0.45879666899427	0.256824583555317	-1.42643522207572	-0.520695348464485	-0.699357077447193	0.509804528318111	-0.963167916229627	1.04646305414177	1.56349831655402	-0.135906489468963	-2.37386260644758	-0.704573447230058	-0.428075368025376	-0.822906128695298	-0.195916251419052	-0.552428769790195	-0.338692153115389	0.320052021681068	-0.206664255987375	-0.466699871215895	-1.57538447273477	-0.149907947214405	1.99899974987492	-1.30422390715706	1
1.13148641244168	1.25194728380194	-0.503176178661015	0.0102291452454787	-0.699357077447193	-0.317800225445056	-0.963167916229627	-0.765594182467354	0.611306893561316	-0.663357289477875	0.460600207221172	-0.704573447230058	-0.428075368025376	1.21399022946138	-0.195916251419052	-0.552428769790195	-0.338692153115389	0.320052021681068	-0.206664255987375	-0.466699871215895	0.634130916795062	-0.149907947214405	-0.499749937468731	-1.30422390715706	1
0.336344871723703	-0.904151900065748	-0.503176178661015	-0.697670179701139	-0.699357077447193	-1.14540497920822	-0.963167916229627	-0.765594182467354	-0.340884529431388	-1.10289962281863	0.460600207221172	-0.704573447230058	-0.428075368025376	-0.822906128695298	-0.195916251419052	-0.552428769790195	-0.338692153115389	0.320052021681068	-0.206664255987375	-0.466699871215895	0.634130916795062	-0.149907947214405	-0.499749937468731	0.765972770870018	1
-1.25393820971224	0.256824583555317	-1.42643522207572	-0.166745685991176	0.5664475876156	-0.317800225445056	0.449101755661322	1.04646305414177	-1.29307595242409	-1.19080808948679	-0.956631199613203	-0.704573447230058	-0.428075368025376	1.21399022946138	-0.195916251419052	-0.552428769790195	-0.338692153115389	0.320052021681068	-0.206664255987375	-0.466699871215895	0.634130916795062	-0.149907947214405	-0.499749937468731	0.765972770870018	1
1.13148641244168	0.256824583555317	1.3433419081684	0.43496874021345	-0.699357077447193	-0.317800225445056	0.449101755661322	-0.765594182467354	-1.29307595242409	3.38043217725712	0.460600207221172	-0.704573447230058	-0.428075368025376	1.21399022946138	-0.195916251419052	-0.552428769790195	-0.338692153115389	0.320052021681068	-0.206664255987375	-0.466699871215895	0.634130916795062	-0.149907947214405	-0.499749937468731	-1.30422390715706	1
-0.45879666899427	1.25194728380194	-0.503176178661015	-0.202140652238507	-0.0664547449157966	-0.317800225445056	-0.963167916229627	1.04646305414177	1.56349831655402	1.27062897722147	0.460600207221172	-0.704573447230058	-0.428075368025376	-0.822906128695298	-0.195916251419052	-0.552428769790195	-0.338692153115389	-3.1213675662874	4.83392735346079	-0.466699871215895	-1.57538447273477	-0.149907947214405	-0.499749937468731	0.765972770870018	1
1.13148641244168	-0.240736766567997	-0.503176178661015	-0.414510449722492	-0.699357077447193	-1.14540497920822	0.449101755661322	-1.67162280077191	-1.29307595242409	-0.223814956137115	0.460600207221172	-0.704573447230058	-0.428075368025376	-0.822906128695298	-0.195916251419052	-0.552428769790195	-0.338692153115389	0.320052021681068	-0.206664255987375	-0.466699871215895	0.634130916795062	-0.149907947214405	-0.499749937468731	0.765972770870018	1
1.13148641244168	-0.489517441629653	-0.503176178661015	-0.697670179701139	1.83225225267839	1.33740928208128	0.449101755661322	1.04646305414177	1.56349831655402	0.831086643880709	-2.37386260644758	-0.704573447230058	2.33370119988027	-0.822906128695298	-0.195916251419052	-0.552428769790195	2.94958117810198	0.320052021681068	-0.206664255987375	-0.466699871215895	-1.57538447273477	-0.149907947214405	-0.499749937468731	0.765972770870018	1
-1.25393820971224	-0.73829811669131	-0.503176178661015	-0.910039977185125	-0.0664547449157966	-1.97300973297139	-0.963167916229627	0.140434435837207	-0.340884529431388	-1.19080808948679	0.460600207221172	-0.704573447230058	-0.428075368025376	-0.822906128695298	-0.195916251419052	-0.552428769790195	-0.338692153115389	0.320052021681068	-0.206664255987375	-0.466699871215895	0.634130916795062	-0.149907947214405	-0.499749937468731	0.765972770870018	1
0.336344871723703	-0.904151900065748	-0.503176178661015	-0.73306514594847	-0.0664547449157966	1.33740928208128	-0.963167916229627	1.04646305414177	1.56349831655402	1.09481204388516	0.460600207221172	-0.704573447230058	2.33370119988027	-0.822906128695298	-0.195916251419052	1.80837793871491	-0.338692153115389	0.320052021681068	-0.206664255987375	-0.466699871215895	-1.57538447273477	-0.149907947214405	1.99899974987492	-1.30422390715706	1
-1.25393820971224	0.00804390849366035	-0.503176178661015	0.0456241114928096	1.199349920147	-1.14540497920822	-0.963167916229627	-0.765594182467354	0.611306893561316	-0.575448822809723	-2.37386260644758	-0.704573447230058	-0.428075368025376	-0.822906128695298	-0.195916251419052	-0.552428769790195	-0.338692153115389	0.320052021681068	-0.206664255987375	-0.466699871215895	0.634130916795062	-0.149907947214405	-0.499749937468731	0.765972770870018	1
-1.25393820971224	0.256824583555317	-1.42643522207572	0.116414043987471	-0.699357077447193	-0.317800225445056	-0.963167916229627	1.04646305414177	0.611306893561316	-1.19080808948679	-2.37386260644758	-0.704573447230058	-0.428075368025376	-0.822906128695298	5.09911757071751	-0.552428769790195	2.94958117810198	-3.1213675662874	-0.206664255987375	2.14056197915223	-1.57538447273477	-0.149907947214405	-0.499749937468731	0.765972770870018	1
1.13148641244168	-0.240736766567997	0.420082864753691	-0.520695348464485	-0.699357077447193	0.509804528318111	-0.963167916229627	-1.67162280077191	-1.29307595242409	-1.19080808948679	0.460600207221172	-0.704573447230058	-0.428075368025376	-0.822906128695298	-0.195916251419052	-0.552428769790195	-0.338692153115389	0.320052021681068	-0.206664255987375	-0.466699871215895	0.634130916795062	-0.149907947214405	-0.499749937468731	0.765972770870018	1
-0.45879666899427	2.24706998404857	-2.34969426549043	3.16038114125793	1.83225225267839	-0.317800225445056	0.449101755661322	-0.765594182467354	0.611306893561316	1.09481204388516	-2.37386260644758	-0.704573447230058	-0.428075368025376	1.21399022946138	-0.195916251419052	-0.552428769790195	-0.338692153115389	0.320052021681068	-0.206664255987375	-0.466699871215895	0.634130916795062	-0.149907947214405	-0.499749937468731	-1.30422390715706	1
-0.45879666899427	3.2421926842952	0.420082864753691	2.098532153838	1.83225225267839	-0.317800225445056	0.449101755661322	-0.765594182467354	1.56349831655402	-0.751265756146026	0.460600207221172	-0.704573447230058	-0.428075368025376	-0.822906128695298	-0.195916251419052	-0.552428769790195	-0.338692153115389	0.320052021681068	-0.206664255987375	-0.466699871215895	-1.57538447273477	-0.149907947214405	-0.499749937468731	-1.30422390715706	1
-1.25393820971224	-1.23585946681462	1.3433419081684	0.151809010234802	-0.699357077447193	-0.317800225445056	0.449101755661322	0.140434435837207	-1.29307595242409	0.127818910535493	0.460600207221172	2.75770393473583	2.33370119988027	-0.822906128695298	-0.195916251419052	1.80837793871491	-0.338692153115389	0.320052021681068	-0.206664255987375	2.14056197915223	-1.57538447273477	-0.149907947214405	-0.499749937468731	0.765972770870018	1
-0.45879666899427	0.754385933678631	-0.503176178661015	0.0456241114928096	-0.0664547449157966	-0.317800225445056	-0.963167916229627	1.04646305414177	0.611306893561316	-1.27871655615494	0.460600207221172	-0.704573447230058	-0.428075368025376	-0.822906128695298	-0.195916251419052	-0.552428769790195	-0.338692153115389	-3.1213675662874	4.83392735346079	2.14056197915223	-1.57538447273477	-0.149907947214405	-0.499749937468731	0.765972770870018	1
1.13148641244168	-0.73829811669131	-0.503176178661015	-0.945434943432456	-0.699357077447193	-0.317800225445056	-2.37543758812058	-0.765594182467354	-1.29307595242409	1.18272051055332	0.460600207221172	-0.704573447230058	-0.428075368025376	-0.822906128695298	-0.195916251419052	1.80837793871491	-0.338692153115389	0.320052021681068	-0.206664255987375	-0.466699871215895	0.634130916795062	-0.149907947214405	1.99899974987492	-1.30422390715706	1
-0.45879666899427	0.00804390849366035	1.3433419081684	0.151809010234802	-0.699357077447193	0.509804528318111	0.449101755661322	0.140434435837207	-0.340884529431388	-0.751265756146026	0.460600207221172	1.02656524375289	-0.428075368025376	-0.822906128695298	-0.195916251419052	-0.552428769790195	-0.338692153115389	0.320052021681068	-0.206664255987375	-0.466699871215895	0.634130916795062	-0.149907947214405	-0.499749937468731	0.765972770870018	1
1.13148641244168	-0.240736766567997	1.3433419081684	-0.626880247206478	-0.699357077447193	-0.317800225445056	0.449101755661322	-0.765594182467354	-0.340884529431388	-0.311723422805267	-2.37386260644758	1.02656524375289	-0.428075368025376	-0.822906128695298	-0.195916251419052	1.80837793871491	-0.338692153115389	0.320052021681068	-0.206664255987375	-0.466699871215895	0.634130916795062	-0.149907947214405	-0.499749937468731	0.765972770870018	1
1.13148641244168	2.24706998404857	-0.503176178661015	0.222598942729464	1.83225225267839	-0.317800225445056	-2.37543758812058	-0.765594182467354	-1.29307595242409	0.215727377203645	-2.37386260644758	-0.704573447230058	-0.428075368025376	-0.822906128695298	-0.195916251419052	-0.552428769790195	-0.338692153115389	0.320052021681068	-0.206664255987375	-0.466699871215895	0.634130916795062	-0.149907947214405	-0.499749937468731	0.765972770870018	1
-1.25393820971224	-0.73829811669131	-0.503176178661015	-0.485300382217154	-0.699357077447193	-1.14540497920822	-0.963167916229627	-1.67162280077191	0.611306893561316	-1.19080808948679	0.460600207221172	-0.704573447230058	-0.428075368025376	-0.822906128695298	-0.195916251419052	-0.552428769790195	-0.338692153115389	0.320052021681068	-0.206664255987375	2.14056197915223	-1.57538447273477	-0.149907947214405	-0.499749937468731	0.765972770870018	1
-1.25393820971224	-0.240736766567997	-0.503176178661015	-0.237535618485838	-0.699357077447193	-0.317800225445056	0.449101755661322	1.04646305414177	1.56349831655402	2.58925597724375	0.460600207221172	1.02656524375289	-0.428075368025376	-0.822906128695298	-0.195916251419052	-0.552428769790195	-0.338692153115389	0.320052021681068	-0.206664255987375	-0.466699871215895	-1.57538447273477	-0.149907947214405	-0.499749937468731	0.765972770870018	1
1.13148641244168	-0.489517441629653	-0.503176178661015	-0.449905415969823	1.83225225267839	1.33740928208128	0.449101755661322	-0.765594182467354	0.611306893561316	-0.0479980228008109	0.460600207221172	-0.704573447230058	-0.428075368025376	-0.822906128695298	-0.195916251419052	-0.552428769790195	-0.338692153115389	0.320052021681068	-0.206664255987375	-0.466699871215895	0.634130916795062	-0.149907947214405	-0.499749937468731	0.765972770870018	1
0.336344871723703	-1.23585946681462	-0.503176178661015	-0.414510449722492	-0.699357077447193	-0.317800225445056	0.449101755661322	-0.765594182467354	-1.29307595242409	0.479452777208101	0.460600207221172	-0.704573447230058	-0.428075368025376	1.21399022946138	-0.195916251419052	-0.552428769790195	-0.338692153115389	0.320052021681068	-0.206664255987375	-0.466699871215895	0.634130916795062	-0.149907947214405	-0.499749937468731	0.765972770870018	1
-0.45879666899427	-0.987078791752967	-1.42643522207572	-0.662275213453809	-0.0664547449157966	0.509804528318111	0.449101755661322	0.140434435837207	1.56349831655402	-0.575448822809723	0.460600207221172	-0.704573447230058	-0.428075368025376	-0.822906128695298	-0.195916251419052	1.80837793871491	-0.338692153115389	0.320052021681068	-0.206664255987375	-0.466699871215895	0.634130916795062	-0.149907947214405	-0.499749937468731	0.765972770870018	1
1.13148641244168	1.74950863392526	1.3433419081684	0.257993908976795	0.5664475876156	-0.317800225445056	0.449101755661322	1.04646305414177	-1.29307595242409	0.039910443867341	0.460600207221172	1.02656524375289	-0.428075368025376	1.21399022946138	-0.195916251419052	-0.552428769790195	-0.338692153115389	0.320052021681068	-0.206664255987375	-0.466699871215895	0.634130916795062	-0.149907947214405	-0.499749937468731	0.765972770870018	1
1.13148641244168	-0.987078791752967	-0.503176178661015	0.187203976482133	1.83225225267839	1.33740928208128	0.449101755661322	1.04646305414177	-1.29307595242409	2.5013475105756	0.460600207221172	-0.704573447230058	-0.428075368025376	-0.822906128695298	-0.195916251419052	-0.552428769790195	-0.338692153115389	0.320052021681068	-0.206664255987375	-0.466699871215895	0.634130916795062	-0.149907947214405	1.99899974987492	-1.30422390715706	1
-1.25393820971224	0.256824583555317	-0.503176178661015	0.151809010234802	-0.699357077447193	-0.317800225445056	-0.963167916229627	1.04646305414177	0.611306893561316	-0.663357289477875	0.460600207221172	-0.704573447230058	-0.428075368025376	-0.822906128695298	-0.195916251419052	-0.552428769790195	-0.338692153115389	0.320052021681068	-0.206664255987375	-0.466699871215895	0.634130916795062	-0.149907947214405	-0.499749937468731	0.765972770870018	1
-1.25393820971224	-0.240736766567997	-1.42643522207572	-0.591485280959147	-0.699357077447193	-0.317800225445056	0.449101755661322	0.140434435837207	0.611306893561316	0.743178177212557	-2.37386260644758	-0.704573447230058	-0.428075368025376	-0.822906128695298	-0.195916251419052	-0.552428769790195	-0.338692153115389	0.320052021681068	-0.206664255987375	-0.466699871215895	0.634130916795062	-0.149907947214405	-0.499749937468731	0.765972770870018	1
-0.45879666899427	-0.489517441629653	-0.503176178661015	-0.662275213453809	1.83225225267839	-1.14540497920822	0.449101755661322	-1.67162280077191	-0.340884529431388	-1.10289962281863	0.460600207221172	-0.704573447230058	-0.428075368025376	-0.822906128695298	-0.195916251419052	-0.552428769790195	-0.338692153115389	0.320052021681068	-0.206664255987375	-0.466699871215895	0.634130916795062	-0.149907947214405	-0.499749937468731	0.765972770870018	1
1.13148641244168	-0.987078791752967	-0.503176178661015	-0.449905415969823	-0.699357077447193	-1.14540497920822	-0.963167916229627	-0.765594182467354	0.611306893561316	-1.45453348949124	0.460600207221172	1.02656524375289	-0.428075368025376	-0.822906128695298	-0.195916251419052	-0.552428769790195	-0.338692153115389	-3.1213675662874	4.83392735346079	2.14056197915223	-1.57538447273477	-0.149907947214405	-0.499749937468731	0.765972770870018	1
-0.45879666899427	0.256824583555317	-0.503176178661015	-0.662275213453809	-0.699357077447193	-1.14540497920822	-0.963167916229627	1.04646305414177	0.611306893561316	-0.92708268948233	0.460600207221172	-0.704573447230058	-0.428075368025376	1.21399022946138	-0.195916251419052	1.80837793871491	-0.338692153115389	0.320052021681068	-0.206664255987375	-0.466699871215895	0.634130916795062	-0.149907947214405	1.99899974987492	-1.30422390715706	1
1.13148641244168	-0.73829811669131	-0.503176178661015	-0.662275213453809	-0.699357077447193	1.33740928208128	0.449101755661322	1.04646305414177	-0.340884529431388	1.00690357721701	-2.37386260644758	2.75770393473583	2.33370119988027	1.21399022946138	-0.195916251419052	-0.552428769790195	-0.338692153115389	0.320052021681068	-0.206664255987375	-0.466699871215895	0.634130916795062	-0.149907947214405	-0.499749937468731	0.765972770870018	1
1.13148641244168	0.256824583555317	-0.503176178661015	-0.662275213453809	0.5664475876156	0.509804528318111	-0.963167916229627	-1.67162280077191	0.611306893561316	-0.663357289477875	0.460600207221172	-0.704573447230058	-0.428075368025376	-0.822906128695298	-0.195916251419052	-0.552428769790195	-0.338692153115389	0.320052021681068	-0.206664255987375	-0.466699871215895	0.634130916795062	-0.149907947214405	-0.499749937468731	0.765972770870018	1
1.13148641244168	3.2421926842952	0.420082864753691	4.39920495991451	-0.699357077447193	0.509804528318111	0.449101755661322	1.04646305414177	0.611306893561316	-1.27871655615494	0.460600207221172	1.02656524375289	-0.428075368025376	1.21399022946138	-0.195916251419052	-0.552428769790195	-0.338692153115389	0.320052021681068	-0.206664255987375	-0.466699871215895	0.634130916795062	-0.149907947214405	-0.499749937468731	0.765972770870018	1
1.13148641244168	-0.73829811669131	-0.503176178661015	-0.626880247206478	-0.699357077447193	-1.14540497920822	-0.963167916229627	0.140434435837207	0.611306893561316	-0.135906489468963	0.460600207221172	-0.704573447230058	2.33370119988027	-0.822906128695298	-0.195916251419052	-0.552428769790195	-0.338692153115389	0.320052021681068	-0.206664255987375	-0.466699871215895	0.634130916795062	-0.149907947214405	-0.499749937468731	0.765972770870018	1
-1.25393820971224	1.74950863392526	0.420082864753691	0.399573773966119	-0.699357077447193	0.509804528318111	0.449101755661322	-0.765594182467354	-0.340884529431388	-0.839174222814178	-2.37386260644758	1.02656524375289	2.33370119988027	1.21399022946138	-0.195916251419052	-0.552428769790195	-0.338692153115389	0.320052021681068	-0.206664255987375	-0.466699871215895	0.634130916795062	-0.149907947214405	-0.499749937468731	0.765972770870018	1
-1.25393820971224	-0.240736766567997	-0.503176178661015	-0.874645010937794	-0.699357077447193	-1.97300973297139	-0.963167916229627	-1.67162280077191	-1.29307595242409	-0.751265756146026	0.460600207221172	-0.704573447230058	-0.428075368025376	-0.822906128695298	-0.195916251419052	-0.552428769790195	-0.338692153115389	0.320052021681068	-0.206664255987375	-0.466699871215895	0.634130916795062	6.66408965344035	-0.499749937468731	-1.30422390715706	1
-0.45879666899427	-0.489517441629653	-0.503176178661015	-0.697670179701139	-0.699357077447193	1.33740928208128	0.449101755661322	1.04646305414177	0.611306893561316	0.215727377203645	0.460600207221172	1.02656524375289	-0.428075368025376	-0.822906128695298	-0.195916251419052	-0.552428769790195	-0.338692153115389	0.320052021681068	-0.206664255987375	-0.466699871215895	0.634130916795062	-0.149907947214405	1.99899974987492	-1.30422390715706	1
1.13148641244168	-0.489517441629653	-0.503176178661015	0.47036370646078	-0.0664547449157966	-0.317800225445056	0.449101755661322	-0.765594182467354	-0.340884529431388	0.391544310539949	0.460600207221172	-0.704573447230058	-0.428075368025376	1.21399022946138	-0.195916251419052	-0.552428769790195	-0.338692153115389	0.320052021681068	-0.206664255987375	-0.466699871215895	0.634130916795062	-0.149907947214405	-0.499749937468731	-1.30422390715706	1
1.13148641244168	0.256824583555317	1.3433419081684	-0.485300382217154	-0.699357077447193	0.509804528318111	1.86137142755227	-0.765594182467354	0.611306893561316	-0.223814956137115	0.460600207221172	1.02656524375289	-0.428075368025376	1.21399022946138	-0.195916251419052	-0.552428769790195	-0.338692153115389	-3.1213675662874	-0.206664255987375	-0.466699871215895	0.634130916795062	-0.149907947214405	-0.499749937468731	0.765972770870018	1
-1.25393820971224	-0.240736766567997	1.3433419081684	-0.485300382217154	-0.699357077447193	0.509804528318111	1.86137142755227	-1.67162280077191	-0.340884529431388	-0.311723422805267	0.460600207221172	1.02656524375289	-0.428075368025376	1.21399022946138	-0.195916251419052	-0.552428769790195	-0.338692153115389	0.320052021681068	-0.206664255987375	-0.466699871215895	0.634130916795062	-0.149907947214405	-0.499749937468731	-1.30422390715706	1
1.13148641244168	1.25194728380194	0.420082864753691	1.67379255887003	1.83225225267839	-1.14540497920822	0.449101755661322	1.04646305414177	0.611306893561316	-0.751265756146026	0.460600207221172	1.02656524375289	-0.428075368025376	1.21399022946138	-0.195916251419052	-0.552428769790195	-0.338692153115389	0.320052021681068	-0.206664255987375	2.14056197915223	-1.57538447273477	-0.149907947214405	-0.499749937468731	0.765972770870018	1
-1.25393820971224	0.754385933678631	-2.34969426549043	0.47036370646078	-0.699357077447193	-0.317800225445056	-2.37543758812058	-0.765594182467354	-1.29307595242409	-0.311723422805267	0.460600207221172	1.02656524375289	-0.428075368025376	-0.822906128695298	-0.195916251419052	-0.552428769790195	-0.338692153115389	-3.1213675662874	-0.206664255987375	-0.466699871215895	0.634130916795062	-0.149907947214405	-0.499749937468731	0.765972770870018	1
1.13148641244168	-0.73829811669131	-0.503176178661015	-0.662275213453809	0.5664475876156	-0.317800225445056	-0.963167916229627	-0.765594182467354	-0.340884529431388	-0.839174222814178	0.460600207221172	-0.704573447230058	-0.428075368025376	-0.822906128695298	-0.195916251419052	1.80837793871491	-0.338692153115389	0.320052021681068	-0.206664255987375	-0.466699871215895	0.634130916795062	-0.149907947214405	-0.499749937468731	0.765972770870018	1
0.336344871723703	0.256824583555317	-0.503176178661015	-0.839250044690463	-0.699357077447193	0.509804528318111	0.449101755661322	0.140434435837207	1.56349831655402	0.215727377203645	-2.37386260644758	-0.704573447230058	2.33370119988027	-0.822906128695298	-0.195916251419052	1.80837793871491	-0.338692153115389	0.320052021681068	-0.206664255987375	-0.466699871215895	-1.57538447273477	-0.149907947214405	-0.499749937468731	0.765972770870018	1
-1.25393820971224	-0.73829811669131	-0.503176178661015	-0.910039977185125	-0.699357077447193	-0.317800225445056	0.449101755661322	1.04646305414177	0.611306893561316	0.391544310539949	0.460600207221172	-0.704573447230058	2.33370119988027	-0.822906128695298	-0.195916251419052	-0.552428769790195	-0.338692153115389	0.320052021681068	-0.206664255987375	2.14056197915223	-1.57538447273477	-0.149907947214405	1.99899974987492	-1.30422390715706	1
-1.25393820971224	2.24706998404857	-0.503176178661015	1.49681772763338	-0.699357077447193	0.509804528318111	0.449101755661322	-1.67162280077191	1.56349831655402	1.27062897722147	0.460600207221172	-0.704573447230058	-0.428075368025376	1.21399022946138	-0.195916251419052	-0.552428769790195	-0.338692153115389	0.320052021681068	-0.206664255987375	-0.466699871215895	-1.57538447273477	-0.149907947214405	-0.499749937468731	-1.30422390715706	1
-0.45879666899427	-0.73829811669131	-0.503176178661015	-0.485300382217154	-0.699357077447193	-0.317800225445056	0.449101755661322	-0.765594182467354	-0.340884529431388	0.127818910535493	0.460600207221172	-0.704573447230058	-0.428075368025376	-0.822906128695298	-0.195916251419052	-0.552428769790195	-0.338692153115389	0.320052021681068	-0.206664255987375	-0.466699871215895	0.634130916795062	-0.149907947214405	1.99899974987492	-1.30422390715706	1
-1.25393820971224	0.256824583555317	-0.503176178661015	-0.34372051722783	-0.699357077447193	1.33740928208128	0.449101755661322	-1.67162280077191	-1.29307595242409	0.831086643880709	0.460600207221172	-0.704573447230058	-0.428075368025376	-0.822906128695298	-0.195916251419052	1.80837793871491	-0.338692153115389	-3.1213675662874	4.83392735346079	-0.466699871215895	0.634130916795062	-0.149907947214405	-0.499749937468731	0.765972770870018	1
-0.45879666899427	1.25194728380194	0.420082864753691	1.70918752511736	-0.0664547449157966	1.33740928208128	0.449101755661322	1.04646305414177	0.611306893561316	0.567361243876253	0.460600207221172	4.48884262571877	-0.428075368025376	1.21399022946138	-0.195916251419052	1.80837793871491	-0.338692153115389	0.320052021681068	-0.206664255987375	-0.466699871215895	0.634130916795062	-0.149907947214405	-0.499749937468731	-1.30422390715706	1
1.13148641244168	0.256824583555317	1.3433419081684	-0.34372051722783	-0.699357077447193	0.509804528318111	0.449101755661322	0.140434435837207	0.611306893561316	-0.0479980228008109	0.460600207221172	1.02656524375289	-0.428075368025376	1.21399022946138	-0.195916251419052	-0.552428769790195	2.94958117810198	0.320052021681068	-0.206664255987375	-0.466699871215895	0.634130916795062	-0.149907947214405	-0.499749937468731	0.765972770870018	1
-1.25393820971224	-0.572444333316872	-0.503176178661015	0.257993908976795	-0.699357077447193	-1.97300973297139	0.449101755661322	1.04646305414177	1.56349831655402	-1.19080808948679	0.460600207221172	-0.704573447230058	-0.428075368025376	-0.822906128695298	-0.195916251419052	1.80837793871491	-0.338692153115389	0.320052021681068	-0.206664255987375	-0.466699871215895	-1.57538447273477	-0.149907947214405	-0.499749937468731	0.765972770870018	1
-0.45879666899427	-0.73829811669131	-0.503176178661015	-0.839250044690463	-0.699357077447193	1.33740928208128	0.449101755661322	1.04646305414177	0.611306893561316	0.479452777208101	-2.37386260644758	-0.704573447230058	2.33370119988027	-0.822906128695298	-0.195916251419052	1.80837793871491	-0.338692153115389	0.320052021681068	-0.206664255987375	-0.466699871215895	0.634130916795062	-0.149907947214405	1.99899974987492	-1.30422390715706	1
1.13148641244168	2.24706998404857	-0.503176178661015	2.45248181631131	1.83225225267839	0.509804528318111	0.449101755661322	0.140434435837207	0.611306893561316	0.127818910535493	-0.956631199613203	-0.704573447230058	-0.428075368025376	1.21399022946138	-0.195916251419052	-0.552428769790195	-0.338692153115389	0.320052021681068	-0.206664255987375	-0.466699871215895	0.634130916795062	-0.149907947214405	-0.499749937468731	0.765972770870018	1
-0.45879666899427	0.754385933678631	-2.34969426549043	0.328783841471457	-0.699357077447193	-0.317800225445056	-0.963167916229627	-1.67162280077191	0.611306893561316	-0.663357289477875	0.460600207221172	1.02656524375289	-0.428075368025376	-0.822906128695298	-0.195916251419052	-0.552428769790195	-0.338692153115389	0.320052021681068	-0.206664255987375	-0.466699871215895	0.634130916795062	-0.149907947214405	-0.499749937468731	0.765972770870018	1
-0.45879666899427	-0.240736766567997	1.3433419081684	1.10747309891274	-0.699357077447193	1.33740928208128	0.449101755661322	-1.67162280077191	1.56349831655402	0.479452777208101	0.460600207221172	-0.704573447230058	-0.428075368025376	1.21399022946138	-0.195916251419052	-0.552428769790195	-0.338692153115389	0.320052021681068	-0.206664255987375	-0.466699871215895	0.634130916795062	-0.149907947214405	-0.499749937468731	0.765972770870018	1
0.336344871723703	-0.73829811669131	-0.503176178661015	-0.697670179701139	-0.699357077447193	-0.317800225445056	1.86137142755227	1.04646305414177	-1.29307595242409	-1.10289962281863	0.460600207221172	-0.704573447230058	-0.428075368025376	-0.822906128695298	-0.195916251419052	-0.552428769790195	-0.338692153115389	0.320052021681068	-0.206664255987375	2.14056197915223	-1.57538447273477	-0.149907947214405	-0.499749937468731	0.765972770870018	1
-1.25393820971224	-0.73829811669131	-0.503176178661015	-0.839250044690463	1.83225225267839	-0.317800225445056	1.86137142755227	-0.765594182467354	0.611306893561316	-1.10289962281863	0.460600207221172	-0.704573447230058	-0.428075368025376	-0.822906128695298	-0.195916251419052	1.80837793871491	-0.338692153115389	0.320052021681068	-0.206664255987375	-0.466699871215895	0.634130916795062	-0.149907947214405	-0.499749937468731	0.765972770870018	1
1.13148641244168	0.00804390849366035	-0.503176178661015	-0.379115483475161	-0.699357077447193	1.33740928208128	0.449101755661322	-0.765594182467354	-1.29307595242409	1.27062897722147	0.460600207221172	1.02656524375289	-0.428075368025376	-0.822906128695298	-0.195916251419052	-0.552428769790195	-0.338692153115389	0.320052021681068	-0.206664255987375	-0.466699871215895	0.634130916795062	-0.149907947214405	-0.499749937468731	0.765972770870018	1
-0.45879666899427	-1.23585946681462	0.420082864753691	-0.803855078443132	-0.699357077447193	-1.97300973297139	0.449101755661322	-1.67162280077191	-0.340884529431388	-0.0479980228008109	-0.956631199613203	1.02656524375289	-0.428075368025376	1.21399022946138	-0.195916251419052	-0.552428769790195	-0.338692153115389	0.320052021681068	-0.206664255987375	-0.466699871215895	0.634130916795062	-0.149907947214405	-0.499749937468731	-1.30422390715706	1
0.336344871723703	-1.23585946681462	1.3433419081684	-0.803855078443132	-0.699357077447193	-0.317800225445056	-0.963167916229627	1.04646305414177	-0.340884529431388	1.27062897722147	0.460600207221172	-0.704573447230058	-0.428075368025376	-0.822906128695298	-0.195916251419052	-0.552428769790195	-0.338692153115389	0.320052021681068	-0.206664255987375	-0.466699871215895	0.634130916795062	-0.149907947214405	1.99899974987492	-1.30422390715706	1
1.13148641244168	0.256824583555317	1.3433419081684	1.07207813266541	-0.699357077447193	-1.97300973297139	0.449101755661322	-0.765594182467354	1.56349831655402	-0.751265756146026	-2.37386260644758	1.02656524375289	-0.428075368025376	1.21399022946138	-0.195916251419052	-0.552428769790195	-0.338692153115389	-3.1213675662874	4.83392735346079	-0.466699871215895	0.634130916795062	-0.149907947214405	-0.499749937468731	-1.30422390715706	1
-0.45879666899427	0.754385933678631	-1.42643522207572	0.0810190777401405	1.199349920147	-0.317800225445056	0.449101755661322	-0.765594182467354	0.611306893561316	-0.135906489468963	-0.956631199613203	-0.704573447230058	2.33370119988027	1.21399022946138	-0.195916251419052	-0.552428769790195	-0.338692153115389	0.320052021681068	-0.206664255987375	-0.466699871215895	0.634130916795062	-0.149907947214405	-0.499749937468731	0.765972770870018	1
1.13148641244168	2.24706998404857	-1.42643522207572	0.116414043987471	-0.699357077447193	-0.317800225445056	-0.963167916229627	-1.67162280077191	-1.29307595242409	-0.751265756146026	-0.956631199613203	-0.704573447230058	-0.428075368025376	-0.822906128695298	-0.195916251419052	-0.552428769790195	-0.338692153115389	0.320052021681068	-0.206664255987375	-0.466699871215895	0.634130916795062	-0.149907947214405	-0.499749937468731	0.765972770870018	1
-1.25393820971224	-0.73829811669131	1.3433419081684	0.541153638955442	-0.699357077447193	1.33740928208128	0.449101755661322	1.04646305414177	-0.340884529431388	0.655269710544405	0.460600207221172	1.02656524375289	-0.428075368025376	1.21399022946138	-0.195916251419052	1.80837793871491	-0.338692153115389	-3.1213675662874	4.83392735346079	2.14056197915223	-1.57538447273477	-0.149907947214405	-0.499749937468731	0.765972770870018	1
0.336344871723703	0.754385933678631	1.3433419081684	-0.095955753496514	-0.699357077447193	1.33740928208128	0.449101755661322	1.04646305414177	-0.340884529431388	1.00690357721701	0.460600207221172	-0.704573447230058	-0.428075368025376	-0.822906128695298	-0.195916251419052	-0.552428769790195	-0.338692153115389	0.320052021681068	-0.206664255987375	-0.466699871215895	0.634130916795062	-0.149907947214405	-0.499749937468731	0.765972770870018	1
1.13148641244168	0.256824583555317	1.3433419081684	0.293388875224126	-0.0664547449157966	-0.317800225445056	0.449101755661322	0.140434435837207	-0.340884529431388	-0.751265756146026	0.460600207221172	1.02656524375289	-0.428075368025376	1.21399022946138	-0.195916251419052	-0.552428769790195	-0.338692153115389	0.320052021681068	-0.206664255987375	-0.466699871215895	0.634130916795062	-0.149907947214405	1.99899974987492	-1.30422390715706	1
1.13148641244168	1.25194728380194	-0.503176178661015	0.85970833518142	-0.0664547449157966	0.509804528318111	0.449101755661322	-0.765594182467354	0.611306893561316	-0.399631889473419	0.460600207221172	1.02656524375289	-0.428075368025376	1.21399022946138	-0.195916251419052	-0.552428769790195	-0.338692153115389	0.320052021681068	-0.206664255987375	-0.466699871215895	0.634130916795062	-0.149907947214405	-0.499749937468731	0.765972770870018	1
1.13148641244168	3.2421926842952	-0.503176178661015	2.52327174880597	-0.699357077447193	1.33740928208128	0.449101755661322	1.04646305414177	-0.340884529431388	0.567361243876253	0.460600207221172	-0.704573447230058	-0.428075368025376	1.21399022946138	-0.195916251419052	1.80837793871491	-0.338692153115389	0.320052021681068	-0.206664255987375	-0.466699871215895	0.634130916795062	-0.149907947214405	-0.499749937468731	-1.30422390715706	1
1.13148641244168	-1.23585946681462	1.3433419081684	-0.414510449722492	0.5664475876156	-0.317800225445056	1.86137142755227	-0.765594182467354	0.611306893561316	-1.01499115615048	0.460600207221172	-0.704573447230058	-0.428075368025376	-0.822906128695298	-0.195916251419052	1.80837793871491	-0.338692153115389	0.320052021681068	-0.206664255987375	-0.466699871215895	0.634130916795062	-0.149907947214405	-0.499749937468731	0.765972770870018	1
1.13148641244168	0.00804390849366035	0.420082864753691	-0.237535618485838	0.5664475876156	-1.14540497920822	0.449101755661322	-0.765594182467354	-1.29307595242409	0.479452777208101	-2.37386260644758	-0.704573447230058	2.33370119988027	-0.822906128695298	-0.195916251419052	-0.552428769790195	-0.338692153115389	0.320052021681068	-0.206664255987375	-0.466699871215895	0.634130916795062	-0.149907947214405	1.99899974987492	-1.30422390715706	1
1.13148641244168	0.754385933678631	1.3433419081684	0.43496874021345	-0.699357077447193	0.509804528318111	-0.963167916229627	1.04646305414177	0.611306893561316	-0.839174222814178	0.460600207221172	-0.704573447230058	-0.428075368025376	1.21399022946138	-0.195916251419052	-0.552428769790195	-0.338692153115389	0.320052021681068	-0.206664255987375	2.14056197915223	-1.57538447273477	-0.149907947214405	-0.499749937468731	-1.30422390715706	1
1.13148641244168	0.256824583555317	1.3433419081684	0.682733503944766	-0.699357077447193	1.33740928208128	0.449101755661322	1.04646305414177	0.611306893561316	-0.223814956137115	0.460600207221172	-0.704573447230058	-0.428075368025376	1.21399022946138	-0.195916251419052	-0.552428769790195	-0.338692153115389	0.320052021681068	-0.206664255987375	-0.466699871215895	0.634130916795062	-0.149907947214405	-0.499749937468731	0.765972770870018	1
-0.45879666899427	4.23731538454183	-0.503176178661015	0.82431336893409	-0.0664547449157966	-0.317800225445056	1.86137142755227	-0.765594182467354	0.611306893561316	-1.01499115615048	0.460600207221172	-0.704573447230058	-0.428075368025376	-0.822906128695298	-0.195916251419052	-0.552428769790195	-0.338692153115389	0.320052021681068	-0.206664255987375	-0.466699871215895	0.634130916795062	-0.149907947214405	-0.499749937468731	0.765972770870018	1
-1.25393820971224	0.256824583555317	-0.503176178661015	-0.308325550980499	-0.699357077447193	1.33740928208128	0.449101755661322	1.04646305414177	-1.29307595242409	2.5013475105756	-2.37386260644758	-0.704573447230058	-0.428075368025376	-0.822906128695298	-0.195916251419052	-0.552428769790195	-0.338692153115389	0.320052021681068	-0.206664255987375	2.14056197915223	-1.57538447273477	-0.149907947214405	1.99899974987492	-1.30422390715706	1
1.13148641244168	-0.240736766567997	-0.503176178661015	-0.626880247206478	-0.699357077447193	-1.14540497920822	-0.963167916229627	-1.67162280077191	-1.29307595242409	-0.839174222814178	0.460600207221172	-0.704573447230058	-0.428075368025376	-0.822906128695298	-0.195916251419052	-0.552428769790195	-0.338692153115389	0.320052021681068	-0.206664255987375	-0.466699871215895	0.634130916795062	-0.149907947214405	-0.499749937468731	0.765972770870018	1
1.13148641244168	-1.23585946681462	-0.503176178661015	-0.626880247206478	-0.699357077447193	-1.14540497920822	-0.963167916229627	-0.765594182467354	1.56349831655402	1.79807977723038	0.460600207221172	-0.704573447230058	-0.428075368025376	-0.822906128695298	-0.195916251419052	-0.552428769790195	-0.338692153115389	0.320052021681068	-0.206664255987375	-0.466699871215895	0.634130916795062	-0.149907947214405	-0.499749937468731	0.765972770870018	1
1.13148641244168	-0.73829811669131	-0.503176178661015	-0.34372051722783	1.83225225267839	-0.317800225445056	0.449101755661322	1.04646305414177	1.56349831655402	0.127818910535493	0.460600207221172	-0.704573447230058	-0.428075368025376	1.21399022946138	-0.195916251419052	-0.552428769790195	-0.338692153115389	0.320052021681068	-0.206664255987375	-0.466699871215895	-1.57538447273477	-0.149907947214405	-0.499749937468731	0.765972770870018	1
1.13148641244168	-0.489517441629653	0.420082864753691	-0.626880247206478	-0.699357077447193	-0.317800225445056	1.86137142755227	0.140434435837207	-1.29307595242409	-0.223814956137115	-2.37386260644758	1.02656524375289	-0.428075368025376	-0.822906128695298	-0.195916251419052	-0.552428769790195	-0.338692153115389	0.320052021681068	-0.206664255987375	-0.466699871215895	0.634130916795062	-0.149907947214405	-0.499749937468731	0.765972770870018	1
1.13148641244168	0.256824583555317	1.3433419081684	0.647338537697435	-0.699357077447193	-1.14540497920822	1.86137142755227	0.140434435837207	1.56349831655402	1.00690357721701	0.460600207221172	2.75770393473583	-0.428075368025376	1.21399022946138	-0.195916251419052	-0.552428769790195	-0.338692153115389	0.320052021681068	-0.206664255987375	-0.466699871215895	-1.57538447273477	-0.149907947214405	-0.499749937468731	0.765972770870018	1
-0.45879666899427	1.25194728380194	0.420082864753691	2.34629691756932	-0.0664547449157966	0.509804528318111	0.449101755661322	0.140434435837207	-0.340884529431388	-0.399631889473419	0.460600207221172	1.02656524375289	2.33370119988027	1.21399022946138	-0.195916251419052	-0.552428769790195	-0.338692153115389	0.320052021681068	-0.206664255987375	-0.466699871215895	0.634130916795062	-0.149907947214405	1.99899974987492	-1.30422390715706	1
1.13148641244168	3.2421926842952	-0.503176178661015	1.14286806516007	1.83225225267839	-0.317800225445056	0.449101755661322	1.04646305414177	1.56349831655402	-0.135906489468963	0.460600207221172	-0.704573447230058	2.33370119988027	1.21399022946138	-0.195916251419052	1.80837793871491	-0.338692153115389	0.320052021681068	-0.206664255987375	-0.466699871215895	-1.57538447273477	-0.149907947214405	-0.499749937468731	0.765972770870018	1
0.336344871723703	-0.904151900065748	1.3433419081684	-0.697670179701139	1.83225225267839	0.509804528318111	0.449101755661322	-0.765594182467354	-0.340884529431388	-0.751265756146026	0.460600207221172	1.02656524375289	-0.428075368025376	1.21399022946138	-0.195916251419052	-0.552428769790195	-0.338692153115389	0.320052021681068	-0.206664255987375	-0.466699871215895	0.634130916795062	-0.149907947214405	-0.499749937468731	0.765972770870018	1
-0.45879666899427	1.25194728380194	0.420082864753691	-0.131350719743845	-0.0664547449157966	1.33740928208128	0.449101755661322	0.140434435837207	1.56349831655402	-0.487540356141571	0.460600207221172	-0.704573447230058	-0.428075368025376	-0.822906128695298	-0.195916251419052	1.80837793871491	-0.338692153115389	0.320052021681068	-0.206664255987375	-0.466699871215895	-1.57538447273477	-0.149907947214405	-0.499749937468731	0.765972770870018	1
1.13148641244168	-0.987078791752967	-0.503176178661015	-0.166745685991176	-0.0664547449157966	1.33740928208128	0.449101755661322	1.04646305414177	0.611306893561316	-0.0479980228008109	0.460600207221172	-0.704573447230058	-0.428075368025376	1.21399022946138	-0.195916251419052	-0.552428769790195	-0.338692153115389	-3.1213675662874	4.83392735346079	-0.466699871215895	0.634130916795062	-0.149907947214405	-0.499749937468731	0.765972770870018	1
-1.25393820971224	-0.73829811669131	-0.503176178661015	0.151809010234802	1.199349920147	-0.317800225445056	0.449101755661322	0.140434435837207	-0.340884529431388	-0.399631889473419	0.460600207221172	-0.704573447230058	2.33370119988027	-0.822906128695298	-0.195916251419052	1.80837793871491	-0.338692153115389	0.320052021681068	-0.206664255987375	-0.466699871215895	0.634130916795062	-0.149907947214405	-0.499749937468731	0.765972770870018	1
-1.25393820971224	-0.489517441629653	1.3433419081684	-0.803855078443132	-0.699357077447193	-0.317800225445056	-2.37543758812058	0.140434435837207	-0.340884529431388	-0.92708268948233	0.460600207221172	1.02656524375289	-0.428075368025376	-0.822906128695298	-0.195916251419052	-0.552428769790195	-0.338692153115389	0.320052021681068	-0.206664255987375	-0.466699871215895	0.634130916795062	-0.149907947214405	-0.499749937468731	0.765972770870018	1
-0.45879666899427	-0.489517441629653	-0.503176178661015	-0.237535618485838	-0.0664547449157966	-0.317800225445056	-0.963167916229627	-0.765594182467354	-1.29307595242409	-0.92708268948233	0.460600207221172	-0.704573447230058	-0.428075368025376	-0.822906128695298	-0.195916251419052	-0.552428769790195	-0.338692153115389	0.320052021681068	-0.206664255987375	-0.466699871215895	0.634130916795062	-0.149907947214405	1.99899974987492	-1.30422390715706	1
-0.45879666899427	0.256824583555317	-0.503176178661015	-0.131350719743845	-0.0664547449157966	-1.14540497920822	0.449101755661322	-1.67162280077191	0.611306893561316	-0.575448822809723	0.460600207221172	-0.704573447230058	-0.428075368025376	-0.822906128695298	-0.195916251419052	-0.552428769790195	-0.338692153115389	0.320052021681068	-0.206664255987375	-0.466699871215895	0.634130916795062	-0.149907947214405	-0.499749937468731	0.765972770870018	1
-1.25393820971224	-1.23585946681462	1.3433419081684	0.505758672708111	1.83225225267839	-1.14540497920822	0.449101755661322	0.140434435837207	-1.29307595242409	0.743178177212557	0.460600207221172	1.02656524375289	2.33370119988027	-0.822906128695298	-0.195916251419052	1.80837793871491	-0.338692153115389	0.320052021681068	-0.206664255987375	-0.466699871215895	0.634130916795062	-0.149907947214405	1.99899974987492	-1.30422390715706	1
1.13148641244168	0.256824583555317	-0.503176178661015	-0.34372051722783	-0.699357077447193	0.509804528318111	0.449101755661322	-0.765594182467354	0.611306893561316	-0.663357289477875	0.460600207221172	-0.704573447230058	-0.428075368025376	1.21399022946138	-0.195916251419052	-0.552428769790195	-0.338692153115389	0.320052021681068	-0.206664255987375	-0.466699871215895	0.634130916795062	-0.149907947214405	-0.499749937468731	0.765972770870018	1
1.13148641244168	-1.23585946681462	-0.503176178661015	-0.73306514594847	0.5664475876156	-0.317800225445056	0.449101755661322	1.04646305414177	-0.340884529431388	1.27062897722147	0.460600207221172	-0.704573447230058	-0.428075368025376	-0.822906128695298	-0.195916251419052	-0.552428769790195	2.94958117810198	0.320052021681068	-0.206664255987375	2.14056197915223	-1.57538447273477	-0.149907947214405	-0.499749937468731	0.765972770870018	1
-0.45879666899427	-0.73829811669131	-0.503176178661015	-0.768460112195801	-0.699357077447193	0.509804528318111	0.449101755661322	0.140434435837207	-1.29307595242409	-0.575448822809723	0.460600207221172	1.02656524375289	-0.428075368025376	-0.822906128695298	5.09911757071751	-0.552428769790195	-0.338692153115389	-3.1213675662874	-0.206664255987375	-0.466699871215895	0.634130916795062	-0.149907947214405	-0.499749937468731	0.765972770870018	1
1.13148641244168	-0.73829811669131	1.3433419081684	-0.839250044690463	-0.699357077447193	-1.97300973297139	-0.963167916229627	-0.765594182467354	-0.340884529431388	0.215727377203645	0.460600207221172	-0.704573447230058	-0.428075368025376	-0.822906128695298	-0.195916251419052	1.80837793871491	-0.338692153115389	0.320052021681068	-0.206664255987375	-0.466699871215895	0.634130916795062	6.66408965344035	-0.499749937468731	-1.30422390715706	1
1.13148641244168	-0.240736766567997	1.3433419081684	-0.520695348464485	-0.699357077447193	-0.317800225445056	0.449101755661322	-0.765594182467354	0.611306893561316	-1.01499115615048	0.460600207221172	1.02656524375289	-0.428075368025376	-0.822906128695298	-0.195916251419052	-0.552428769790195	-0.338692153115389	0.320052021681068	-0.206664255987375	-0.466699871215895	0.634130916795062	-0.149907947214405	-0.499749937468731	0.765972770870018	1
0.336344871723703	-0.489517441629653	-0.503176178661015	-0.485300382217154	-0.699357077447193	1.33740928208128	0.449101755661322	1.04646305414177	0.611306893561316	0.391544310539949	0.460600207221172	-0.704573447230058	-0.428075368025376	1.21399022946138	-0.195916251419052	-0.552428769790195	-0.338692153115389	0.320052021681068	-0.206664255987375	2.14056197915223	-1.57538447273477	-0.149907947214405	-0.499749937468731	-1.30422390715706	1
1.13148641244168	-0.73829811669131	-0.503176178661015	-0.768460112195801	0.5664475876156	-0.317800225445056	-0.963167916229627	1.04646305414177	0.611306893561316	-0.575448822809723	0.460600207221172	-0.704573447230058	-0.428075368025376	-0.822906128695298	-0.195916251419052	-0.552428769790195	-0.338692153115389	0.320052021681068	-0.206664255987375	2.14056197915223	-1.57538447273477	-0.149907947214405	1.99899974987492	-1.30422390715706	1
-1.25393820971224	2.24706998404857	1.3433419081684	1.07207813266541	-0.699357077447193	1.33740928208128	0.449101755661322	1.04646305414177	1.56349831655402	0.918995110548861	0.460600207221172	1.02656524375289	-0.428075368025376	1.21399022946138	-0.195916251419052	-0.552428769790195	2.94958117810198	0.320052021681068	-0.206664255987375	-0.466699871215895	-1.57538447273477	-0.149907947214405	-0.499749937468731	0.765972770870018	1
0.336344871723703	0.256824583555317	-0.503176178661015	-0.662275213453809	-0.0664547449157966	1.33740928208128	-0.963167916229627	-0.765594182467354	1.56349831655402	1.00690357721701	0.460600207221172	-0.704573447230058	-0.428075368025376	1.21399022946138	-0.195916251419052	-0.552428769790195	-0.338692153115389	0.320052021681068	-0.206664255987375	-0.466699871215895	-1.57538447273477	-0.149907947214405	-0.499749937468731	0.765972770870018	1
-0.45879666899427	0.754385933678631	0.420082864753691	-0.272930584733169	-0.0664547449157966	1.33740928208128	0.449101755661322	-0.765594182467354	-0.340884529431388	0.479452777208101	-0.956631199613203	1.02656524375289	-0.428075368025376	-0.822906128695298	-0.195916251419052	-0.552428769790195	-0.338692153115389	0.320052021681068	-0.206664255987375	-0.466699871215895	0.634130916795062	-0.149907947214405	-0.499749937468731	0.765972770870018	1
-0.45879666899427	0.505605258616974	-0.503176178661015	-0.272930584733169	-0.699357077447193	-1.14540497920822	-0.963167916229627	-1.67162280077191	-0.340884529431388	-0.311723422805267	0.460600207221172	-0.704573447230058	2.33370119988027	1.21399022946138	-0.195916251419052	-0.552428769790195	-0.338692153115389	0.320052021681068	-0.206664255987375	-0.466699871215895	0.634130916795062	-0.149907947214405	-0.499749937468731	0.765972770870018	1
1.13148641244168	-0.489517441629653	-0.503176178661015	0.718128470192097	0.5664475876156	1.33740928208128	-0.963167916229627	1.04646305414177	1.56349831655402	-0.0479980228008109	0.460600207221172	-0.704573447230058	-0.428075368025376	-0.822906128695298	-0.195916251419052	1.80837793871491	-0.338692153115389	0.320052021681068	-0.206664255987375	-0.466699871215895	-1.57538447273477	-0.149907947214405	-0.499749937468731	0.765972770870018	1
-0.45879666899427	2.24706998404857	-0.503176178661015	1.1782630314074	-0.0664547449157966	0.509804528318111	0.449101755661322	-0.765594182467354	-0.340884529431388	-1.01499115615048	0.460600207221172	-0.704573447230058	-0.428075368025376	-0.822906128695298	-0.195916251419052	1.80837793871491	-0.338692153115389	0.320052021681068	-0.206664255987375	-0.466699871215895	0.634130916795062	-0.149907947214405	-0.499749937468731	0.765972770870018	1
-0.45879666899427	-0.73829811669131	-2.34969426549043	-0.095955753496514	-0.699357077447193	-1.14540497920822	-0.963167916229627	0.140434435837207	-0.340884529431388	-0.92708268948233	0.460600207221172	1.02656524375289	-0.428075368025376	-0.822906128695298	-0.195916251419052	-0.552428769790195	-0.338692153115389	0.320052021681068	-0.206664255987375	2.14056197915223	-1.57538447273477	-0.149907947214405	-0.499749937468731	0.765972770870018	1
-0.45879666899427	-0.987078791752967	-0.503176178661015	-0.73306514594847	-0.699357077447193	1.33740928208128	-0.963167916229627	1.04646305414177	-1.29307595242409	-0.92708268948233	0.460600207221172	-0.704573447230058	-0.428075368025376	-0.822906128695298	-0.195916251419052	-0.552428769790195	-0.338692153115389	0.320052021681068	-0.206664255987375	-0.466699871215895	0.634130916795062	-0.149907947214405	-0.499749937468731	0.765972770870018	1
-0.45879666899427	-0.987078791752967	-0.503176178661015	-0.414510449722492	-0.699357077447193	-0.317800225445056	0.449101755661322	-0.765594182467354	-1.29307595242409	0.127818910535493	0.460600207221172	-0.704573447230058	2.33370119988027	-0.822906128695298	-0.195916251419052	-0.552428769790195	-0.338692153115389	0.320052021681068	-0.206664255987375	-0.466699871215895	0.634130916795062	-0.149907947214405	1.99899974987492	-1.30422390715706	1
1.13148641244168	-0.240736766567997	1.3433419081684	-0.945434943432456	0.5664475876156	1.33740928208128	0.449101755661322	0.140434435837207	-0.340884529431388	-0.311723422805267	-2.37386260644758	1.02656524375289	-0.428075368025376	1.21399022946138	-0.195916251419052	-0.552428769790195	-0.338692153115389	0.320052021681068	-0.206664255987375	-0.466699871215895	0.634130916795062	-0.149907947214405	-0.499749937468731	-1.30422390715706	1
-1.25393820971224	-1.23585946681462	-1.42643522207572	-0.73306514594847	-0.699357077447193	1.33740928208128	-0.963167916229627	1.04646305414177	1.56349831655402	-0.0479980228008109	0.460600207221172	-0.704573447230058	-0.428075368025376	-0.822906128695298	-0.195916251419052	-0.552428769790195	-0.338692153115389	0.320052021681068	-0.206664255987375	-0.466699871215895	-1.57538447273477	-0.149907947214405	-0.499749937468731	0.765972770870018	1
1.13148641244168	0.00804390849366035	-0.503176178661015	-0.272930584733169	1.83225225267839	1.33740928208128	0.449101755661322	1.04646305414177	-1.29307595242409	0.918995110548861	0.460600207221172	-0.704573447230058	-0.428075368025376	1.21399022946138	-0.195916251419052	-0.552428769790195	2.94958117810198	0.320052021681068	-0.206664255987375	-0.466699871215895	0.634130916795062	-0.149907947214405	-0.499749937468731	-1.30422390715706	1
-1.25393820971224	-0.987078791752967	1.3433419081684	-0.768460112195801	-0.699357077447193	-0.317800225445056	0.449101755661322	1.04646305414177	-1.29307595242409	-0.92708268948233	0.460600207221172	1.02656524375289	-0.428075368025376	-0.822906128695298	-0.195916251419052	-0.552428769790195	-0.338692153115389	0.320052021681068	-0.206664255987375	-0.466699871215895	0.634130916795062	-0.149907947214405	1.99899974987492	-1.30422390715706	1
-0.45879666899427	3.2421926842952	-0.503176178661015	3.79749053370989	-0.699357077447193	0.509804528318111	0.449101755661322	-0.765594182467354	1.56349831655402	-0.751265756146026	0.460600207221172	-0.704573447230058	-0.428075368025376	1.21399022946138	-0.195916251419052	1.80837793871491	-0.338692153115389	0.320052021681068	-0.206664255987375	-0.466699871215895	0.634130916795062	-0.149907947214405	-0.499749937468731	-1.30422390715706	1
1.13148641244168	0.754385933678631	1.3433419081684	1.53221269388071	1.83225225267839	1.33740928208128	0.449101755661322	1.04646305414177	0.611306893561316	2.41343904390744	0.460600207221172	1.02656524375289	-0.428075368025376	-0.822906128695298	-0.195916251419052	-0.552428769790195	2.94958117810198	0.320052021681068	-0.206664255987375	-0.466699871215895	0.634130916795062	-0.149907947214405	-0.499749937468731	0.765972770870018	1
1.13148641244168	0.754385933678631	1.3433419081684	-0.0605607872491831	1.83225225267839	1.33740928208128	0.449101755661322	-0.765594182467354	0.611306893561316	0.391544310539949	0.460600207221172	1.02656524375289	2.33370119988027	1.21399022946138	-0.195916251419052	-0.552428769790195	-0.338692153115389	0.320052021681068	-0.206664255987375	-0.466699871215895	0.634130916795062	-0.149907947214405	-0.499749937468731	0.765972770870018	1
1.13148641244168	-0.240736766567997	-0.503176178661015	-0.626880247206478	-0.699357077447193	-0.317800225445056	0.449101755661322	-0.765594182467354	1.56349831655402	-0.311723422805267	0.460600207221172	-0.704573447230058	-0.428075368025376	1.21399022946138	-0.195916251419052	-0.552428769790195	-0.338692153115389	0.320052021681068	-0.206664255987375	-0.466699871215895	-1.57538447273477	-0.149907947214405	-0.499749937468731	-1.30422390715706	1
0.336344871723703	0.256824583555317	1.3433419081684	-0.0605607872491831	1.83225225267839	-0.317800225445056	0.449101755661322	-0.765594182467354	0.611306893561316	-0.399631889473419	0.460600207221172	1.02656524375289	-0.428075368025376	1.21399022946138	-0.195916251419052	-0.552428769790195	-0.338692153115389	0.320052021681068	-0.206664255987375	-0.466699871215895	0.634130916795062	-0.149907947214405	-0.499749937468731	0.765972770870018	1
-0.45879666899427	-0.0748829831935586	-2.34969426549043	1.00128820017074	-0.0664547449157966	1.33740928208128	1.86137142755227	1.04646305414177	0.611306893561316	-0.399631889473419	-2.37386260644758	1.02656524375289	-0.428075368025376	1.21399022946138	-0.195916251419052	-0.552428769790195	2.94958117810198	0.320052021681068	-0.206664255987375	-0.466699871215895	0.634130916795062	-0.149907947214405	-0.499749937468731	0.765972770870018	1
0.336344871723703	-0.987078791752967	-2.34969426549043	-0.697670179701139	-0.699357077447193	-1.14540497920822	0.449101755661322	-0.765594182467354	0.611306893561316	-0.135906489468963	0.460600207221172	1.02656524375289	-0.428075368025376	1.21399022946138	-0.195916251419052	-0.552428769790195	-0.338692153115389	0.320052021681068	-0.206664255987375	-0.466699871215895	0.634130916795062	-0.149907947214405	-0.499749937468731	-1.30422390715706	1
-0.45879666899427	-1.23585946681462	-1.42643522207572	-1.01622487592712	1.199349920147	-1.14540497920822	-0.963167916229627	-0.765594182467354	-0.340884529431388	-1.01499115615048	-2.37386260644758	-0.704573447230058	2.33370119988027	-0.822906128695298	-0.195916251419052	-0.552428769790195	-0.338692153115389	0.320052021681068	-0.206664255987375	2.14056197915223	-1.57538447273477	-0.149907947214405	-0.499749937468731	0.765972770870018	1
-1.25393820971224	-0.73829811669131	-0.503176178661015	-0.73306514594847	-0.699357077447193	-0.317800225445056	-0.963167916229627	-0.765594182467354	-1.29307595242409	-1.01499115615048	0.460600207221172	-0.704573447230058	-0.428075368025376	-0.822906128695298	-0.195916251419052	1.80837793871491	-0.338692153115389	0.320052021681068	-0.206664255987375	-0.466699871215895	0.634130916795062	-0.149907947214405	1.99899974987492	-1.30422390715706	1
-0.45879666899427	-0.987078791752967	-0.503176178661015	-0.874645010937794	0.5664475876156	-0.317800225445056	-0.963167916229627	0.140434435837207	-1.29307595242409	2.6771644439119	0.460600207221172	-0.704573447230058	-0.428075368025376	-0.822906128695298	-0.195916251419052	-0.552428769790195	-0.338692153115389	0.320052021681068	-0.206664255987375	-0.466699871215895	0.634130916795062	-0.149907947214405	1.99899974987492	-1.30422390715706	1
1.13148641244168	0.505605258616974	-0.503176178661015	-0.237535618485838	-0.699357077447193	-0.317800225445056	-0.963167916229627	0.140434435837207	-1.29307595242409	-1.27871655615494	0.460600207221172	-0.704573447230058	-0.428075368025376	-0.822906128695298	-0.195916251419052	1.80837793871491	-0.338692153115389	0.320052021681068	-0.206664255987375	2.14056197915223	-1.57538447273477	-0.149907947214405	-0.499749937468731	0.765972770870018	1
1.13148641244168	-1.23585946681462	1.3433419081684	-1.08701480842178	1.199349920147	-0.317800225445056	-0.963167916229627	-0.765594182467354	-1.29307595242409	0.479452777208101	-2.37386260644758	1.02656524375289	-0.428075368025376	-0.822906128695298	-0.195916251419052	1.80837793871491	-0.338692153115389	0.320052021681068	-0.206664255987375	-0.466699871215895	0.634130916795062	-0.149907947214405	1.99899974987492	-1.30422390715706	1
1.13148641244168	-0.489517441629653	1.3433419081684	-0.697670179701139	0.5664475876156	-0.317800225445056	1.86137142755227	-0.765594182467354	-0.340884529431388	1.00690357721701	0.460600207221172	1.02656524375289	-0.428075368025376	-0.822906128695298	-0.195916251419052	-0.552428769790195	-0.338692153115389	0.320052021681068	-0.206664255987375	-0.466699871215895	0.634130916795062	-0.149907947214405	1.99899974987492	-1.30422390715706	1
-1.25393820971224	-0.240736766567997	-0.503176178661015	-0.485300382217154	-0.699357077447193	-0.317800225445056	-0.963167916229627	1.04646305414177	0.611306893561316	-0.92708268948233	-2.37386260644758	1.02656524375289	-0.428075368025376	-0.822906128695298	-0.195916251419052	-0.552428769790195	-0.338692153115389	0.320052021681068	-0.206664255987375	2.14056197915223	-1.57538447273477	-0.149907947214405	-0.499749937468731	0.765972770870018	1
-0.45879666899427	2.24706998404857	-1.42643522207572	1.10747309891274	-0.699357077447193	1.33740928208128	-0.963167916229627	0.140434435837207	1.56349831655402	2.06180517723484	0.460600207221172	-0.704573447230058	-0.428075368025376	-0.822906128695298	-0.195916251419052	-0.552428769790195	-0.338692153115389	0.320052021681068	-0.206664255987375	2.14056197915223	-1.57538447273477	-0.149907947214405	-0.499749937468731	0.765972770870018	1
0.336344871723703	0.256824583555317	1.3433419081684	-0.697670179701139	1.199349920147	-0.317800225445056	-2.37543758812058	1.04646305414177	-1.29307595242409	0.039910443867341	0.460600207221172	1.02656524375289	-0.428075368025376	1.21399022946138	-0.195916251419052	-0.552428769790195	-0.338692153115389	0.320052021681068	-0.206664255987375	-0.466699871215895	0.634130916795062	-0.149907947214405	-0.499749937468731	0.765972770870018	1
-0.45879666899427	0.256824583555317	0.420082864753691	1.10747309891274	-0.699357077447193	-1.14540497920822	0.449101755661322	-0.765594182467354	0.611306893561316	-0.223814956137115	0.460600207221172	-0.704573447230058	-0.428075368025376	-0.822906128695298	-0.195916251419052	-0.552428769790195	-0.338692153115389	0.320052021681068	-0.206664255987375	-0.466699871215895	0.634130916795062	-0.149907947214405	-0.499749937468731	0.765972770870018	1
-1.25393820971224	0.256824583555317	-0.503176178661015	-0.449905415969823	-0.699357077447193	-0.317800225445056	0.449101755661322	1.04646305414177	-1.29307595242409	-1.27871655615494	0.460600207221172	-0.704573447230058	2.33370119988027	-0.822906128695298	-0.195916251419052	-0.552428769790195	-0.338692153115389	0.320052021681068	-0.206664255987375	2.14056197915223	-1.57538447273477	-0.149907947214405	1.99899974987492	-1.30422390715706	1
-0.45879666899427	-1.07000568344019	-0.503176178661015	-0.874645010937794	-0.699357077447193	0.509804528318111	-0.963167916229627	-0.765594182467354	-1.29307595242409	0.743178177212557	0.460600207221172	-0.704573447230058	-0.428075368025376	-0.822906128695298	-0.195916251419052	-0.552428769790195	-0.338692153115389	-3.1213675662874	-0.206664255987375	-0.466699871215895	0.634130916795062	-0.149907947214405	1.99899974987492	-1.30422390715706	1
1.13148641244168	0.256824583555317	-0.503176178661015	-0.237535618485838	1.199349920147	-0.317800225445056	-0.963167916229627	1.04646305414177	0.611306893561316	-0.663357289477875	0.460600207221172	-0.704573447230058	-0.428075368025376	1.21399022946138	-0.195916251419052	-0.552428769790195	2.94958117810198	0.320052021681068	-0.206664255987375	2.14056197915223	-1.57538447273477	-0.149907947214405	-0.499749937468731	0.765972770870018	1
1.13148641244168	-1.40171325018906	1.3433419081684	0.0456241114928096	-0.699357077447193	0.509804528318111	-0.963167916229627	-1.67162280077191	-1.29307595242409	0.127818910535493	0.460600207221172	-0.704573447230058	2.33370119988027	-0.822906128695298	-0.195916251419052	1.80837793871491	-0.338692153115389	0.320052021681068	-0.206664255987375	-0.466699871215895	0.634130916795062	-0.149907947214405	-0.499749937468731	0.765972770870018	1
-0.45879666899427	1.25194728380194	-1.42643522207572	0.257993908976795	1.83225225267839	-1.14540497920822	-0.963167916229627	-0.765594182467354	1.56349831655402	-0.575448822809723	-2.37386260644758	-0.704573447230058	-0.428075368025376	-0.822906128695298	-0.195916251419052	-0.552428769790195	-0.338692153115389	0.320052021681068	-0.206664255987375	-0.466699871215895	0.634130916795062	6.66408965344035	-0.499749937468731	-1.30422390715706	1
-0.45879666899427	0.256824583555317	-0.503176178661015	2.94801134377394	-0.699357077447193	-0.317800225445056	-0.963167916229627	1.04646305414177	0.611306893561316	-1.10289962281863	0.460600207221172	1.02656524375289	-0.428075368025376	-0.822906128695298	-0.195916251419052	-0.552428769790195	2.94958117810198	0.320052021681068	-0.206664255987375	2.14056197915223	-1.57538447273477	-0.149907947214405	-0.499749937468731	-1.30422390715706	1
-1.25393820971224	-0.240736766567997	-0.503176178661015	0.399573773966119	-0.0664547449157966	-0.317800225445056	0.449101755661322	1.04646305414177	0.611306893561316	-0.0479980228008109	0.460600207221172	-0.704573447230058	2.33370119988027	1.21399022946138	-0.195916251419052	1.80837793871491	-0.338692153115389	0.320052021681068	-0.206664255987375	-0.466699871215895	0.634130916795062	-0.149907947214405	1.99899974987492	-1.30422390715706	1
1.13148641244168	-1.23585946681462	1.3433419081684	1.24905296390206	-0.699357077447193	0.509804528318111	0.449101755661322	0.140434435837207	1.56349831655402	0.831086643880709	0.460600207221172	1.02656524375289	2.33370119988027	1.21399022946138	-0.195916251419052	1.80837793871491	-0.338692153115389	0.320052021681068	-0.206664255987375	-0.466699871215895	0.634130916795062	-0.149907947214405	-0.499749937468731	-1.30422390715706	1
-0.45879666899427	0.754385933678631	-2.34969426549043	0.364178807718788	-0.0664547449157966	-0.317800225445056	-0.963167916229627	1.04646305414177	0.611306893561316	-0.839174222814178	0.460600207221172	1.02656524375289	-0.428075368025376	-0.822906128695298	-0.195916251419052	-0.552428769790195	-0.338692153115389	0.320052021681068	-0.206664255987375	2.14056197915223	-1.57538447273477	-0.149907947214405	1.99899974987492	-1.30422390715706	1
-1.25393820971224	0.256824583555317	-1.42643522207572	-0.34372051722783	-0.0664547449157966	0.509804528318111	0.449101755661322	0.140434435837207	0.611306893561316	-0.311723422805267	-2.37386260644758	-0.704573447230058	-0.428075368025376	-0.822906128695298	-0.195916251419052	1.80837793871491	-0.338692153115389	0.320052021681068	-0.206664255987375	-0.466699871215895	0.634130916795062	-0.149907947214405	-0.499749937468731	0.765972770870018	1
-0.45879666899427	-0.904151900065748	-1.42643522207572	-0.803855078443132	-0.699357077447193	-0.317800225445056	0.449101755661322	1.04646305414177	-1.29307595242409	-1.10289962281863	-0.956631199613203	-0.704573447230058	-0.428075368025376	-0.822906128695298	-0.195916251419052	-0.552428769790195	-0.338692153115389	0.320052021681068	-0.206664255987375	-0.466699871215895	0.634130916795062	-0.149907947214405	1.99899974987492	-1.30422390715706	1
1.13148641244168	0.00804390849366035	-0.503176178661015	-0.0251658210018522	1.83225225267839	1.33740928208128	0.449101755661322	0.140434435837207	-0.340884529431388	0.479452777208101	0.460600207221172	-0.704573447230058	-0.428075368025376	1.21399022946138	-0.195916251419052	-0.552428769790195	-0.338692153115389	0.320052021681068	-0.206664255987375	-0.466699871215895	0.634130916795062	-0.149907947214405	-0.499749937468731	0.765972770870018	1
-1.25393820971224	0.256824583555317	-1.42643522207572	-0.272930584733169	0.5664475876156	-0.317800225445056	0.449101755661322	1.04646305414177	-1.29307595242409	-1.19080808948679	-0.956631199613203	-0.704573447230058	-0.428075368025376	1.21399022946138	-0.195916251419052	-0.552428769790195	-0.338692153115389	0.320052021681068	-0.206664255987375	-0.466699871215895	0.634130916795062	-0.149907947214405	-0.499749937468731	0.765972770870018	1
-1.25393820971224	1.5007279588636	1.3433419081684	3.86828046620455	1.83225225267839	0.509804528318111	0.449101755661322	1.04646305414177	-0.340884529431388	-0.487540356141571	0.460600207221172	1.02656524375289	-0.428075368025376	1.21399022946138	-0.195916251419052	-0.552428769790195	-0.338692153115389	0.320052021681068	-0.206664255987375	-0.466699871215895	0.634130916795062	-0.149907947214405	-0.499749937468731	-1.30422390715706	1
-1.25393820971224	-0.655371225004091	1.3433419081684	-0.520695348464485	-0.699357077447193	-1.14540497920822	0.449101755661322	-1.67162280077191	-0.340884529431388	-0.663357289477875	-2.37386260644758	1.02656524375289	-0.428075368025376	-0.822906128695298	-0.195916251419052	-0.552428769790195	-0.338692153115389	0.320052021681068	-0.206664255987375	-0.466699871215895	0.634130916795062	-0.149907947214405	1.99899974987492	-1.30422390715706	1
-1.25393820971224	-0.489517441629653	-0.503176178661015	-0.272930584733169	-0.699357077447193	-1.97300973297139	-0.963167916229627	1.04646305414177	0.611306893561316	-1.10289962281863	0.460600207221172	-0.704573447230058	-0.428075368025376	-0.822906128695298	-0.195916251419052	1.80837793871491	-0.338692153115389	0.320052021681068	-0.206664255987375	2.14056197915223	-1.57538447273477	-0.149907947214405	-0.499749937468731	0.765972770870018	1
-1.25393820971224	-0.73829811669131	-0.503176178661015	-0.697670179701139	-0.699357077447193	-1.14540497920822	-0.963167916229627	-1.67162280077191	-1.29307595242409	0.127818910535493	0.460600207221172	-0.704573447230058	-0.428075368025376	-0.822906128695298	-0.195916251419052	1.80837793871491	-0.338692153115389	0.320052021681068	-0.206664255987375	-0.466699871215895	0.634130916795062	-0.149907947214405	1.99899974987492	-1.30422390715706	1
1.13148641244168	0.00804390849366035	-0.503176178661015	0.682733503944766	1.83225225267839	-0.317800225445056	0.449101755661322	0.140434435837207	0.611306893561316	-0.839174222814178	0.460600207221172	-0.704573447230058	-0.428075368025376	-0.822906128695298	-0.195916251419052	-0.552428769790195	2.94958117810198	0.320052021681068	-0.206664255987375	-0.466699871215895	0.634130916795062	-0.149907947214405	-0.499749937468731	0.765972770870018	1
1.13148641244168	-0.489517441629653	-0.503176178661015	-0.095955753496514	-0.699357077447193	0.509804528318111	0.449101755661322	-0.765594182467354	0.611306893561316	-0.223814956137115	0.460600207221172	-0.704573447230058	-0.428075368025376	-0.822906128695298	-0.195916251419052	-0.552428769790195	2.94958117810198	0.320052021681068	-0.206664255987375	-0.466699871215895	0.634130916795062	-0.149907947214405	-0.499749937468731	0.765972770870018	1
-1.25393820971224	-1.23585946681462	-0.503176178661015	-1.01622487592712	-0.699357077447193	1.33740928208128	-0.963167916229627	-1.67162280077191	-0.340884529431388	1.18272051055332	-2.37386260644758	-0.704573447230058	-0.428075368025376	1.21399022946138	-0.195916251419052	-0.552428769790195	-0.338692153115389	0.320052021681068	-0.206664255987375	-0.466699871215895	0.634130916795062	-0.149907947214405	-0.499749937468731	0.765972770870018	1
-1.25393820971224	-0.240736766567997	-0.503176178661015	-0.803855078443132	-0.699357077447193	-1.14540497920822	-0.963167916229627	-0.765594182467354	0.611306893561316	-1.10289962281863	0.460600207221172	-0.704573447230058	-0.428075368025376	-0.822906128695298	-0.195916251419052	1.80837793871491	-0.338692153115389	0.320052021681068	-0.206664255987375	-0.466699871215895	0.634130916795062	-0.149907947214405	1.99899974987492	-1.30422390715706	1
-0.45879666899427	-0.73829811669131	-0.503176178661015	-0.874645010937794	-0.0664547449157966	0.509804528318111	-0.963167916229627	1.04646305414177	-1.29307595242409	-1.10289962281863	0.460600207221172	-0.704573447230058	-0.428075368025376	-0.822906128695298	-0.195916251419052	-0.552428769790195	-0.338692153115389	0.320052021681068	-0.206664255987375	2.14056197915223	-1.57538447273477	-0.149907947214405	1.99899974987492	-1.30422390715706	1
1.13148641244168	0.754385933678631	1.3433419081684	0.895103301428751	-0.699357077447193	0.509804528318111	-0.963167916229627	-0.765594182467354	0.611306893561316	-0.92708268948233	0.460600207221172	1.02656524375289	-0.428075368025376	-0.822906128695298	-0.195916251419052	-0.552428769790195	-0.338692153115389	0.320052021681068	-0.206664255987375	-0.466699871215895	0.634130916795062	-0.149907947214405	-0.499749937468731	0.765972770870018	1
1.13148641244168	-0.73829811669131	0.420082864753691	-0.591485280959147	1.199349920147	1.33740928208128	0.449101755661322	1.04646305414177	1.56349831655402	1.71017131056223	0.460600207221172	1.02656524375289	2.33370119988027	-0.822906128695298	-0.195916251419052	-0.552428769790195	-0.338692153115389	0.320052021681068	-0.206664255987375	-0.466699871215895	-1.57538447273477	-0.149907947214405	-0.499749937468731	0.765972770870018	1
-1.25393820971224	0.256824583555317	-0.503176178661015	-0.697670179701139	1.83225225267839	0.509804528318111	-0.963167916229627	1.04646305414177	1.56349831655402	-0.311723422805267	0.460600207221172	-0.704573447230058	-0.428075368025376	-0.822906128695298	-0.195916251419052	1.80837793871491	-0.338692153115389	0.320052021681068	-0.206664255987375	2.14056197915223	-1.57538447273477	-0.149907947214405	-0.499749937468731	0.765972770870018	1
0.336344871723703	-1.23585946681462	1.3433419081684	-0.697670179701139	-0.699357077447193	-0.317800225445056	0.449101755661322	-1.67162280077191	-1.29307595242409	3.38043217725712	0.460600207221172	2.75770393473583	2.33370119988027	-0.822906128695298	5.09911757071751	1.80837793871491	-0.338692153115389	0.320052021681068	-0.206664255987375	-0.466699871215895	0.634130916795062	6.66408965344035	-0.499749937468731	-1.30422390715706	1
0.336344871723703	-0.489517441629653	1.3433419081684	-0.697670179701139	1.83225225267839	-0.317800225445056	0.449101755661322	1.04646305414177	1.56349831655402	0.303635843871797	0.460600207221172	1.02656524375289	-0.428075368025376	1.21399022946138	-0.195916251419052	-0.552428769790195	-0.338692153115389	0.320052021681068	-0.206664255987375	-0.466699871215895	-1.57538447273477	-0.149907947214405	-0.499749937468731	0.765972770870018	1
1.13148641244168	0.256824583555317	-0.503176178661015	-0.662275213453809	-0.699357077447193	-0.317800225445056	0.449101755661322	-0.765594182467354	-1.29307595242409	-0.399631889473419	0.460600207221172	-0.704573447230058	-0.428075368025376	1.21399022946138	-0.195916251419052	1.80837793871491	-0.338692153115389	-3.1213675662874	-0.206664255987375	-0.466699871215895	0.634130916795062	-0.149907947214405	-0.499749937468731	0.765972770870018	1
-1.25393820971224	-0.73829811669131	1.3433419081684	-0.910039977185125	-0.699357077447193	1.33740928208128	0.449101755661322	0.140434435837207	-0.340884529431388	-0.0479980228008109	0.460600207221172	1.02656524375289	-0.428075368025376	-0.822906128695298	-0.195916251419052	1.80837793871491	-0.338692153115389	0.320052021681068	-0.206664255987375	-0.466699871215895	0.634130916795062	-0.149907947214405	-0.499749937468731	0.765972770870018	1
1.13148641244168	-0.489517441629653	1.3433419081684	0.611943571450104	1.83225225267839	1.33740928208128	-0.963167916229627	1.04646305414177	0.611306893561316	2.06180517723484	0.460600207221172	-0.704573447230058	-0.428075368025376	1.21399022946138	-0.195916251419052	1.80837793871491	-0.338692153115389	0.320052021681068	-0.206664255987375	-0.466699871215895	0.634130916795062	-0.149907947214405	-0.499749937468731	0.765972770870018	1
-1.25393820971224	-0.240736766567997	1.3433419081684	-0.414510449722492	-0.699357077447193	-0.317800225445056	-0.963167916229627	1.04646305414177	-1.29307595242409	-1.01499115615048	0.460600207221172	1.02656524375289	-0.428075368025376	-0.822906128695298	-0.195916251419052	-0.552428769790195	-0.338692153115389	0.320052021681068	-0.206664255987375	2.14056197915223	-1.57538447273477	-0.149907947214405	-0.499749937468731	0.765972770870018	1
-1.25393820971224	-0.73829811669131	-0.503176178661015	-0.379115483475161	-0.699357077447193	-0.317800225445056	0.449101755661322	0.140434435837207	-0.340884529431388	-1.01499115615048	0.460600207221172	-0.704573447230058	-0.428075368025376	-0.822906128695298	-0.195916251419052	-0.552428769790195	-0.338692153115389	0.320052021681068	-0.206664255987375	-0.466699871215895	0.634130916795062	-0.149907947214405	1.99899974987492	-1.30422390715706	1
1.13148641244168	0.00804390849366035	1.3433419081684	3.33735597249458	1.83225225267839	1.33740928208128	0.449101755661322	1.04646305414177	1.56349831655402	-0.487540356141571	0.460600207221172	-0.704573447230058	-0.428075368025376	1.21399022946138	-0.195916251419052	1.80837793871491	-0.338692153115389	0.320052021681068	-0.206664255987375	-0.466699871215895	-1.57538447273477	-0.149907947214405	-0.499749937468731	-1.30422390715706	1
1.13148641244168	0.256824583555317	1.3433419081684	-0.272930584733169	-0.0664547449157966	0.509804528318111	1.86137142755227	0.140434435837207	-0.340884529431388	-0.751265756146026	0.460600207221172	1.02656524375289	-0.428075368025376	1.21399022946138	-0.195916251419052	1.80837793871491	-0.338692153115389	0.320052021681068	-0.206664255987375	-0.466699871215895	0.634130916795062	-0.149907947214405	-0.499749937468731	0.765972770870018	1
-0.45879666899427	-0.73829811669131	-0.503176178661015	-0.73306514594847	-0.699357077447193	1.33740928208128	1.86137142755227	0.140434435837207	-1.29307595242409	0.391544310539949	-2.37386260644758	1.02656524375289	-0.428075368025376	-0.822906128695298	-0.195916251419052	-0.552428769790195	-0.338692153115389	-3.1213675662874	-0.206664255987375	-0.466699871215895	0.634130916795062	-0.149907947214405	1.99899974987492	-1.30422390715706	1
-1.25393820971224	0.754385933678631	-0.503176178661015	-0.0605607872491831	-0.699357077447193	-1.14540497920822	-2.37543758812058	1.04646305414177	-0.340884529431388	-0.399631889473419	0.460600207221172	-0.704573447230058	-0.428075368025376	-0.822906128695298	-0.195916251419052	-0.552428769790195	-0.338692153115389	0.320052021681068	-0.206664255987375	-0.466699871215895	0.634130916795062	-0.149907947214405	1.99899974987492	-1.30422390715706	1
1.13148641244168	-0.904151900065748	-0.503176178661015	-0.131350719743845	1.83225225267839	-1.14540497920822	-0.963167916229627	1.04646305414177	-1.29307595242409	-0.399631889473419	0.460600207221172	-0.704573447230058	-0.428075368025376	-0.822906128695298	-0.195916251419052	-0.552428769790195	2.94958117810198	0.320052021681068	-0.206664255987375	2.14056197915223	-1.57538447273477	-0.149907947214405	-0.499749937468731	0.765972770870018	1
-0.45879666899427	-0.73829811669131	1.3433419081684	0.116414043987471	-0.699357077447193	1.33740928208128	0.449101755661322	1.04646305414177	0.611306893561316	-0.663357289477875	0.460600207221172	2.75770393473583	-0.428075368025376	1.21399022946138	-0.195916251419052	-0.552428769790195	-0.338692153115389	0.320052021681068	-0.206664255987375	2.14056197915223	-1.57538447273477	-0.149907947214405	-0.499749937468731	0.765972770870018	1
1.13148641244168	-0.73829811669131	1.3433419081684	-0.556090314711816	-0.699357077447193	1.33740928208128	0.449101755661322	1.04646305414177	-1.29307595242409	2.41343904390744	0.460600207221172	1.02656524375289	-0.428075368025376	1.21399022946138	-0.195916251419052	-0.552428769790195	-0.338692153115389	0.320052021681068	-0.206664255987375	-0.466699871215895	0.634130916795062	-0.149907947214405	1.99899974987492	-1.30422390715706	1
-1.25393820971224	0.256824583555317	-0.503176178661015	-0.166745685991176	1.83225225267839	1.33740928208128	-0.963167916229627	1.04646305414177	-1.29307595242409	-0.839174222814178	0.460600207221172	-0.704573447230058	-0.428075368025376	-0.822906128695298	-0.195916251419052	-0.552428769790195	2.94958117810198	0.320052021681068	-0.206664255987375	2.14056197915223	-1.57538447273477	-0.149907947214405	-0.499749937468731	0.765972770870018	1
-1.25393820971224	1.25194728380194	1.3433419081684	1.70918752511736	-0.699357077447193	-0.317800225445056	-0.963167916229627	-0.765594182467354	1.56349831655402	-0.92708268948233	0.460600207221172	1.02656524375289	-0.428075368025376	1.21399022946138	-0.195916251419052	-0.552428769790195	-0.338692153115389	0.320052021681068	-0.206664255987375	-0.466699871215895	0.634130916795062	-0.149907947214405	-0.499749937468731	-1.30422390715706	1
1.13148641244168	0.00804390849366035	1.3433419081684	0.0102291452454787	-0.699357077447193	1.33740928208128	0.449101755661322	1.04646305414177	0.611306893561316	0.039910443867341	0.460600207221172	-0.704573447230058	-0.428075368025376	1.21399022946138	-0.195916251419052	-0.552428769790195	2.94958117810198	0.320052021681068	-0.206664255987375	-0.466699871215895	0.634130916795062	-0.149907947214405	-0.499749937468731	-1.30422390715706	1
1.13148641244168	0.256824583555317	1.3433419081684	-0.379115483475161	-0.0664547449157966	1.33740928208128	0.449101755661322	1.04646305414177	-0.340884529431388	1.44644591055777	-2.37386260644758	1.02656524375289	-0.428075368025376	-0.822906128695298	-0.195916251419052	-0.552428769790195	-0.338692153115389	0.320052021681068	-0.206664255987375	-0.466699871215895	0.634130916795062	-0.149907947214405	-0.499749937468731	0.765972770870018	1
0.336344871723703	-0.73829811669131	1.3433419081684	-0.626880247206478	0.5664475876156	-1.97300973297139	0.449101755661322	1.04646305414177	1.56349831655402	2.6771644439119	-2.37386260644758	2.75770393473583	-0.428075368025376	-0.822906128695298	-0.195916251419052	1.80837793871491	-0.338692153115389	0.320052021681068	-0.206664255987375	-0.466699871215895	-1.57538447273477	6.66408965344035	-0.499749937468731	-1.30422390715706	1
-1.25393820971224	0.256824583555317	-0.503176178661015	-0.662275213453809	1.83225225267839	-0.317800225445056	-0.963167916229627	1.04646305414177	-1.29307595242409	-0.92708268948233	0.460600207221172	-0.704573447230058	-0.428075368025376	-0.822906128695298	-0.195916251419052	1.80837793871491	-0.338692153115389	0.320052021681068	-0.206664255987375	2.14056197915223	-1.57538447273477	-0.149907947214405	-0.499749937468731	0.765972770870018	1
1.13148641244168	1.25194728380194	1.3433419081684	0.0810190777401405	-0.699357077447193	0.509804528318111	0.449101755661322	1.04646305414177	0.611306893561316	0.127818910535493	0.460600207221172	1.02656524375289	-0.428075368025376	1.21399022946138	-0.195916251419052	1.80837793871491	-0.338692153115389	0.320052021681068	-0.206664255987375	-0.466699871215895	0.634130916795062	-0.149907947214405	-0.499749937468731	0.765972770870018	1
-1.25393820971224	-0.240736766567997	-0.503176178661015	0.0810190777401405	-0.699357077447193	0.509804528318111	-0.963167916229627	-1.67162280077191	-1.29307595242409	-0.92708268948233	0.460600207221172	-0.704573447230058	-0.428075368025376	-0.822906128695298	-0.195916251419052	-0.552428769790195	-0.338692153115389	-3.1213675662874	-0.206664255987375	-0.466699871215895	0.634130916795062	-0.149907947214405	-0.499749937468731	0.765972770870018	1
1.13148641244168	1.25194728380194	1.3433419081684	0.85970833518142	1.199349920147	1.33740928208128	0.449101755661322	-0.765594182467354	0.611306893561316	0.215727377203645	0.460600207221172	1.02656524375289	-0.428075368025376	1.21399022946138	-0.195916251419052	-0.552428769790195	2.94958117810198	0.320052021681068	-0.206664255987375	-0.466699871215895	0.634130916795062	-0.149907947214405	-0.499749937468731	-1.30422390715706	1
-0.45879666899427	-0.240736766567997	-0.503176178661015	0.222598942729464	-0.699357077447193	-1.97300973297139	-0.963167916229627	1.04646305414177	0.611306893561316	2.76507291058005	0.460600207221172	-0.704573447230058	-0.428075368025376	1.21399022946138	-0.195916251419052	-0.552428769790195	-0.338692153115389	0.320052021681068	-0.206664255987375	-0.466699871215895	0.634130916795062	-0.149907947214405	-0.499749937468731	0.765972770870018	1
-0.45879666899427	1.5007279588636	1.3433419081684	0.576548605202773	-0.699357077447193	0.509804528318111	0.449101755661322	-0.765594182467354	-1.29307595242409	-0.92708268948233	0.460600207221172	1.02656524375289	-0.428075368025376	-0.822906128695298	-0.195916251419052	-0.552428769790195	-0.338692153115389	-3.1213675662874	-0.206664255987375	-0.466699871215895	0.634130916795062	-0.149907947214405	-0.499749937468731	0.765972770870018	1
1.13148641244168	0.256824583555317	1.3433419081684	-0.485300382217154	1.199349920147	1.33740928208128	0.449101755661322	1.04646305414177	-1.29307595242409	2.14971364390299	0.460600207221172	-0.704573447230058	-0.428075368025376	1.21399022946138	-0.195916251419052	1.80837793871491	-0.338692153115389	0.320052021681068	-0.206664255987375	-0.466699871215895	0.634130916795062	-0.149907947214405	-0.499749937468731	0.765972770870018	1
-0.45879666899427	-0.73829811669131	-2.34969426549043	-0.662275213453809	-0.699357077447193	-0.317800225445056	0.449101755661322	-0.765594182467354	-1.29307595242409	-0.399631889473419	0.460600207221172	-0.704573447230058	-0.428075368025376	1.21399022946138	-0.195916251419052	-0.552428769790195	-0.338692153115389	0.320052021681068	-0.206664255987375	-0.466699871215895	0.634130916795062	-0.149907947214405	1.99899974987492	-1.30422390715706	1
-0.45879666899427	-0.73829811669131	-0.503176178661015	-0.874645010937794	-0.0664547449157966	-1.14540497920822	-0.963167916229627	-0.765594182467354	-0.340884529431388	-1.10289962281863	-2.37386260644758	-0.704573447230058	-0.428075368025376	-0.822906128695298	-0.195916251419052	1.80837793871491	-0.338692153115389	0.320052021681068	-0.206664255987375	-0.466699871215895	0.634130916795062	-0.149907947214405	1.99899974987492	-1.30422390715706	1
-0.45879666899427	-0.0748829831935586	-0.503176178661015	1.14286806516007	1.83225225267839	-1.97300973297139	-2.37543758812058	1.04646305414177	-1.29307595242409	2.14971364390299	0.460600207221172	-0.704573447230058	-0.428075368025376	1.21399022946138	-0.195916251419052	-0.552428769790195	2.94958117810198	0.320052021681068	-0.206664255987375	-0.466699871215895	0.634130916795062	-0.149907947214405	-0.499749937468731	-1.30422390715706	1
-0.45879666899427	-0.240736766567997	-0.503176178661015	-0.485300382217154	1.199349920147	-0.317800225445056	0.449101755661322	-0.765594182467354	-0.340884529431388	-0.0479980228008109	0.460600207221172	-0.704573447230058	-0.428075368025376	1.21399022946138	-0.195916251419052	-0.552428769790195	-0.338692153115389	0.320052021681068	-0.206664255987375	-0.466699871215895	0.634130916795062	-0.149907947214405	1.99899974987492	-1.30422390715706	1
1.13148641244168	0.0909708001808793	-0.503176178661015	-0.202140652238507	0.5664475876156	1.33740928208128	0.449101755661322	1.04646305414177	0.611306893561316	0.391544310539949	0.460600207221172	-0.704573447230058	-0.428075368025376	-0.822906128695298	-0.195916251419052	-0.552428769790195	-0.338692153115389	0.320052021681068	-0.206664255987375	-0.466699871215895	0.634130916795062	-0.149907947214405	-0.499749937468731	0.765972770870018	1
1.13148641244168	2.24706998404857	1.3433419081684	-0.166745685991176	1.83225225267839	1.33740928208128	0.449101755661322	0.140434435837207	0.611306893561316	0.215727377203645	0.460600207221172	1.02656524375289	2.33370119988027	1.21399022946138	-0.195916251419052	-0.552428769790195	2.94958117810198	0.320052021681068	-0.206664255987375	-0.466699871215895	0.634130916795062	-0.149907947214405	-0.499749937468731	0.765972770870018	1
-0.45879666899427	2.24706998404857	0.420082864753691	1.03668316641807	-0.699357077447193	1.33740928208128	0.449101755661322	1.04646305414177	1.56349831655402	1.27062897722147	0.460600207221172	-0.704573447230058	-0.428075368025376	-0.822906128695298	-0.195916251419052	-0.552428769790195	-0.338692153115389	0.320052021681068	-0.206664255987375	-0.466699871215895	-1.57538447273477	-0.149907947214405	-0.499749937468731	0.765972770870018	1
-1.25393820971224	1.58365485055082	1.3433419081684	0.965893233923413	-0.699357077447193	-0.317800225445056	0.449101755661322	0.140434435837207	1.56349831655402	-0.751265756146026	-2.37386260644758	-0.704573447230058	-0.428075368025376	1.21399022946138	-0.195916251419052	-0.552428769790195	-0.338692153115389	0.320052021681068	-0.206664255987375	-0.466699871215895	0.634130916795062	-0.149907947214405	-0.499749937468731	0.765972770870018	1
-0.45879666899427	0.00804390849366035	-0.503176178661015	-0.73306514594847	-0.699357077447193	1.33740928208128	-0.963167916229627	1.04646305414177	-0.340884529431388	0.303635843871797	0.460600207221172	-0.704573447230058	2.33370119988027	-0.822906128695298	-0.195916251419052	-0.552428769790195	-0.338692153115389	0.320052021681068	-0.206664255987375	-0.466699871215895	0.634130916795062	-0.149907947214405	-0.499749937468731	0.765972770870018	1
1.13148641244168	0.256824583555317	-0.503176178661015	1.07207813266541	1.83225225267839	1.33740928208128	0.449101755661322	1.04646305414177	0.611306893561316	0.479452777208101	0.460600207221172	-0.704573447230058	2.33370119988027	1.21399022946138	-0.195916251419052	-0.552428769790195	2.94958117810198	0.320052021681068	-0.206664255987375	-0.466699871215895	0.634130916795062	-0.149907947214405	-0.499749937468731	-1.30422390715706	1
1.13148641244168	-1.23585946681462	1.3433419081684	-0.73306514594847	1.83225225267839	-0.317800225445056	1.86137142755227	-0.765594182467354	-0.340884529431388	-0.751265756146026	0.460600207221172	1.02656524375289	-0.428075368025376	-0.822906128695298	-0.195916251419052	-0.552428769790195	-0.338692153115389	0.320052021681068	-0.206664255987375	-0.466699871215895	0.634130916795062	-0.149907947214405	-0.499749937468731	0.765972770870018	1
0.336344871723703	0.256824583555317	-0.503176178661015	-0.131350719743845	-0.699357077447193	1.33740928208128	-2.37543758812058	1.04646305414177	1.56349831655402	1.35853744388962	0.460600207221172	-0.704573447230058	-0.428075368025376	-0.822906128695298	-0.195916251419052	-0.552428769790195	-0.338692153115389	0.320052021681068	-0.206664255987375	-0.466699871215895	-1.57538447273477	-0.149907947214405	-0.499749937468731	0.765972770870018	1
1.13148641244168	0.256824583555317	-0.503176178661015	-0.0605607872491831	0.5664475876156	1.33740928208128	0.449101755661322	0.140434435837207	1.56349831655402	-0.311723422805267	0.460600207221172	-0.704573447230058	-0.428075368025376	1.21399022946138	-0.195916251419052	-0.552428769790195	-0.338692153115389	0.320052021681068	-0.206664255987375	2.14056197915223	-1.57538447273477	-0.149907947214405	-0.499749937468731	0.765972770870018	1
1.13148641244168	-0.987078791752967	-0.503176178661015	-0.34372051722783	-0.0664547449157966	-1.14540497920822	-0.963167916229627	1.04646305414177	-0.340884529431388	-1.19080808948679	0.460600207221172	-0.704573447230058	-0.428075368025376	-0.822906128695298	-0.195916251419052	-0.552428769790195	-0.338692153115389	0.320052021681068	-0.206664255987375	2.14056197915223	-1.57538447273477	-0.149907947214405	-0.499749937468731	0.765972770870018	1
-1.25393820971224	-0.240736766567997	-0.503176178661015	1.49681772763338	1.83225225267839	1.33740928208128	0.449101755661322	1.04646305414177	-0.340884529431388	1.35853744388962	0.460600207221172	-0.704573447230058	2.33370119988027	1.21399022946138	-0.195916251419052	-0.552428769790195	2.94958117810198	0.320052021681068	-0.206664255987375	-0.466699871215895	-1.57538447273477	-0.149907947214405	-0.499749937468731	0.765972770870018	1
1.13148641244168	-0.73829811669131	1.3433419081684	-0.697670179701139	-0.699357077447193	-1.14540497920822	-0.963167916229627	1.04646305414177	-0.340884529431388	-1.19080808948679	0.460600207221172	1.02656524375289	-0.428075368025376	-0.822906128695298	-0.195916251419052	-0.552428769790195	-0.338692153115389	0.320052021681068	-0.206664255987375	2.14056197915223	-1.57538447273477	-0.149907947214405	1.99899974987492	-1.30422390715706	1
1.13148641244168	0.256824583555317	0.420082864753691	-0.910039977185125	1.83225225267839	1.33740928208128	1.86137142755227	1.04646305414177	0.611306893561316	1.62226284389408	0.460600207221172	1.02656524375289	-0.428075368025376	1.21399022946138	-0.195916251419052	1.80837793871491	-0.338692153115389	0.320052021681068	-0.206664255987375	-0.466699871215895	0.634130916795062	-0.149907947214405	-0.499749937468731	0.765972770870018	1
-0.45879666899427	-0.987078791752967	-0.503176178661015	-0.626880247206478	1.83225225267839	-1.14540497920822	0.449101755661322	-0.765594182467354	-1.29307595242409	-0.0479980228008109	0.460600207221172	-0.704573447230058	-0.428075368025376	-0.822906128695298	-0.195916251419052	1.80837793871491	-0.338692153115389	0.320052021681068	-0.206664255987375	-0.466699871215895	0.634130916795062	6.66408965344035	-0.499749937468731	-1.30422390715706	1
1.13148641244168	0.256824583555317	1.3433419081684	-0.591485280959147	-0.699357077447193	1.33740928208128	0.449101755661322	1.04646305414177	1.56349831655402	1.62226284389408	0.460600207221172	1.02656524375289	2.33370119988027	-0.822906128695298	-0.195916251419052	-0.552428769790195	-0.338692153115389	0.320052021681068	-0.206664255987375	-0.466699871215895	-1.57538447273477	-0.149907947214405	-0.499749937468731	0.765972770870018	1
-0.45879666899427	-0.240736766567997	1.3433419081684	-0.520695348464485	-0.699357077447193	1.33740928208128	-0.963167916229627	1.04646305414177	-1.29307595242409	1.09481204388516	-2.37386260644758	1.02656524375289	-0.428075368025376	1.21399022946138	-0.195916251419052	-0.552428769790195	-0.338692153115389	-3.1213675662874	-0.206664255987375	2.14056197915223	-1.57538447273477	-0.149907947214405	1.99899974987492	-1.30422390715706	1
-1.25393820971224	-0.0748829831935586	1.3433419081684	0.364178807718788	-0.699357077447193	1.33740928208128	-0.963167916229627	1.04646305414177	-0.340884529431388	-1.01499115615048	0.460600207221172	1.02656524375289	-0.428075368025376	-0.822906128695298	-0.195916251419052	-0.552428769790195	-0.338692153115389	0.320052021681068	-0.206664255987375	-0.466699871215895	0.634130916795062	-0.149907947214405	-0.499749937468731	0.765972770870018	1
1.13148641244168	-0.73829811669131	1.3433419081684	-0.803855078443132	1.83225225267839	1.33740928208128	0.449101755661322	1.04646305414177	0.611306893561316	-0.0479980228008109	0.460600207221172	1.02656524375289	-0.428075368025376	-0.822906128695298	-0.195916251419052	-0.552428769790195	-0.338692153115389	0.320052021681068	-0.206664255987375	-0.466699871215895	0.634130916795062	-0.149907947214405	-0.499749937468731	0.765972770870018	1
-0.45879666899427	-0.73829811669131	-0.503176178661015	1.49681772763338	1.83225225267839	-1.97300973297139	-0.963167916229627	-0.765594182467354	-1.29307595242409	-1.01499115615048	0.460600207221172	-0.704573447230058	-0.428075368025376	-0.822906128695298	-0.195916251419052	1.80837793871491	-0.338692153115389	0.320052021681068	-0.206664255987375	2.14056197915223	-1.57538447273477	6.66408965344035	-0.499749937468731	-1.30422390715706	1
-1.25393820971224	1.25194728380194	-0.503176178661015	2.13392712008533	-0.699357077447193	0.509804528318111	0.449101755661322	-1.67162280077191	0.611306893561316	-1.01499115615048	0.460600207221172	-0.704573447230058	-0.428075368025376	1.21399022946138	-0.195916251419052	1.80837793871491	-0.338692153115389	0.320052021681068	-0.206664255987375	-0.466699871215895	0.634130916795062	-0.149907947214405	-0.499749937468731	0.765972770870018	1
-0.45879666899427	-1.23585946681462	-0.503176178661015	-0.945434943432456	-0.699357077447193	-1.14540497920822	1.86137142755227	0.140434435837207	-1.29307595242409	-0.839174222814178	0.460600207221172	-0.704573447230058	-0.428075368025376	-0.822906128695298	5.09911757071751	-0.552428769790195	-0.338692153115389	0.320052021681068	-0.206664255987375	-0.466699871215895	0.634130916795062	-0.149907947214405	1.99899974987492	-1.30422390715706	1
1.13148641244168	-0.73829811669131	1.3433419081684	-0.839250044690463	1.83225225267839	1.33740928208128	0.449101755661322	1.04646305414177	-1.29307595242409	2.58925597724375	0.460600207221172	4.48884262571877	-0.428075368025376	-0.822906128695298	-0.195916251419052	-0.552428769790195	-0.338692153115389	0.320052021681068	-0.206664255987375	-0.466699871215895	0.634130916795062	-0.149907947214405	-0.499749937468731	0.765972770870018	1
-0.45879666899427	1.74950863392526	-1.42643522207572	2.13392712008533	-0.699357077447193	-1.97300973297139	0.449101755661322	-0.765594182467354	1.56349831655402	1.71017131056223	-2.37386260644758	-0.704573447230058	-0.428075368025376	1.21399022946138	-0.195916251419052	-0.552428769790195	2.94958117810198	0.320052021681068	-0.206664255987375	-0.466699871215895	-1.57538447273477	-0.149907947214405	-0.499749937468731	-1.30422390715706	1
-0.45879666899427	-0.489517441629653	-2.34969426549043	-0.520695348464485	-0.699357077447193	-1.14540497920822	-0.963167916229627	-1.67162280077191	-1.29307595242409	-0.839174222814178	0.460600207221172	1.02656524375289	-0.428075368025376	-0.822906128695298	-0.195916251419052	1.80837793871491	-0.338692153115389	0.320052021681068	-0.206664255987375	2.14056197915223	-1.57538447273477	6.66408965344035	-0.499749937468731	-1.30422390715706	1
-0.45879666899427	-1.07000568344019	-0.503176178661015	-0.839250044690463	-0.699357077447193	-1.14540497920822	1.86137142755227	-0.765594182467354	-1.29307595242409	-0.839174222814178	0.460600207221172	-0.704573447230058	-0.428075368025376	1.21399022946138	-0.195916251419052	-0.552428769790195	-0.338692153115389	0.320052021681068	-0.206664255987375	-0.466699871215895	0.634130916795062	-0.149907947214405	-0.499749937468731	0.765972770870018	1
-0.45879666899427	-1.23585946681462	-0.503176178661015	-0.980829909679787	-0.699357077447193	0.509804528318111	1.86137142755227	0.140434435837207	-1.29307595242409	-0.663357289477875	-2.37386260644758	-0.704573447230058	-0.428075368025376	-0.822906128695298	-0.195916251419052	-0.552428769790195	-0.338692153115389	-3.1213675662874	-0.206664255987375	-0.466699871215895	0.634130916795062	-0.149907947214405	1.99899974987492	-1.30422390715706	1
-1.25393820971224	1.25194728380194	1.3433419081684	2.24011201882733	-0.699357077447193	0.509804528318111	0.449101755661322	1.04646305414177	0.611306893561316	-1.01499115615048	0.460600207221172	1.02656524375289	-0.428075368025376	1.21399022946138	-0.195916251419052	-0.552428769790195	2.94958117810198	0.320052021681068	-0.206664255987375	-0.466699871215895	0.634130916795062	-0.149907947214405	-0.499749937468731	0.765972770870018	1
-1.25393820971224	2.24706998404857	-0.503176178661015	-0.0605607872491831	-0.699357077447193	-0.317800225445056	0.449101755661322	1.04646305414177	0.611306893561316	1.62226284389408	0.460600207221172	-0.704573447230058	-0.428075368025376	-0.822906128695298	-0.195916251419052	-0.552428769790195	-0.338692153115389	0.320052021681068	-0.206664255987375	-0.466699871215895	0.634130916795062	-0.149907947214405	-0.499749937468731	0.765972770870018	1
-1.25393820971224	2.24706998404857	-0.503176178661015	0.222598942729464	-0.699357077447193	0.509804528318111	0.449101755661322	1.04646305414177	1.56349831655402	0.918995110548861	0.460600207221172	-0.704573447230058	2.33370119988027	-0.822906128695298	-0.195916251419052	1.80837793871491	-0.338692153115389	0.320052021681068	-0.206664255987375	-0.466699871215895	-1.57538447273477	-0.149907947214405	-0.499749937468731	0.765972770870018	1
-0.45879666899427	1.25194728380194	0.420082864753691	1.46142276138605	-0.699357077447193	-0.317800225445056	-0.963167916229627	-0.765594182467354	-0.340884529431388	1.62226284389408	0.460600207221172	-0.704573447230058	-0.428075368025376	-0.822906128695298	-0.195916251419052	1.80837793871491	-0.338692153115389	0.320052021681068	-0.206664255987375	2.14056197915223	-1.57538447273477	-0.149907947214405	-0.499749937468731	0.765972770870018	1
1.13148641244168	-1.23585946681462	-0.503176178661015	-0.697670179701139	0.5664475876156	-0.317800225445056	-2.37543758812058	1.04646305414177	-1.29307595242409	2.32553057723929	0.460600207221172	-0.704573447230058	-0.428075368025376	-0.822906128695298	-0.195916251419052	-0.552428769790195	-0.338692153115389	0.320052021681068	-0.206664255987375	-0.466699871215895	0.634130916795062	-0.149907947214405	-0.499749937468731	0.765972770870018	1
1.13148641244168	-1.23585946681462	1.3433419081684	-0.591485280959147	-0.699357077447193	0.509804528318111	-0.963167916229627	-0.765594182467354	0.611306893561316	-1.01499115615048	0.460600207221172	1.02656524375289	-0.428075368025376	1.21399022946138	-0.195916251419052	-0.552428769790195	-0.338692153115389	0.320052021681068	-0.206664255987375	2.14056197915223	-1.57538447273477	-0.149907947214405	-0.499749937468731	0.765972770870018	1
-1.25393820971224	1.25194728380194	-0.503176178661015	4.46999489240917	-0.699357077447193	-1.97300973297139	-2.37543758812058	0.140434435837207	0.611306893561316	0.655269710544405	0.460600207221172	-0.704573447230058	-0.428075368025376	-0.822906128695298	-0.195916251419052	-0.552428769790195	-0.338692153115389	-3.1213675662874	4.83392735346079	-0.466699871215895	0.634130916795062	-0.149907947214405	-0.499749937468731	-1.30422390715706	1
-1.25393820971224	-0.240736766567997	-0.503176178661015	-0.697670179701139	-0.699357077447193	-0.317800225445056	1.86137142755227	0.140434435837207	-1.29307595242409	-0.839174222814178	-2.37386260644758	-0.704573447230058	-0.428075368025376	-0.822906128695298	-0.195916251419052	-0.552428769790195	-0.338692153115389	0.320052021681068	-0.206664255987375	-0.466699871215895	0.634130916795062	-0.149907947214405	-0.499749937468731	0.765972770870018	1
1.13148641244168	-0.73829811669131	-0.503176178661015	-0.768460112195801	-0.699357077447193	-0.317800225445056	1.86137142755227	-0.765594182467354	-1.29307595242409	-0.751265756146026	0.460600207221172	1.02656524375289	-0.428075368025376	1.21399022946138	-0.195916251419052	1.80837793871491	-0.338692153115389	0.320052021681068	-0.206664255987375	-0.466699871215895	0.634130916795062	-0.149907947214405	-0.499749937468731	0.765972770870018	1
0.336344871723703	-0.73829811669131	-0.503176178661015	-0.095955753496514	-0.699357077447193	-0.317800225445056	1.86137142755227	-1.67162280077191	0.611306893561316	-1.01499115615048	0.460600207221172	-0.704573447230058	-0.428075368025376	-0.822906128695298	-0.195916251419052	-0.552428769790195	-0.338692153115389	0.320052021681068	-0.206664255987375	-0.466699871215895	0.634130916795062	-0.149907947214405	-0.499749937468731	0.765972770870018	1
-1.25393820971224	1.25194728380194	-0.503176178661015	-0.202140652238507	-0.699357077447193	1.33740928208128	0.449101755661322	-0.765594182467354	-0.340884529431388	0.479452777208101	-2.37386260644758	-0.704573447230058	2.33370119988027	-0.822906128695298	-0.195916251419052	-0.552428769790195	-0.338692153115389	0.320052021681068	-0.206664255987375	-0.466699871215895	0.634130916795062	-0.149907947214405	-0.499749937468731	0.765972770870018	1
-1.25393820971224	-1.07000568344019	1.3433419081684	-0.910039977185125	-0.699357077447193	1.33740928208128	0.449101755661322	1.04646305414177	-1.29307595242409	1.00690357721701	0.460600207221172	1.02656524375289	-0.428075368025376	-0.822906128695298	-0.195916251419052	1.80837793871491	-0.338692153115389	0.320052021681068	-0.206664255987375	-0.466699871215895	0.634130916795062	-0.149907947214405	1.99899974987492	-1.30422390715706	1
1.13148641244168	-0.240736766567997	1.3433419081684	0.187203976482133	-0.699357077447193	-1.14540497920822	-2.37543758812058	-0.765594182467354	0.611306893561316	-0.0479980228008109	0.460600207221172	1.02656524375289	-0.428075368025376	1.21399022946138	-0.195916251419052	-0.552428769790195	-0.338692153115389	0.320052021681068	-0.206664255987375	-0.466699871215895	0.634130916795062	-0.149907947214405	-0.499749937468731	-1.30422390715706	1
-1.25393820971224	0.00804390849366035	1.3433419081684	-0.591485280959147	-0.699357077447193	1.33740928208128	1.86137142755227	0.140434435837207	0.611306893561316	-0.487540356141571	0.460600207221172	1.02656524375289	-0.428075368025376	1.21399022946138	-0.195916251419052	1.80837793871491	-0.338692153115389	0.320052021681068	-0.206664255987375	-0.466699871215895	0.634130916795062	-0.149907947214405	-0.499749937468731	0.765972770870018	1
-1.25393820971224	-0.240736766567997	1.3433419081684	0.257993908976795	-0.699357077447193	1.33740928208128	-0.963167916229627	1.04646305414177	-1.29307595242409	-0.223814956137115	-2.37386260644758	2.75770393473583	-0.428075368025376	1.21399022946138	-0.195916251419052	1.80837793871491	-0.338692153115389	0.320052021681068	-0.206664255987375	2.14056197915223	-1.57538447273477	-0.149907947214405	-0.499749937468731	0.765972770870018	1
1.13148641244168	-0.240736766567997	-2.34969426549043	0.328783841471457	-0.699357077447193	-0.317800225445056	0.449101755661322	-0.765594182467354	0.611306893561316	0.039910443867341	-0.956631199613203	1.02656524375289	2.33370119988027	-0.822906128695298	-0.195916251419052	-0.552428769790195	-0.338692153115389	0.320052021681068	-0.206664255987375	-0.466699871215895	0.634130916795062	-0.149907947214405	-0.499749937468731	0.765972770870018	1
-1.25393820971224	1.25194728380194	-0.503176178661015	1.77997745761202	1.83225225267839	1.33740928208128	0.449101755661322	1.04646305414177	1.56349831655402	1.00690357721701	0.460600207221172	-0.704573447230058	-0.428075368025376	-0.822906128695298	-0.195916251419052	-0.552428769790195	2.94958117810198	0.320052021681068	-0.206664255987375	-0.466699871215895	-1.57538447273477	-0.149907947214405	-0.499749937468731	0.765972770870018	1
-0.45879666899427	2.24706998404857	0.420082864753691	1.21365799765473	1.83225225267839	-0.317800225445056	0.449101755661322	1.04646305414177	1.56349831655402	0.215727377203645	0.460600207221172	-0.704573447230058	2.33370119988027	1.21399022946138	-0.195916251419052	-0.552428769790195	-0.338692153115389	0.320052021681068	-0.206664255987375	-0.466699871215895	-1.57538447273477	-0.149907947214405	-0.499749937468731	0.765972770870018	1
1.13148641244168	0.256824583555317	0.420082864753691	-0.308325550980499	0.5664475876156	-0.317800225445056	0.449101755661322	-0.765594182467354	0.611306893561316	0.743178177212557	0.460600207221172	1.02656524375289	2.33370119988027	1.21399022946138	-0.195916251419052	-0.552428769790195	-0.338692153115389	0.320052021681068	-0.206664255987375	-0.466699871215895	0.634130916795062	-0.149907947214405	-0.499749937468731	0.765972770870018	1
-1.25393820971224	-0.240736766567997	-0.503176178661015	-0.73306514594847	-0.699357077447193	-1.14540497920822	-0.963167916229627	0.140434435837207	0.611306893561316	-1.10289962281863	0.460600207221172	-0.704573447230058	-0.428075368025376	1.21399022946138	-0.195916251419052	1.80837793871491	-0.338692153115389	0.320052021681068	-0.206664255987375	2.14056197915223	-1.57538447273477	-0.149907947214405	-0.499749937468731	0.765972770870018	1
-1.25393820971224	1.99828930898692	-2.34969426549043	3.01880127626861	-0.699357077447193	1.33740928208128	0.449101755661322	1.04646305414177	0.611306893561316	-0.575448822809723	0.460600207221172	1.02656524375289	-0.428075368025376	-0.822906128695298	-0.195916251419052	-0.552428769790195	-0.338692153115389	0.320052021681068	-0.206664255987375	2.14056197915223	-1.57538447273477	-0.149907947214405	-0.499749937468731	0.765972770870018	1
-0.45879666899427	0.256824583555317	-0.503176178661015	0.647338537697435	1.83225225267839	1.33740928208128	-0.963167916229627	1.04646305414177	0.611306893561316	0.567361243876253	0.460600207221172	-0.704573447230058	-0.428075368025376	1.21399022946138	-0.195916251419052	-0.552428769790195	-0.338692153115389	0.320052021681068	-0.206664255987375	-0.466699871215895	0.634130916795062	-0.149907947214405	-0.499749937468731	0.765972770870018	1
0.336344871723703	-0.489517441629653	-0.503176178661015	-0.34372051722783	-0.699357077447193	-1.14540497920822	-0.963167916229627	0.140434435837207	-1.29307595242409	-0.92708268948233	0.460600207221172	-0.704573447230058	-0.428075368025376	-0.822906128695298	-0.195916251419052	-0.552428769790195	-0.338692153115389	0.320052021681068	-0.206664255987375	-0.466699871215895	0.634130916795062	-0.149907947214405	1.99899974987492	-1.30422390715706	1
-1.25393820971224	-0.73829811669131	-2.34969426549043	-0.768460112195801	-0.699357077447193	-0.317800225445056	0.449101755661322	1.04646305414177	0.611306893561316	1.09481204388516	-2.37386260644758	1.02656524375289	-0.428075368025376	-0.822906128695298	-0.195916251419052	1.80837793871491	-0.338692153115389	0.320052021681068	-0.206664255987375	-0.466699871215895	0.634130916795062	-0.149907947214405	-0.499749937468731	0.765972770870018	1
1.13148641244168	-0.73829811669131	-0.503176178661015	-0.839250044690463	1.83225225267839	-0.317800225445056	-0.963167916229627	-0.765594182467354	0.611306893561316	-1.27871655615494	0.460600207221172	-0.704573447230058	-0.428075368025376	-0.822906128695298	-0.195916251419052	-0.552428769790195	-0.338692153115389	0.320052021681068	-0.206664255987375	-0.466699871215895	0.634130916795062	-0.149907947214405	-0.499749937468731	0.765972770870018	1
1.13148641244168	-1.40171325018906	-0.503176178661015	-0.945434943432456	-0.699357077447193	-1.14540497920822	-0.963167916229627	0.140434435837207	-1.29307595242409	-1.10289962281863	0.460600207221172	-0.704573447230058	2.33370119988027	-0.822906128695298	-0.195916251419052	-0.552428769790195	-0.338692153115389	0.320052021681068	-0.206664255987375	2.14056197915223	-1.57538447273477	-0.149907947214405	1.99899974987492	-1.30422390715706	1
-1.25393820971224	0.256824583555317	1.3433419081684	-0.095955753496514	-0.699357077447193	1.33740928208128	0.449101755661322	1.04646305414177	-0.340884529431388	2.41343904390744	0.460600207221172	1.02656524375289	-0.428075368025376	1.21399022946138	-0.195916251419052	-0.552428769790195	2.94958117810198	0.320052021681068	-0.206664255987375	-0.466699871215895	0.634130916795062	-0.149907947214405	-0.499749937468731	0.765972770870018	1
1.13148641244168	0.256824583555317	1.3433419081684	-0.237535618485838	-0.699357077447193	1.33740928208128	1.86137142755227	0.140434435837207	-1.29307595242409	0.918995110548861	0.460600207221172	1.02656524375289	-0.428075368025376	-0.822906128695298	-0.195916251419052	-0.552428769790195	-0.338692153115389	-3.1213675662874	4.83392735346079	-0.466699871215895	0.634130916795062	-0.149907947214405	-0.499749937468731	0.765972770870018	1
-1.25393820971224	1.25194728380194	-0.503176178661015	0.682733503944766	-0.699357077447193	0.509804528318111	0.449101755661322	-0.765594182467354	-0.340884529431388	-0.575448822809723	0.460600207221172	-0.704573447230058	-0.428075368025376	-0.822906128695298	-0.195916251419052	-0.552428769790195	-0.338692153115389	0.320052021681068	-0.206664255987375	-0.466699871215895	0.634130916795062	-0.149907947214405	-0.499749937468731	0.765972770870018	1
1.13148641244168	0.00804390849366035	0.420082864753691	-0.095955753496514	-0.699357077447193	-0.317800225445056	0.449101755661322	-0.765594182467354	-1.29307595242409	-0.663357289477875	-0.956631199613203	1.02656524375289	-0.428075368025376	-0.822906128695298	-0.195916251419052	-0.552428769790195	2.94958117810198	0.320052021681068	-0.206664255987375	-0.466699871215895	0.634130916795062	-0.149907947214405	1.99899974987492	-1.30422390715706	1
1.13148641244168	-0.240736766567997	-0.503176178661015	-0.485300382217154	-0.699357077447193	-1.14540497920822	-0.963167916229627	1.04646305414177	-1.29307595242409	-1.10289962281863	0.460600207221172	-0.704573447230058	-0.428075368025376	-0.822906128695298	-0.195916251419052	-0.552428769790195	-0.338692153115389	0.320052021681068	-0.206664255987375	-0.466699871215895	0.634130916795062	-0.149907947214405	-0.499749937468731	0.765972770870018	1
1.13148641244168	0.256824583555317	-1.42643522207572	-0.591485280959147	-0.699357077447193	0.509804528318111	0.449101755661322	1.04646305414177	0.611306893561316	1.27062897722147	-2.37386260644758	-0.704573447230058	-0.428075368025376	1.21399022946138	-0.195916251419052	-0.552428769790195	-0.338692153115389	0.320052021681068	-0.206664255987375	-0.466699871215895	0.634130916795062	-0.149907947214405	-0.499749937468731	0.765972770870018	1
1.13148641244168	-0.240736766567997	-0.503176178661015	0.0456241114928096	-0.699357077447193	1.33740928208128	0.449101755661322	1.04646305414177	-0.340884529431388	1.00690357721701	-2.37386260644758	2.75770393473583	2.33370119988027	1.21399022946138	-0.195916251419052	-0.552428769790195	-0.338692153115389	0.320052021681068	-0.206664255987375	-0.466699871215895	0.634130916795062	-0.149907947214405	-0.499749937468731	0.765972770870018	1
-0.45879666899427	0.00804390849366035	-0.503176178661015	0.257993908976795	1.83225225267839	0.509804528318111	0.449101755661322	0.140434435837207	0.611306893561316	-0.0479980228008109	0.460600207221172	-0.704573447230058	-0.428075368025376	1.21399022946138	-0.195916251419052	-0.552428769790195	-0.338692153115389	0.320052021681068	-0.206664255987375	-0.466699871215895	0.634130916795062	-0.149907947214405	-0.499749937468731	0.765972770870018	1
1.13148641244168	-0.240736766567997	-0.503176178661015	1.24905296390206	1.83225225267839	-0.317800225445056	0.449101755661322	1.04646305414177	0.611306893561316	2.8529813772482	0.460600207221172	1.02656524375289	-0.428075368025376	-0.822906128695298	-0.195916251419052	1.80837793871491	-0.338692153115389	0.320052021681068	-0.206664255987375	2.14056197915223	-1.57538447273477	-0.149907947214405	-0.499749937468731	0.765972770870018	1
1.13148641244168	0.256824583555317	-0.503176178661015	-0.73306514594847	-0.699357077447193	-1.14540497920822	1.86137142755227	-0.765594182467354	-1.29307595242409	-0.663357289477875	0.460600207221172	-0.704573447230058	-0.428075368025376	-0.822906128695298	-0.195916251419052	1.80837793871491	-0.338692153115389	0.320052021681068	-0.206664255987375	-0.466699871215895	0.634130916795062	-0.149907947214405	-0.499749937468731	0.765972770870018	1
-1.25393820971224	-0.987078791752967	-0.503176178661015	-0.662275213453809	-0.699357077447193	0.509804528318111	0.449101755661322	1.04646305414177	-1.29307595242409	2.06180517723484	0.460600207221172	-0.704573447230058	-0.428075368025376	-0.822906128695298	-0.195916251419052	-0.552428769790195	-0.338692153115389	0.320052021681068	-0.206664255987375	-0.466699871215895	0.634130916795062	-0.149907947214405	-0.499749937468731	0.765972770870018	1
-1.25393820971224	-0.73829811669131	-0.503176178661015	-0.910039977185125	-0.699357077447193	1.33740928208128	0.449101755661322	1.04646305414177	-1.29307595242409	1.88598824389853	-0.956631199613203	-0.704573447230058	-0.428075368025376	-0.822906128695298	-0.195916251419052	-0.552428769790195	-0.338692153115389	0.320052021681068	-0.206664255987375	-0.466699871215895	0.634130916795062	-0.149907947214405	1.99899974987492	-1.30422390715706	1
-1.25393820971224	-0.0748829831935586	1.3433419081684	-0.379115483475161	-0.699357077447193	-0.317800225445056	1.86137142755227	-0.765594182467354	-0.340884529431388	-0.223814956137115	-2.37386260644758	1.02656524375289	-0.428075368025376	-0.822906128695298	5.09911757071751	1.80837793871491	-0.338692153115389	-3.1213675662874	-0.206664255987375	2.14056197915223	-1.57538447273477	-0.149907947214405	-0.499749937468731	0.765972770870018	1
1.13148641244168	0.256824583555317	1.3433419081684	0.257993908976795	1.83225225267839	0.509804528318111	0.449101755661322	1.04646305414177	-0.340884529431388	0.655269710544405	0.460600207221172	1.02656524375289	-0.428075368025376	1.21399022946138	-0.195916251419052	-0.552428769790195	2.94958117810198	0.320052021681068	-0.206664255987375	-0.466699871215895	0.634130916795062	-0.149907947214405	-0.499749937468731	0.765972770870018	1
1.13148641244168	-0.489517441629653	1.3433419081684	-0.626880247206478	-0.699357077447193	-0.317800225445056	0.449101755661322	1.04646305414177	1.56349831655402	-0.0479980228008109	0.460600207221172	1.02656524375289	-0.428075368025376	1.21399022946138	-0.195916251419052	-0.552428769790195	-0.338692153115389	0.320052021681068	-0.206664255987375	-0.466699871215895	-1.57538447273477	-0.149907947214405	-0.499749937468731	0.765972770870018	1
-1.25393820971224	-0.240736766567997	-1.42643522207572	-0.662275213453809	-0.699357077447193	0.509804528318111	0.449101755661322	1.04646305414177	1.56349831655402	-0.311723422805267	0.460600207221172	1.02656524375289	2.33370119988027	-0.822906128695298	-0.195916251419052	1.80837793871491	-0.338692153115389	0.320052021681068	-0.206664255987375	-0.466699871215895	-1.57538447273477	-0.149907947214405	1.99899974987492	-1.30422390715706	1
1.13148641244168	1.25194728380194	0.420082864753691	2.70024658004263	-0.699357077447193	1.33740928208128	0.449101755661322	-0.765594182467354	0.611306893561316	0.831086643880709	0.460600207221172	1.02656524375289	2.33370119988027	1.21399022946138	-0.195916251419052	1.80837793871491	-0.338692153115389	0.320052021681068	-0.206664255987375	-0.466699871215895	0.634130916795062	-0.149907947214405	-0.499749937468731	0.765972770870018	1
1.13148641244168	0.256824583555317	-0.503176178661015	-0.626880247206478	-0.0664547449157966	-1.14540497920822	1.86137142755227	0.140434435837207	-1.29307595242409	-0.223814956137115	0.460600207221172	-0.704573447230058	-0.428075368025376	1.21399022946138	-0.195916251419052	1.80837793871491	-0.338692153115389	0.320052021681068	-0.206664255987375	-0.466699871215895	0.634130916795062	-0.149907947214405	-0.499749937468731	0.765972770870018	1
1.13148641244168	-0.904151900065748	-0.503176178661015	-0.839250044690463	1.83225225267839	0.509804528318111	-0.963167916229627	0.140434435837207	-0.340884529431388	0.391544310539949	0.460600207221172	-0.704573447230058	-0.428075368025376	1.21399022946138	-0.195916251419052	-0.552428769790195	-0.338692153115389	0.320052021681068	-0.206664255987375	-0.466699871215895	0.634130916795062	-0.149907947214405	-0.499749937468731	0.765972770870018	1
1.13148641244168	-0.489517441629653	1.3433419081684	0.0102291452454787	-0.699357077447193	-0.317800225445056	0.449101755661322	-0.765594182467354	1.56349831655402	-0.663357289477875	0.460600207221172	-0.704573447230058	-0.428075368025376	1.21399022946138	-0.195916251419052	-0.552428769790195	-0.338692153115389	0.320052021681068	-0.206664255987375	-0.466699871215895	-1.57538447273477	-0.149907947214405	-0.499749937468731	0.765972770870018	1
-1.25393820971224	-0.489517441629653	-0.503176178661015	0.257993908976795	-0.699357077447193	-0.317800225445056	-0.963167916229627	-0.765594182467354	-0.340884529431388	-0.575448822809723	0.460600207221172	-0.704573447230058	-0.428075368025376	1.21399022946138	-0.195916251419052	1.80837793871491	-0.338692153115389	0.320052021681068	-0.206664255987375	-0.466699871215895	0.634130916795062	-0.149907947214405	-0.499749937468731	0.765972770870018	1
1.13148641244168	-0.987078791752967	-0.503176178661015	0.116414043987471	-0.0664547449157966	-0.317800225445056	0.449101755661322	-0.765594182467354	-1.29307595242409	-0.839174222814178	0.460600207221172	-0.704573447230058	2.33370119988027	-0.822906128695298	5.09911757071751	1.80837793871491	-0.338692153115389	-3.1213675662874	-0.206664255987375	2.14056197915223	-1.57538447273477	-0.149907947214405	-0.499749937468731	0.765972770870018	1
1.13148641244168	0.256824583555317	1.3433419081684	0.895103301428751	1.199349920147	-0.317800225445056	0.449101755661322	-0.765594182467354	-1.29307595242409	-0.751265756146026	0.460600207221172	1.02656524375289	-0.428075368025376	-0.822906128695298	-0.195916251419052	-0.552428769790195	2.94958117810198	0.320052021681068	-0.206664255987375	-0.466699871215895	0.634130916795062	-0.149907947214405	-0.499749937468731	0.765972770870018	1
1.13148641244168	-0.240736766567997	0.420082864753691	-0.379115483475161	-0.699357077447193	-0.317800225445056	1.86137142755227	-0.765594182467354	0.611306893561316	-0.663357289477875	0.460600207221172	-0.704573447230058	-0.428075368025376	1.21399022946138	-0.195916251419052	-0.552428769790195	-0.338692153115389	0.320052021681068	-0.206664255987375	-0.466699871215895	0.634130916795062	-0.149907947214405	-0.499749937468731	0.765972770870018	1
-1.25393820971224	0.256824583555317	-0.503176178661015	-0.308325550980499	-0.699357077447193	-1.14540497920822	-0.963167916229627	1.04646305414177	-1.29307595242409	-0.0479980228008109	0.460600207221172	-0.704573447230058	-0.428075368025376	1.21399022946138	-0.195916251419052	-0.552428769790195	-0.338692153115389	0.320052021681068	-0.206664255987375	-0.466699871215895	0.634130916795062	-0.149907947214405	-0.499749937468731	0.765972770870018	1
1.13148641244168	0.505605258616974	1.3433419081684	0.43496874021345	1.199349920147	-1.14540497920822	0.449101755661322	-0.765594182467354	-1.29307595242409	-0.311723422805267	-0.956631199613203	1.02656524375289	2.33370119988027	1.21399022946138	-0.195916251419052	-0.552428769790195	-0.338692153115389	0.320052021681068	-0.206664255987375	-0.466699871215895	0.634130916795062	-0.149907947214405	1.99899974987492	-1.30422390715706	1
1.13148641244168	-0.904151900065748	-0.503176178661015	-0.379115483475161	-0.699357077447193	-0.317800225445056	0.449101755661322	-0.765594182467354	-1.29307595242409	-0.92708268948233	-2.37386260644758	-0.704573447230058	-0.428075368025376	-0.822906128695298	-0.195916251419052	-0.552428769790195	-0.338692153115389	0.320052021681068	-0.206664255987375	2.14056197915223	-1.57538447273477	-0.149907947214405	1.99899974987492	-1.30422390715706	1
1.13148641244168	-0.489517441629653	-0.503176178661015	-0.379115483475161	0.5664475876156	-0.317800225445056	-0.963167916229627	1.04646305414177	0.611306893561316	-1.36662502282309	0.460600207221172	-0.704573447230058	-0.428075368025376	-0.822906128695298	-0.195916251419052	-0.552428769790195	-0.338692153115389	0.320052021681068	-0.206664255987375	2.14056197915223	-1.57538447273477	-0.149907947214405	-0.499749937468731	0.765972770870018	1
-1.25393820971224	-0.240736766567997	-0.503176178661015	-0.308325550980499	-0.699357077447193	-1.14540497920822	-0.963167916229627	-1.67162280077191	0.611306893561316	-0.751265756146026	-0.956631199613203	-0.704573447230058	-0.428075368025376	-0.822906128695298	-0.195916251419052	-0.552428769790195	-0.338692153115389	0.320052021681068	-0.206664255987375	-0.466699871215895	0.634130916795062	-0.149907947214405	-0.499749937468731	0.765972770870018	1
1.13148641244168	-0.73829811669131	1.3433419081684	0.0102291452454787	-0.699357077447193	1.33740928208128	0.449101755661322	1.04646305414177	-0.340884529431388	0.567361243876253	-0.956631199613203	-0.704573447230058	-0.428075368025376	-0.822906128695298	-0.195916251419052	-0.552428769790195	-0.338692153115389	0.320052021681068	-0.206664255987375	-0.466699871215895	0.634130916795062	-0.149907947214405	-0.499749937468731	0.765972770870018	1
1.13148641244168	1.25194728380194	-0.503176178661015	1.46142276138605	1.83225225267839	1.33740928208128	0.449101755661322	-0.765594182467354	-0.340884529431388	0.127818910535493	0.460600207221172	1.02656524375289	-0.428075368025376	-0.822906128695298	-0.195916251419052	-0.552428769790195	-0.338692153115389	0.320052021681068	-0.206664255987375	-0.466699871215895	0.634130916795062	-0.149907947214405	-0.499749937468731	0.765972770870018	1
-1.25393820971224	-0.73829811669131	-0.503176178661015	-0.910039977185125	-0.699357077447193	1.33740928208128	-0.963167916229627	1.04646305414177	-0.340884529431388	-1.01499115615048	0.460600207221172	-0.704573447230058	-0.428075368025376	-0.822906128695298	-0.195916251419052	-0.552428769790195	-0.338692153115389	0.320052021681068	-0.206664255987375	2.14056197915223	-1.57538447273477	-0.149907947214405	-0.499749937468731	0.765972770870018	1
1.13148641244168	1.25194728380194	0.420082864753691	1.56760766012804	0.5664475876156	0.509804528318111	-0.963167916229627	1.04646305414177	0.611306893561316	0.391544310539949	0.460600207221172	1.02656524375289	-0.428075368025376	1.21399022946138	-0.195916251419052	-0.552428769790195	-0.338692153115389	0.320052021681068	-0.206664255987375	-0.466699871215895	0.634130916795062	-0.149907947214405	-0.499749937468731	0.765972770870018	1
0.336344871723703	-1.23585946681462	1.3433419081684	-0.697670179701139	-0.699357077447193	1.33740928208128	0.449101755661322	1.04646305414177	-1.29307595242409	0.918995110548861	0.460600207221172	1.02656524375289	2.33370119988027	-0.822906128695298	5.09911757071751	1.80837793871491	-0.338692153115389	0.320052021681068	-0.206664255987375	-0.466699871215895	0.634130916795062	-0.149907947214405	-0.499749937468731	0.765972770870018	1
-1.25393820971224	0.256824583555317	1.3433419081684	-0.662275213453809	-0.0664547449157966	0.509804528318111	0.449101755661322	-1.67162280077191	-1.29307595242409	-0.839174222814178	0.460600207221172	1.02656524375289	-0.428075368025376	1.21399022946138	-0.195916251419052	-0.552428769790195	-0.338692153115389	0.320052021681068	-0.206664255987375	-0.466699871215895	0.634130916795062	-0.149907947214405	-0.499749937468731	0.765972770870018	1
1.13148641244168	-0.489517441629653	-0.503176178661015	-0.839250044690463	1.83225225267839	-1.14540497920822	-0.963167916229627	-1.67162280077191	-1.29307595242409	-1.01499115615048	0.460600207221172	-0.704573447230058	-0.428075368025376	-0.822906128695298	-0.195916251419052	-0.552428769790195	-0.338692153115389	0.320052021681068	-0.206664255987375	-0.466699871215895	0.634130916795062	-0.149907947214405	-0.499749937468731	0.765972770870018	1
-1.25393820971224	-0.73829811669131	-0.503176178661015	0.116414043987471	-0.699357077447193	-0.317800225445056	0.449101755661322	-0.765594182467354	-0.340884529431388	-0.575448822809723	0.460600207221172	-0.704573447230058	2.33370119988027	-0.822906128695298	-0.195916251419052	-0.552428769790195	-0.338692153115389	-3.1213675662874	4.83392735346079	-0.466699871215895	0.634130916795062	-0.149907947214405	1.99899974987492	-1.30422390715706	1
-0.45879666899427	-0.821225008378529	1.3433419081684	-0.697670179701139	1.199349920147	-0.317800225445056	-0.963167916229627	1.04646305414177	0.611306893561316	0.391544310539949	0.460600207221172	1.02656524375289	-0.428075368025376	-0.822906128695298	-0.195916251419052	1.80837793871491	-0.338692153115389	0.320052021681068	-0.206664255987375	-0.466699871215895	0.634130916795062	-0.149907947214405	-0.499749937468731	0.765972770870018	1
-1.25393820971224	-0.240736766567997	-1.42643522207572	-0.485300382217154	-0.699357077447193	-1.14540497920822	0.449101755661322	1.04646305414177	1.56349831655402	0.039910443867341	-2.37386260644758	-0.704573447230058	-0.428075368025376	1.21399022946138	-0.195916251419052	-0.552428769790195	-0.338692153115389	-3.1213675662874	4.83392735346079	-0.466699871215895	-1.57538447273477	-0.149907947214405	-0.499749937468731	-1.30422390715706	1
1.13148641244168	1.25194728380194	-0.503176178661015	0.116414043987471	-0.699357077447193	1.33740928208128	0.449101755661322	-0.765594182467354	0.611306893561316	-0.663357289477875	0.460600207221172	-0.704573447230058	-0.428075368025376	-0.822906128695298	-0.195916251419052	-0.552428769790195	-0.338692153115389	0.320052021681068	-0.206664255987375	-0.466699871215895	0.634130916795062	-0.149907947214405	-0.499749937468731	0.765972770870018	1
-1.25393820971224	-0.987078791752967	-0.503176178661015	-0.662275213453809	-0.699357077447193	-1.14540497920822	0.449101755661322	-0.765594182467354	1.56349831655402	-0.751265756146026	0.460600207221172	-0.704573447230058	-0.428075368025376	1.21399022946138	-0.195916251419052	1.80837793871491	-0.338692153115389	0.320052021681068	-0.206664255987375	-0.466699871215895	-1.57538447273477	-0.149907947214405	-0.499749937468731	-1.30422390715706	1
1.13148641244168	0.754385933678631	1.3433419081684	1.21365799765473	1.83225225267839	0.509804528318111	0.449101755661322	0.140434435837207	-0.340884529431388	0.039910443867341	0.460600207221172	1.02656524375289	-0.428075368025376	-0.822906128695298	-0.195916251419052	-0.552428769790195	-0.338692153115389	0.320052021681068	-0.206664255987375	-0.466699871215895	0.634130916795062	-0.149907947214405	-0.499749937468731	0.765972770870018	1
1.13148641244168	0.256824583555317	-0.503176178661015	1.60300262637537	-0.699357077447193	0.509804528318111	0.449101755661322	0.140434435837207	0.611306893561316	0.215727377203645	0.460600207221172	-0.704573447230058	-0.428075368025376	1.21399022946138	-0.195916251419052	-0.552428769790195	2.94958117810198	0.320052021681068	-0.206664255987375	-0.466699871215895	0.634130916795062	-0.149907947214405	-0.499749937468731	-1.30422390715706	1
1.13148641244168	0.256824583555317	-0.503176178661015	2.13392712008533	1.83225225267839	-0.317800225445056	-2.37543758812058	1.04646305414177	1.56349831655402	1.09481204388516	0.460600207221172	-0.704573447230058	-0.428075368025376	1.21399022946138	-0.195916251419052	-0.552428769790195	2.94958117810198	0.320052021681068	-0.206664255987375	-0.466699871215895	-1.57538447273477	-0.149907947214405	-0.499749937468731	0.765972770870018	1
-0.45879666899427	0.754385933678631	1.3433419081684	-0.379115483475161	1.83225225267839	1.33740928208128	0.449101755661322	1.04646305414177	-1.29307595242409	0.039910443867341	0.460600207221172	1.02656524375289	-0.428075368025376	-0.822906128695298	-0.195916251419052	1.80837793871491	-0.338692153115389	0.320052021681068	-0.206664255987375	-0.466699871215895	0.634130916795062	-0.149907947214405	-0.499749937468731	0.765972770870018	1
1.13148641244168	-0.240736766567997	1.3433419081684	-0.768460112195801	-0.699357077447193	-1.97300973297139	-0.963167916229627	1.04646305414177	0.611306893561316	2.58925597724375	0.460600207221172	1.02656524375289	-0.428075368025376	-0.822906128695298	-0.195916251419052	-0.552428769790195	-0.338692153115389	0.320052021681068	-0.206664255987375	-0.466699871215895	0.634130916795062	6.66408965344035	-0.499749937468731	-1.30422390715706	1
-0.45879666899427	0.256824583555317	-0.503176178661015	0.293388875224126	-0.699357077447193	0.509804528318111	-2.37543758812058	0.140434435837207	0.611306893561316	0.655269710544405	0.460600207221172	-0.704573447230058	-0.428075368025376	1.21399022946138	-0.195916251419052	-0.552428769790195	-0.338692153115389	0.320052021681068	-0.206664255987375	-0.466699871215895	0.634130916795062	-0.149907947214405	-0.499749937468731	0.765972770870018	1
-1.25393820971224	-0.73829811669131	-0.503176178661015	-0.874645010937794	-0.699357077447193	-1.14540497920822	-0.963167916229627	1.04646305414177	-0.340884529431388	1.53435437722592	0.460600207221172	-0.704573447230058	-0.428075368025376	-0.822906128695298	-0.195916251419052	-0.552428769790195	-0.338692153115389	0.320052021681068	-0.206664255987375	-0.466699871215895	0.634130916795062	-0.149907947214405	-0.499749937468731	0.765972770870018	1
-0.45879666899427	0.256824583555317	1.3433419081684	-0.166745685991176	1.83225225267839	0.509804528318111	0.449101755661322	0.140434435837207	1.56349831655402	-0.135906489468963	0.460600207221172	1.02656524375289	2.33370119988027	1.21399022946138	-0.195916251419052	-0.552428769790195	-0.338692153115389	0.320052021681068	-0.206664255987375	-0.466699871215895	0.634130916795062	-0.149907947214405	-0.499749937468731	0.765972770870018	1
-0.45879666899427	2.24706998404857	-0.503176178661015	4.39920495991451	-0.699357077447193	-0.317800225445056	0.449101755661322	-0.765594182467354	0.611306893561316	-1.10289962281863	0.460600207221172	-0.704573447230058	-0.428075368025376	1.21399022946138	-0.195916251419052	-0.552428769790195	-0.338692153115389	0.320052021681068	-0.206664255987375	-0.466699871215895	0.634130916795062	-0.149907947214405	-0.499749937468731	0.765972770870018	1
1.13148641244168	1.25194728380194	1.3433419081684	1.1782630314074	-0.699357077447193	1.33740928208128	0.449101755661322	1.04646305414177	0.611306893561316	-0.135906489468963	0.460600207221172	1.02656524375289	-0.428075368025376	1.21399022946138	-0.195916251419052	1.80837793871491	-0.338692153115389	0.320052021681068	-0.206664255987375	-0.466699871215895	0.634130916795062	-0.149907947214405	-0.499749937468731	-1.30422390715706	1
1.13148641244168	0.588532150304193	-1.42643522207572	1.60300262637537	1.83225225267839	-1.14540497920822	0.449101755661322	1.04646305414177	-1.29307595242409	0.391544310539949	-2.37386260644758	1.02656524375289	2.33370119988027	1.21399022946138	-0.195916251419052	-0.552428769790195	2.94958117810198	-3.1213675662874	-0.206664255987375	2.14056197915223	-1.57538447273477	-0.149907947214405	-0.499749937468731	0.765972770870018	1
-1.25393820971224	0.505605258616974	1.3433419081684	-0.308325550980499	-0.699357077447193	1.33740928208128	0.449101755661322	1.04646305414177	0.611306893561316	0.655269710544405	-0.956631199613203	4.48884262571877	2.33370119988027	1.21399022946138	-0.195916251419052	-0.552428769790195	-0.338692153115389	0.320052021681068	-0.206664255987375	-0.466699871215895	0.634130916795062	-0.149907947214405	-0.499749937468731	-1.30422390715706	1
1.13148641244168	-0.489517441629653	1.3433419081684	-0.520695348464485	-0.699357077447193	1.33740928208128	0.449101755661322	1.04646305414177	0.611306893561316	0.918995110548861	0.460600207221172	1.02656524375289	-0.428075368025376	1.21399022946138	-0.195916251419052	-0.552428769790195	-0.338692153115389	0.320052021681068	-0.206664255987375	-0.466699871215895	0.634130916795062	-0.149907947214405	-0.499749937468731	0.765972770870018	1
-1.25393820971224	-0.73829811669131	1.3433419081684	-0.379115483475161	-0.699357077447193	-0.317800225445056	0.449101755661322	1.04646305414177	-0.340884529431388	0.215727377203645	-2.37386260644758	1.02656524375289	-0.428075368025376	-0.822906128695298	5.09911757071751	1.80837793871491	-0.338692153115389	0.320052021681068	-0.206664255987375	-0.466699871215895	0.634130916795062	-0.149907947214405	1.99899974987492	-1.30422390715706	1
-0.45879666899427	1.25194728380194	1.3433419081684	0.895103301428751	-0.699357077447193	-0.317800225445056	0.449101755661322	1.04646305414177	0.611306893561316	-0.135906489468963	0.460600207221172	1.02656524375289	-0.428075368025376	1.21399022946138	-0.195916251419052	-0.552428769790195	2.94958117810198	0.320052021681068	-0.206664255987375	-0.466699871215895	0.634130916795062	-0.149907947214405	-0.499749937468731	0.765972770870018	1
1.13148641244168	-0.240736766567997	1.3433419081684	-0.73306514594847	1.83225225267839	-0.317800225445056	0.449101755661322	0.140434435837207	-0.340884529431388	-0.575448822809723	0.460600207221172	1.02656524375289	-0.428075368025376	1.21399022946138	-0.195916251419052	-0.552428769790195	-0.338692153115389	0.320052021681068	-0.206664255987375	-0.466699871215895	0.634130916795062	-0.149907947214405	-0.499749937468731	0.765972770870018	1
1.13148641244168	1.25194728380194	0.420082864753691	1.99234725509601	1.83225225267839	0.509804528318111	0.449101755661322	-0.765594182467354	0.611306893561316	-0.399631889473419	-0.956631199613203	-0.704573447230058	2.33370119988027	1.21399022946138	-0.195916251419052	-0.552428769790195	2.94958117810198	0.320052021681068	-0.206664255987375	-0.466699871215895	0.634130916795062	-0.149907947214405	-0.499749937468731	-1.30422390715706	1
-1.25393820971224	0.00804390849366035	-0.503176178661015	-0.237535618485838	-0.699357077447193	-1.14540497920822	-0.963167916229627	1.04646305414177	-0.340884529431388	-0.663357289477875	0.460600207221172	-0.704573447230058	-0.428075368025376	1.21399022946138	-0.195916251419052	-0.552428769790195	-0.338692153115389	0.320052021681068	-0.206664255987375	2.14056197915223	-1.57538447273477	-0.149907947214405	-0.499749937468731	-1.30422390715706	1
1.13148641244168	-0.73829811669131	1.3433419081684	-0.591485280959147	1.199349920147	0.509804528318111	-0.963167916229627	-0.765594182467354	-0.340884529431388	-0.0479980228008109	0.460600207221172	-0.704573447230058	-0.428075368025376	-0.822906128695298	5.09911757071751	-0.552428769790195	-0.338692153115389	0.320052021681068	-0.206664255987375	-0.466699871215895	0.634130916795062	-0.149907947214405	-0.499749937468731	0.765972770870018	1
1.13148641244168	-0.489517441629653	-0.503176178661015	-0.379115483475161	1.83225225267839	0.509804528318111	-0.963167916229627	1.04646305414177	-1.29307595242409	-0.223814956137115	-2.37386260644758	-0.704573447230058	-0.428075368025376	-0.822906128695298	-0.195916251419052	-0.552428769790195	-0.338692153115389	0.320052021681068	-0.206664255987375	2.14056197915223	-1.57538447273477	-0.149907947214405	1.99899974987492	-1.30422390715706	1
-1.25393820971224	-0.240736766567997	-0.503176178661015	0.328783841471457	-0.699357077447193	-0.317800225445056	0.449101755661322	0.140434435837207	0.611306893561316	0.567361243876253	0.460600207221172	-0.704573447230058	-0.428075368025376	-0.822906128695298	-0.195916251419052	-0.552428769790195	-0.338692153115389	-3.1213675662874	4.83392735346079	-0.466699871215895	0.634130916795062	-0.149907947214405	-0.499749937468731	0.765972770870018	1
-1.25393820971224	-0.406590549942434	1.3433419081684	-0.237535618485838	-0.699357077447193	1.33740928208128	0.449101755661322	1.04646305414177	-0.340884529431388	0.655269710544405	-2.37386260644758	-0.704573447230058	-0.428075368025376	1.21399022946138	-0.195916251419052	1.80837793871491	-0.338692153115389	-3.1213675662874	-0.206664255987375	2.14056197915223	-1.57538447273477	-0.149907947214405	-0.499749937468731	0.765972770870018	1
1.13148641244168	-0.0748829831935586	1.3433419081684	0.0810190777401405	1.83225225267839	-1.14540497920822	-2.37543758812058	1.04646305414177	-1.29307595242409	0.743178177212557	0.460600207221172	1.02656524375289	-0.428075368025376	1.21399022946138	-0.195916251419052	1.80837793871491	-0.338692153115389	0.320052021681068	-0.206664255987375	-0.466699871215895	0.634130916795062	-0.149907947214405	-0.499749937468731	0.765972770870018	1
1.13148641244168	1.25194728380194	1.3433419081684	2.5586667150533	1.83225225267839	1.33740928208128	0.449101755661322	1.04646305414177	1.56349831655402	0.567361243876253	0.460600207221172	1.02656524375289	-0.428075368025376	-0.822906128695298	-0.195916251419052	-0.552428769790195	2.94958117810198	0.320052021681068	-0.206664255987375	-0.466699871215895	-1.57538447273477	-0.149907947214405	-0.499749937468731	0.765972770870018	1
1.13148641244168	-0.489517441629653	-0.503176178661015	-0.662275213453809	1.83225225267839	-0.317800225445056	1.86137142755227	-0.765594182467354	-1.29307595242409	0.391544310539949	0.460600207221172	-0.704573447230058	-0.428075368025376	1.21399022946138	-0.195916251419052	-0.552428769790195	-0.338692153115389	0.320052021681068	-0.206664255987375	2.14056197915223	-1.57538447273477	-0.149907947214405	-0.499749937468731	0.765972770870018	1
1.13148641244168	0.256824583555317	-0.503176178661015	-0.697670179701139	-0.699357077447193	1.33740928208128	0.449101755661322	-1.67162280077191	-1.29307595242409	0.039910443867341	0.460600207221172	-0.704573447230058	-0.428075368025376	1.21399022946138	-0.195916251419052	-0.552428769790195	-0.338692153115389	0.320052021681068	-0.206664255987375	-0.466699871215895	0.634130916795062	-0.149907947214405	-0.499749937468731	-1.30422390715706	1
-1.25393820971224	-0.73829811669131	-0.503176178661015	-0.768460112195801	-0.699357077447193	-0.317800225445056	0.449101755661322	-0.765594182467354	-1.29307595242409	-1.36662502282309	0.460600207221172	-0.704573447230058	2.33370119988027	1.21399022946138	-0.195916251419052	-0.552428769790195	-0.338692153115389	0.320052021681068	-0.206664255987375	2.14056197915223	-1.57538447273477	-0.149907947214405	-0.499749937468731	-1.30422390715706	1
-1.25393820971224	0.00804390849366035	-0.503176178661015	0.187203976482133	1.83225225267839	0.509804528318111	0.449101755661322	-0.765594182467354	-1.29307595242409	-1.01499115615048	0.460600207221172	-0.704573447230058	-0.428075368025376	-0.822906128695298	5.09911757071751	1.80837793871491	-0.338692153115389	-3.1213675662874	4.83392735346079	-0.466699871215895	0.634130916795062	-0.149907947214405	1.99899974987492	-1.30422390715706	1
-0.45879666899427	1.25194728380194	-0.503176178661015	0.151809010234802	1.83225225267839	-0.317800225445056	1.86137142755227	-0.765594182467354	0.611306893561316	-0.751265756146026	0.460600207221172	-0.704573447230058	-0.428075368025376	-0.822906128695298	-0.195916251419052	-0.552428769790195	-0.338692153115389	0.320052021681068	-0.206664255987375	-0.466699871215895	0.634130916795062	-0.149907947214405	-0.499749937468731	0.765972770870018	1
1.13148641244168	-0.489517441629653	0.420082864753691	0.116414043987471	-0.699357077447193	-1.14540497920822	-0.963167916229627	-0.765594182467354	-0.340884529431388	0.918995110548861	0.460600207221172	1.02656524375289	-0.428075368025376	-0.822906128695298	-0.195916251419052	-0.552428769790195	2.94958117810198	0.320052021681068	-0.206664255987375	-0.466699871215895	0.634130916795062	-0.149907947214405	1.99899974987492	-1.30422390715706	1
-0.45879666899427	-0.987078791752967	-0.503176178661015	-0.0251658210018522	1.83225225267839	-0.317800225445056	-0.963167916229627	-0.765594182467354	-1.29307595242409	-0.223814956137115	0.460600207221172	-0.704573447230058	-0.428075368025376	-0.822906128695298	-0.195916251419052	1.80837793871491	-0.338692153115389	0.320052021681068	-0.206664255987375	-0.466699871215895	0.634130916795062	-0.149907947214405	1.99899974987492	-1.30422390715706	1
1.13148641244168	1.25194728380194	0.420082864753691	0.43496874021345	-0.699357077447193	-0.317800225445056	-0.963167916229627	1.04646305414177	-1.29307595242409	-0.135906489468963	0.460600207221172	1.02656524375289	-0.428075368025376	-0.822906128695298	-0.195916251419052	-0.552428769790195	-0.338692153115389	0.320052021681068	-0.206664255987375	-0.466699871215895	0.634130916795062	-0.149907947214405	-0.499749937468731	0.765972770870018	1
-0.45879666899427	0.256824583555317	1.3433419081684	0.505758672708111	-0.699357077447193	-1.14540497920822	-0.963167916229627	1.04646305414177	0.611306893561316	-0.92708268948233	-2.37386260644758	-0.704573447230058	-0.428075368025376	-0.822906128695298	-0.195916251419052	-0.552428769790195	-0.338692153115389	0.320052021681068	-0.206664255987375	-0.466699871215895	0.634130916795062	-0.149907947214405	1.99899974987492	-1.30422390715706	1
-0.45879666899427	0.754385933678631	-0.503176178661015	-0.095955753496514	1.83225225267839	1.33740928208128	-0.963167916229627	1.04646305414177	0.611306893561316	-0.92708268948233	0.460600207221172	-0.704573447230058	-0.428075368025376	-0.822906128695298	-0.195916251419052	-0.552428769790195	-0.338692153115389	0.320052021681068	-0.206664255987375	-0.466699871215895	0.634130916795062	-0.149907947214405	-0.499749937468731	0.765972770870018	1
1.13148641244168	-0.821225008378529	-0.503176178661015	-0.414510449722492	1.199349920147	1.33740928208128	-2.37543758812058	-0.765594182467354	-1.29307595242409	-0.663357289477875	0.460600207221172	-0.704573447230058	-0.428075368025376	1.21399022946138	-0.195916251419052	-0.552428769790195	-0.338692153115389	0.320052021681068	-0.206664255987375	-0.466699871215895	0.634130916795062	-0.149907947214405	-0.499749937468731	0.765972770870018	1
-1.25393820971224	0.256824583555317	-1.42643522207572	-0.0251658210018522	-0.699357077447193	-0.317800225445056	0.449101755661322	-0.765594182467354	-0.340884529431388	-0.399631889473419	0.460600207221172	-0.704573447230058	-0.428075368025376	1.21399022946138	-0.195916251419052	-0.552428769790195	-0.338692153115389	0.320052021681068	-0.206664255987375	2.14056197915223	-1.57538447273477	-0.149907947214405	-0.499749937468731	0.765972770870018	1
-0.45879666899427	2.24706998404857	-2.34969426549043	5.35486904859245	-0.699357077447193	-0.317800225445056	-0.963167916229627	-0.765594182467354	-0.340884529431388	-0.311723422805267	-2.37386260644758	-0.704573447230058	-0.428075368025376	1.21399022946138	5.09911757071751	-0.552428769790195	-0.338692153115389	0.320052021681068	-0.206664255987375	-0.466699871215895	0.634130916795062	-0.149907947214405	-0.499749937468731	-1.30422390715706	1
1.13148641244168	-0.904151900065748	-0.503176178661015	-0.166745685991176	-0.0664547449157966	-0.317800225445056	0.449101755661322	-0.765594182467354	-1.29307595242409	-0.311723422805267	0.460600207221172	-0.704573447230058	2.33370119988027	-0.822906128695298	-0.195916251419052	-0.552428769790195	2.94958117810198	-3.1213675662874	4.83392735346079	-0.466699871215895	0.634130916795062	-0.149907947214405	-0.499749937468731	0.765972770870018	1
-1.25393820971224	-1.23585946681462	-0.503176178661015	4.11604522993586	-0.699357077447193	1.33740928208128	0.449101755661322	1.04646305414177	1.56349831655402	2.8529813772482	-2.37386260644758	-0.704573447230058	-0.428075368025376	1.21399022946138	-0.195916251419052	1.80837793871491	-0.338692153115389	0.320052021681068	-0.206664255987375	-0.466699871215895	0.634130916795062	-0.149907947214405	-0.499749937468731	-1.30422390715706	1
-1.25393820971224	0.256824583555317	-0.503176178661015	-0.308325550980499	-0.0664547449157966	-1.97300973297139	-2.37543758812058	-1.67162280077191	-0.340884529431388	-0.223814956137115	0.460600207221172	-0.704573447230058	-0.428075368025376	-0.822906128695298	-0.195916251419052	-0.552428769790195	-0.338692153115389	0.320052021681068	-0.206664255987375	-0.466699871215895	0.634130916795062	-0.149907947214405	-0.499749937468731	0.765972770870018	1
-1.25393820971224	0.256824583555317	-0.503176178661015	0.0102291452454787	-0.699357077447193	1.33740928208128	0.449101755661322	-0.765594182467354	-0.340884529431388	0.303635843871797	0.460600207221172	-0.704573447230058	-0.428075368025376	1.21399022946138	-0.195916251419052	-0.552428769790195	-0.338692153115389	0.320052021681068	-0.206664255987375	2.14056197915223	-1.57538447273477	-0.149907947214405	-0.499749937468731	-1.30422390715706	1
1.13148641244168	-0.240736766567997	1.3433419081684	-0.520695348464485	-0.699357077447193	-0.317800225445056	-0.963167916229627	-0.765594182467354	1.56349831655402	-0.663357289477875	0.460600207221172	1.02656524375289	-0.428075368025376	-0.822906128695298	-0.195916251419052	-0.552428769790195	-0.338692153115389	0.320052021681068	-0.206664255987375	-0.466699871215895	0.634130916795062	-0.149907947214405	-0.499749937468731	0.765972770870018	1
1.13148641244168	2.24706998404857	0.420082864753691	3.33735597249458	0.5664475876156	0.509804528318111	0.449101755661322	-1.67162280077191	0.611306893561316	0.127818910535493	0.460600207221172	-0.704573447230058	-0.428075368025376	1.21399022946138	-0.195916251419052	-0.552428769790195	-0.338692153115389	0.320052021681068	-0.206664255987375	-0.466699871215895	0.634130916795062	-0.149907947214405	-0.499749937468731	-1.30422390715706	1
-1.25393820971224	-0.987078791752967	-0.503176178661015	-0.662275213453809	-0.699357077447193	-1.14540497920822	-0.963167916229627	1.04646305414177	-0.340884529431388	-1.19080808948679	0.460600207221172	-0.704573447230058	-0.428075368025376	-0.822906128695298	-0.195916251419052	-0.552428769790195	-0.338692153115389	0.320052021681068	-0.206664255987375	2.14056197915223	-1.57538447273477	-0.149907947214405	-0.499749937468731	0.765972770870018	1
-0.45879666899427	-0.73829811669131	-0.503176178661015	-0.449905415969823	-0.699357077447193	0.509804528318111	0.449101755661322	1.04646305414177	-0.340884529431388	-0.487540356141571	0.460600207221172	-0.704573447230058	2.33370119988027	1.21399022946138	-0.195916251419052	1.80837793871491	-0.338692153115389	0.320052021681068	-0.206664255987375	2.14056197915223	-1.57538447273477	-0.149907947214405	-0.499749937468731	0.765972770870018	1
-1.25393820971224	0.256824583555317	-1.42643522207572	1.28444793014939	-0.699357077447193	-1.14540497920822	-2.37543758812058	-1.67162280077191	-0.340884529431388	1.71017131056223	-2.37386260644758	-0.704573447230058	-0.428075368025376	1.21399022946138	-0.195916251419052	-0.552428769790195	-0.338692153115389	0.320052021681068	-0.206664255987375	-0.466699871215895	0.634130916795062	-0.149907947214405	-0.499749937468731	0.765972770870018	1
-1.25393820971224	-0.73829811669131	-1.42643522207572	-0.910039977185125	-0.699357077447193	-1.14540497920822	0.449101755661322	-0.765594182467354	0.611306893561316	0.918995110548861	-2.37386260644758	1.02656524375289	-0.428075368025376	1.21399022946138	-0.195916251419052	1.80837793871491	-0.338692153115389	0.320052021681068	-0.206664255987375	-0.466699871215895	0.634130916795062	-0.149907947214405	-0.499749937468731	0.765972770870018	1
-1.25393820971224	-0.240736766567997	1.3433419081684	-0.803855078443132	-0.699357077447193	-1.14540497920822	-0.963167916229627	1.04646305414177	-0.340884529431388	-1.27871655615494	0.460600207221172	-0.704573447230058	-0.428075368025376	-0.822906128695298	-0.195916251419052	-0.552428769790195	-0.338692153115389	0.320052021681068	-0.206664255987375	2.14056197915223	-1.57538447273477	-0.149907947214405	-0.499749937468731	0.765972770870018	1
-1.25393820971224	2.24706998404857	-0.503176178661015	2.48787678255864	-0.699357077447193	0.509804528318111	0.449101755661322	1.04646305414177	1.56349831655402	0.303635843871797	-0.956631199613203	2.75770393473583	2.33370119988027	1.21399022946138	-0.195916251419052	-0.552428769790195	2.94958117810198	0.320052021681068	-0.206664255987375	-0.466699871215895	-1.57538447273477	-0.149907947214405	-0.499749937468731	0.765972770870018	1
1.13148641244168	0.754385933678631	-0.503176178661015	-0.485300382217154	1.83225225267839	1.33740928208128	0.449101755661322	1.04646305414177	0.611306893561316	1.97389671056668	0.460600207221172	-0.704573447230058	-0.428075368025376	1.21399022946138	-0.195916251419052	-0.552428769790195	-0.338692153115389	0.320052021681068	-0.206664255987375	-0.466699871215895	0.634130916795062	-0.149907947214405	-0.499749937468731	0.765972770870018	1
-1.25393820971224	-0.73829811669131	0.420082864753691	-0.697670179701139	-0.699357077447193	-0.317800225445056	0.449101755661322	-0.765594182467354	-1.29307595242409	0.655269710544405	0.460600207221172	1.02656524375289	2.33370119988027	-0.822906128695298	-0.195916251419052	1.80837793871491	-0.338692153115389	0.320052021681068	-0.206664255987375	-0.466699871215895	0.634130916795062	-0.149907947214405	1.99899974987492	-1.30422390715706	1
-1.25393820971224	0.256824583555317	-0.503176178661015	-0.556090314711816	-0.699357077447193	-1.14540497920822	0.449101755661322	-1.67162280077191	-0.340884529431388	-1.01499115615048	0.460600207221172	-0.704573447230058	-0.428075368025376	-0.822906128695298	5.09911757071751	-0.552428769790195	-0.338692153115389	-3.1213675662874	4.83392735346079	-0.466699871215895	0.634130916795062	-0.149907947214405	1.99899974987492	-1.30422390715706	1
-0.45879666899427	-0.987078791752967	-0.503176178661015	-0.556090314711816	-0.699357077447193	-1.14540497920822	-0.963167916229627	-0.765594182467354	0.611306893561316	-1.19080808948679	0.460600207221172	-0.704573447230058	-0.428075368025376	1.21399022946138	-0.195916251419052	-0.552428769790195	-0.338692153115389	0.320052021681068	-0.206664255987375	-0.466699871215895	0.634130916795062	-0.149907947214405	-0.499749937468731	0.765972770870018	1
1.13148641244168	-0.987078791752967	1.3433419081684	-0.73306514594847	-0.699357077447193	-0.317800225445056	0.449101755661322	-1.67162280077191	-1.29307595242409	-0.487540356141571	0.460600207221172	1.02656524375289	-0.428075368025376	-0.822906128695298	-0.195916251419052	1.80837793871491	-0.338692153115389	0.320052021681068	-0.206664255987375	-0.466699871215895	0.634130916795062	-0.149907947214405	-0.499749937468731	0.765972770870018	1
1.13148641244168	-0.73829811669131	1.3433419081684	-0.980829909679787	0.5664475876156	1.33740928208128	0.449101755661322	1.04646305414177	-0.340884529431388	0.567361243876253	0.460600207221172	1.02656524375289	2.33370119988027	1.21399022946138	-0.195916251419052	-0.552428769790195	-0.338692153115389	0.320052021681068	-0.206664255987375	-0.466699871215895	0.634130916795062	-0.149907947214405	-0.499749937468731	0.765972770870018	1
-1.25393820971224	-0.73829811669131	-0.503176178661015	-0.626880247206478	-0.699357077447193	-0.317800225445056	-0.963167916229627	-1.67162280077191	0.611306893561316	-1.10289962281863	-2.37386260644758	-0.704573447230058	-0.428075368025376	-0.822906128695298	-0.195916251419052	-0.552428769790195	-0.338692153115389	0.320052021681068	-0.206664255987375	-0.466699871215895	0.634130916795062	-0.149907947214405	-0.499749937468731	0.765972770870018	1
-0.45879666899427	0.754385933678631	0.420082864753691	-0.485300382217154	-0.0664547449157966	-1.14540497920822	0.449101755661322	0.140434435837207	1.56349831655402	-0.487540356141571	-0.956631199613203	1.02656524375289	-0.428075368025376	-0.822906128695298	-0.195916251419052	-0.552428769790195	-0.338692153115389	0.320052021681068	-0.206664255987375	-0.466699871215895	0.634130916795062	-0.149907947214405	-0.499749937468731	-1.30422390715706	1
0.336344871723703	-0.987078791752967	-0.503176178661015	-0.910039977185125	-0.699357077447193	-0.317800225445056	-0.963167916229627	-0.765594182467354	-1.29307595242409	-0.663357289477875	0.460600207221172	-0.704573447230058	-0.428075368025376	-0.822906128695298	-0.195916251419052	-0.552428769790195	-0.338692153115389	0.320052021681068	-0.206664255987375	-0.466699871215895	0.634130916795062	-0.149907947214405	1.99899974987492	-1.30422390715706	1
-0.45879666899427	-1.23585946681462	-0.503176178661015	-0.414510449722492	-0.699357077447193	-1.14540497920822	1.86137142755227	0.140434435837207	0.611306893561316	-0.487540356141571	0.460600207221172	-0.704573447230058	-0.428075368025376	1.21399022946138	-0.195916251419052	-0.552428769790195	-0.338692153115389	0.320052021681068	-0.206664255987375	2.14056197915223	-1.57538447273477	-0.149907947214405	-0.499749937468731	-1.30422390715706	1
-0.45879666899427	3.2421926842952	-0.503176178661015	1.07207813266541	-0.699357077447193	-0.317800225445056	0.449101755661322	1.04646305414177	1.56349831655402	0.567361243876253	0.460600207221172	-0.704573447230058	-0.428075368025376	-0.822906128695298	-0.195916251419052	-0.552428769790195	-0.338692153115389	0.320052021681068	-0.206664255987375	-0.466699871215895	-1.57538447273477	-0.149907947214405	-0.499749937468731	0.765972770870018	1
1.13148641244168	0.256824583555317	1.3433419081684	1.24905296390206	1.83225225267839	-0.317800225445056	0.449101755661322	1.04646305414177	-0.340884529431388	0.918995110548861	0.460600207221172	1.02656524375289	2.33370119988027	1.21399022946138	-0.195916251419052	-0.552428769790195	2.94958117810198	0.320052021681068	-0.206664255987375	-0.466699871215895	0.634130916795062	-0.149907947214405	-0.499749937468731	-1.30422390715706	1
1.13148641244168	-0.73829811669131	-0.503176178661015	0.0810190777401405	1.83225225267839	-1.14540497920822	0.449101755661322	0.140434435837207	-0.340884529431388	0.831086643880709	0.460600207221172	-0.704573447230058	2.33370119988027	1.21399022946138	-0.195916251419052	1.80837793871491	-0.338692153115389	0.320052021681068	-0.206664255987375	-0.466699871215895	0.634130916795062	-0.149907947214405	-0.499749937468731	-1.30422390715706	1
1.13148641244168	-0.904151900065748	-0.503176178661015	-0.626880247206478	-0.699357077447193	-0.317800225445056	0.449101755661322	-0.765594182467354	-1.29307595242409	-0.399631889473419	0.460600207221172	-0.704573447230058	2.33370119988027	-0.822906128695298	5.09911757071751	1.80837793871491	-0.338692153115389	0.320052021681068	-0.206664255987375	-0.466699871215895	0.634130916795062	-0.149907947214405	1.99899974987492	-1.30422390715706	1
1.13148641244168	0.256824583555317	-0.503176178661015	-0.839250044690463	1.83225225267839	0.509804528318111	0.449101755661322	-0.765594182467354	0.611306893561316	-0.399631889473419	-0.956631199613203	-0.704573447230058	-0.428075368025376	1.21399022946138	-0.195916251419052	-0.552428769790195	-0.338692153115389	0.320052021681068	-0.206664255987375	-0.466699871215895	0.634130916795062	-0.149907947214405	-0.499749937468731	0.765972770870018	1
1.13148641244168	-1.40171325018906	1.3433419081684	-0.626880247206478	-0.699357077447193	0.509804528318111	0.449101755661322	-1.67162280077191	-1.29307595242409	0.567361243876253	0.460600207221172	2.75770393473583	2.33370119988027	-0.822906128695298	-0.195916251419052	1.80837793871491	-0.338692153115389	0.320052021681068	-0.206664255987375	-0.466699871215895	0.634130916795062	-0.149907947214405	1.99899974987492	-1.30422390715706	1
-1.25393820971224	-0.489517441629653	-0.503176178661015	-0.520695348464485	-0.699357077447193	-1.14540497920822	-0.963167916229627	-1.67162280077191	-0.340884529431388	0.918995110548861	0.460600207221172	-0.704573447230058	-0.428075368025376	-0.822906128695298	-0.195916251419052	-0.552428769790195	-0.338692153115389	-3.1213675662874	-0.206664255987375	2.14056197915223	-1.57538447273477	-0.149907947214405	-0.499749937468731	0.765972770870018	1
-0.45879666899427	2.24706998404857	-2.34969426549043	1.81537242385935	0.5664475876156	-1.14540497920822	-0.963167916229627	-1.67162280077191	0.611306893561316	-0.487540356141571	0.460600207221172	1.02656524375289	-0.428075368025376	-0.822906128695298	-0.195916251419052	1.80837793871491	-0.338692153115389	0.320052021681068	-0.206664255987375	-0.466699871215895	0.634130916795062	-0.149907947214405	-0.499749937468731	0.765972770870018	1
-1.25393820971224	0.256824583555317	-1.42643522207572	0.0102291452454787	0.5664475876156	-1.14540497920822	0.449101755661322	1.04646305414177	1.56349831655402	-0.487540356141571	0.460600207221172	-0.704573447230058	2.33370119988027	1.21399022946138	-0.195916251419052	-0.552428769790195	-0.338692153115389	0.320052021681068	-0.206664255987375	-0.466699871215895	-1.57538447273477	-0.149907947214405	-0.499749937468731	0.765972770870018	1
1.13148641244168	-0.73829811669131	-0.503176178661015	-0.131350719743845	1.83225225267839	-1.97300973297139	0.449101755661322	1.04646305414177	1.56349831655402	0.215727377203645	0.460600207221172	-0.704573447230058	-0.428075368025376	1.21399022946138	-0.195916251419052	1.80837793871491	-0.338692153115389	0.320052021681068	-0.206664255987375	-0.466699871215895	0.634130916795062	-0.149907947214405	-0.499749937468731	-1.30422390715706	1
1.13148641244168	-0.240736766567997	-0.503176178661015	-0.626880247206478	-0.699357077447193	-1.14540497920822	1.86137142755227	-1.67162280077191	-0.340884529431388	0.655269710544405	0.460600207221172	-0.704573447230058	2.33370119988027	-0.822906128695298	-0.195916251419052	-0.552428769790195	-0.338692153115389	-3.1213675662874	4.83392735346079	-0.466699871215895	0.634130916795062	-0.149907947214405	1.99899974987492	-1.30422390715706	1
1.13148641244168	0.256824583555317	-0.503176178661015	0.116414043987471	-0.0664547449157966	1.33740928208128	0.449101755661322	1.04646305414177	0.611306893561316	-0.399631889473419	0.460600207221172	1.02656524375289	-0.428075368025376	-0.822906128695298	-0.195916251419052	-0.552428769790195	-0.338692153115389	0.320052021681068	-0.206664255987375	-0.466699871215895	0.634130916795062	-0.149907947214405	-0.499749937468731	0.765972770870018	1
-0.45879666899427	-0.240736766567997	1.3433419081684	0.116414043987471	-0.699357077447193	-1.97300973297139	1.86137142755227	0.140434435837207	0.611306893561316	0.391544310539949	0.460600207221172	2.75770393473583	2.33370119988027	1.21399022946138	-0.195916251419052	-0.552428769790195	-0.338692153115389	0.320052021681068	-0.206664255987375	-0.466699871215895	0.634130916795062	6.66408965344035	-0.499749937468731	-1.30422390715706	1
-1.25393820971224	1.25194728380194	0.420082864753691	-0.414510449722492	-0.699357077447193	0.509804528318111	0.449101755661322	-1.67162280077191	0.611306893561316	-1.01499115615048	0.460600207221172	1.02656524375289	-0.428075368025376	1.21399022946138	-0.195916251419052	-0.552428769790195	-0.338692153115389	0.320052021681068	-0.206664255987375	-0.466699871215895	0.634130916795062	-0.149907947214405	-0.499749937468731	0.765972770870018	1
-0.45879666899427	0.256824583555317	-0.503176178661015	0.293388875224126	0.5664475876156	-1.14540497920822	-0.963167916229627	1.04646305414177	0.611306893561316	-0.663357289477875	0.460600207221172	-0.704573447230058	-0.428075368025376	-0.822906128695298	-0.195916251419052	-0.552428769790195	2.94958117810198	0.320052021681068	-0.206664255987375	2.14056197915223	-1.57538447273477	-0.149907947214405	-0.499749937468731	0.765972770870018	1
1.13148641244168	1.25194728380194	-0.503176178661015	2.73564154628996	-0.699357077447193	-1.97300973297139	-0.963167916229627	-0.765594182467354	0.611306893561316	-0.839174222814178	0.460600207221172	1.02656524375289	-0.428075368025376	1.21399022946138	-0.195916251419052	-0.552428769790195	-0.338692153115389	0.320052021681068	-0.206664255987375	-0.466699871215895	0.634130916795062	-0.149907947214405	-0.499749937468731	-1.30422390715706	1
-1.25393820971224	-0.73829811669131	-0.503176178661015	-0.485300382217154	-0.699357077447193	-0.317800225445056	-0.963167916229627	1.04646305414177	-0.340884529431388	-0.575448822809723	0.460600207221172	-0.704573447230058	-0.428075368025376	1.21399022946138	-0.195916251419052	1.80837793871491	-0.338692153115389	-3.1213675662874	-0.206664255987375	-0.466699871215895	0.634130916795062	-0.149907947214405	-0.499749937468731	0.765972770870018	1
-1.25393820971224	0.256824583555317	1.3433419081684	-0.73306514594847	1.199349920147	1.33740928208128	-0.963167916229627	1.04646305414177	-0.340884529431388	1.88598824389853	0.460600207221172	1.02656524375289	-0.428075368025376	1.21399022946138	-0.195916251419052	-0.552428769790195	-0.338692153115389	0.320052021681068	-0.206664255987375	2.14056197915223	-1.57538447273477	-0.149907947214405	-0.499749937468731	-1.30422390715706	1
0.336344871723703	0.754385933678631	1.3433419081684	0.151809010234802	1.83225225267839	1.33740928208128	0.449101755661322	1.04646305414177	-0.340884529431388	1.18272051055332	-0.956631199613203	1.02656524375289	-0.428075368025376	-0.822906128695298	-0.195916251419052	-0.552428769790195	-0.338692153115389	0.320052021681068	-0.206664255987375	-0.466699871215895	0.634130916795062	-0.149907947214405	1.99899974987492	-1.30422390715706	1
-0.45879666899427	-0.987078791752967	1.3433419081684	-0.73306514594847	-0.699357077447193	1.33740928208128	0.449101755661322	1.04646305414177	-1.29307595242409	0.127818910535493	0.460600207221172	2.75770393473583	-0.428075368025376	-0.822906128695298	-0.195916251419052	-0.552428769790195	-0.338692153115389	0.320052021681068	-0.206664255987375	-0.466699871215895	0.634130916795062	-0.149907947214405	1.99899974987492	-1.30422390715706	1
-1.25393820971224	0.588532150304193	-0.503176178661015	0.257993908976795	-0.699357077447193	-0.317800225445056	0.449101755661322	-0.765594182467354	0.611306893561316	0.831086643880709	0.460600207221172	-0.704573447230058	-0.428075368025376	-0.822906128695298	-0.195916251419052	1.80837793871491	-0.338692153115389	0.320052021681068	-0.206664255987375	-0.466699871215895	0.634130916795062	-0.149907947214405	1.99899974987492	-1.30422390715706	1
-0.45879666899427	0.256824583555317	-0.503176178661015	-0.0605607872491831	-0.0664547449157966	1.33740928208128	0.449101755661322	1.04646305414177	1.56349831655402	-0.487540356141571	0.460600207221172	-0.704573447230058	-0.428075368025376	-0.822906128695298	-0.195916251419052	-0.552428769790195	-0.338692153115389	0.320052021681068	-0.206664255987375	-0.466699871215895	-1.57538447273477	-0.149907947214405	-0.499749937468731	0.765972770870018	1
1.13148641244168	-1.23585946681462	1.3433419081684	-0.556090314711816	-0.699357077447193	1.33740928208128	1.86137142755227	-0.765594182467354	-1.29307595242409	-0.487540356141571	0.460600207221172	1.02656524375289	-0.428075368025376	-0.822906128695298	-0.195916251419052	-0.552428769790195	-0.338692153115389	0.320052021681068	-0.206664255987375	2.14056197915223	-1.57538447273477	-0.149907947214405	-0.499749937468731	0.765972770870018	1
-0.45879666899427	0.00804390849366035	0.420082864753691	-0.308325550980499	-0.699357077447193	-0.317800225445056	-2.37543758812058	1.04646305414177	-0.340884529431388	1.00690357721701	0.460600207221172	1.02656524375289	-0.428075368025376	-0.822906128695298	-0.195916251419052	1.80837793871491	-0.338692153115389	0.320052021681068	-0.206664255987375	-0.466699871215895	0.634130916795062	-0.149907947214405	-0.499749937468731	0.765972770870018	1
1.13148641244168	-0.489517441629653	-0.503176178661015	0.116414043987471	1.83225225267839	-0.317800225445056	0.449101755661322	-0.765594182467354	1.56349831655402	-0.575448822809723	0.460600207221172	-0.704573447230058	-0.428075368025376	-0.822906128695298	-0.195916251419052	1.80837793871491	-0.338692153115389	0.320052021681068	-0.206664255987375	-0.466699871215895	0.634130916795062	-0.149907947214405	-0.499749937468731	0.765972770870018	1
1.13148641244168	0.256824583555317	-0.503176178661015	-0.308325550980499	0.5664475876156	1.33740928208128	0.449101755661322	-0.765594182467354	0.611306893561316	-0.0479980228008109	-2.37386260644758	1.02656524375289	-0.428075368025376	1.21399022946138	-0.195916251419052	-0.552428769790195	-0.338692153115389	0.320052021681068	-0.206664255987375	-0.466699871215895	0.634130916795062	-0.149907947214405	-0.499749937468731	0.765972770870018	1
-0.45879666899427	-1.23585946681462	-0.503176178661015	-0.980829909679787	-0.699357077447193	-1.14540497920822	1.86137142755227	-1.67162280077191	-0.340884529431388	-1.19080808948679	0.460600207221172	-0.704573447230058	-0.428075368025376	-0.822906128695298	-0.195916251419052	-0.552428769790195	-0.338692153115389	0.320052021681068	-0.206664255987375	-0.466699871215895	0.634130916795062	-0.149907947214405	1.99899974987492	-1.30422390715706	1
-0.45879666899427	0.754385933678631	-0.503176178661015	-0.556090314711816	1.83225225267839	-0.317800225445056	-0.963167916229627	-1.67162280077191	0.611306893561316	-0.839174222814178	0.460600207221172	-0.704573447230058	-0.428075368025376	-0.822906128695298	-0.195916251419052	-0.552428769790195	-0.338692153115389	0.320052021681068	-0.206664255987375	-0.466699871215895	0.634130916795062	-0.149907947214405	-0.499749937468731	0.765972770870018	1
-0.45879666899427	0.505605258616974	1.3433419081684	-0.272930584733169	0.5664475876156	-0.317800225445056	0.449101755661322	-0.765594182467354	-0.340884529431388	-1.10289962281863	0.460600207221172	1.02656524375289	-0.428075368025376	-0.822906128695298	-0.195916251419052	-0.552428769790195	-0.338692153115389	0.320052021681068	-0.206664255987375	-0.466699871215895	0.634130916795062	-0.149907947214405	1.99899974987492	-1.30422390715706	1
1.13148641244168	-0.489517441629653	-0.503176178661015	0.116414043987471	-0.699357077447193	1.33740928208128	-0.963167916229627	-0.765594182467354	0.611306893561316	1.62226284389408	-2.37386260644758	-0.704573447230058	-0.428075368025376	1.21399022946138	-0.195916251419052	-0.552428769790195	-0.338692153115389	0.320052021681068	-0.206664255987375	2.14056197915223	-1.57538447273477	-0.149907947214405	-0.499749937468731	-1.30422390715706	1
1.13148641244168	1.74950863392526	-0.503176178661015	1.39063282889138	1.83225225267839	0.509804528318111	1.86137142755227	1.04646305414177	-0.340884529431388	-0.575448822809723	0.460600207221172	-0.704573447230058	-0.428075368025376	1.21399022946138	-0.195916251419052	-0.552428769790195	-0.338692153115389	0.320052021681068	-0.206664255987375	2.14056197915223	-1.57538447273477	-0.149907947214405	-0.499749937468731	0.765972770870018	1
-1.25393820971224	-0.821225008378529	1.3433419081684	0.222598942729464	-0.699357077447193	-0.317800225445056	0.449101755661322	-0.765594182467354	-1.29307595242409	0.391544310539949	0.460600207221172	1.02656524375289	2.33370119988027	-0.822906128695298	-0.195916251419052	1.80837793871491	-0.338692153115389	0.320052021681068	-0.206664255987375	-0.466699871215895	0.634130916795062	-0.149907947214405	1.99899974987492	-1.30422390715706	1
-0.45879666899427	-0.489517441629653	-0.503176178661015	-0.626880247206478	-0.0664547449157966	-0.317800225445056	0.449101755661322	-0.765594182467354	-1.29307595242409	-1.19080808948679	0.460600207221172	-0.704573447230058	-0.428075368025376	-0.822906128695298	-0.195916251419052	-0.552428769790195	-0.338692153115389	-3.1213675662874	-0.206664255987375	-0.466699871215895	0.634130916795062	-0.149907947214405	-0.499749937468731	0.765972770870018	1
1.13148641244168	0.256824583555317	-0.503176178661015	1.46142276138605	-0.699357077447193	-0.317800225445056	0.449101755661322	1.04646305414177	-0.340884529431388	0.655269710544405	0.460600207221172	-0.704573447230058	2.33370119988027	-0.822906128695298	-0.195916251419052	1.80837793871491	-0.338692153115389	0.320052021681068	-0.206664255987375	-0.466699871215895	0.634130916795062	-0.149907947214405	1.99899974987492	-1.30422390715706	1
-1.25393820971224	0.256824583555317	-1.42643522207572	-0.73306514594847	-0.699357077447193	-1.97300973297139	-0.963167916229627	1.04646305414177	1.56349831655402	-0.575448822809723	0.460600207221172	1.02656524375289	-0.428075368025376	-0.822906128695298	-0.195916251419052	1.80837793871491	-0.338692153115389	-3.1213675662874	4.83392735346079	2.14056197915223	-1.57538447273477	6.66408965344035	-0.499749937468731	-1.30422390715706	1
-1.25393820971224	3.2421926842952	-0.503176178661015	1.42602779513872	-0.699357077447193	1.33740928208128	0.449101755661322	1.04646305414177	1.56349831655402	0.039910443867341	0.460600207221172	-0.704573447230058	-0.428075368025376	-0.822906128695298	-0.195916251419052	-0.552428769790195	-0.338692153115389	-3.1213675662874	4.83392735346079	2.14056197915223	-1.57538447273477	-0.149907947214405	-0.499749937468731	0.765972770870018	1
1.13148641244168	0.754385933678631	1.3433419081684	-0.166745685991176	-0.699357077447193	-0.317800225445056	-0.963167916229627	-0.765594182467354	0.611306893561316	-0.223814956137115	0.460600207221172	-0.704573447230058	-0.428075368025376	1.21399022946138	-0.195916251419052	-0.552428769790195	-0.338692153115389	0.320052021681068	-0.206664255987375	-0.466699871215895	0.634130916795062	-0.149907947214405	-0.499749937468731	0.765972770870018	1
0.336344871723703	0.256824583555317	-0.503176178661015	-0.697670179701139	0.5664475876156	-0.317800225445056	-0.963167916229627	0.140434435837207	0.611306893561316	1.88598824389853	0.460600207221172	-0.704573447230058	-0.428075368025376	-0.822906128695298	-0.195916251419052	-0.552428769790195	-0.338692153115389	0.320052021681068	-0.206664255987375	-0.466699871215895	0.634130916795062	-0.149907947214405	1.99899974987492	-1.30422390715706	1
-0.45879666899427	-1.23585946681462	-0.503176178661015	-0.874645010937794	-0.699357077447193	-0.317800225445056	-0.963167916229627	0.140434435837207	-1.29307595242409	2.5013475105756	0.460600207221172	-0.704573447230058	-0.428075368025376	-0.822906128695298	-0.195916251419052	-0.552428769790195	-0.338692153115389	-3.1213675662874	-0.206664255987375	-0.466699871215895	0.634130916795062	-0.149907947214405	-0.499749937468731	0.765972770870018	1
-0.45879666899427	-0.240736766567997	0.420082864753691	-0.308325550980499	1.83225225267839	1.33740928208128	0.449101755661322	-0.765594182467354	-0.340884529431388	0.567361243876253	0.460600207221172	1.02656524375289	-0.428075368025376	-0.822906128695298	-0.195916251419052	-0.552428769790195	-0.338692153115389	0.320052021681068	-0.206664255987375	-0.466699871215895	0.634130916795062	-0.149907947214405	-0.499749937468731	0.765972770870018	1
1.13148641244168	0.256824583555317	0.420082864753691	-0.272930584733169	-0.699357077447193	1.33740928208128	0.449101755661322	1.04646305414177	0.611306893561316	1.00690357721701	0.460600207221172	1.02656524375289	2.33370119988027	-0.822906128695298	-0.195916251419052	1.80837793871491	-0.338692153115389	0.320052021681068	-0.206664255987375	-0.466699871215895	0.634130916795062	-0.149907947214405	1.99899974987492	-1.30422390715706	1
-0.45879666899427	-0.489517441629653	-1.42643522207572	-0.697670179701139	-0.0664547449157966	-0.317800225445056	1.86137142755227	-0.765594182467354	-0.340884529431388	-0.92708268948233	0.460600207221172	-0.704573447230058	-0.428075368025376	-0.822906128695298	-0.195916251419052	1.80837793871491	-0.338692153115389	0.320052021681068	-0.206664255987375	2.14056197915223	-1.57538447273477	-0.149907947214405	-0.499749937468731	0.765972770870018	1
-0.45879666899427	0.754385933678631	1.3433419081684	1.81537242385935	-0.699357077447193	0.509804528318111	0.449101755661322	-0.765594182467354	-0.340884529431388	1.18272051055332	0.460600207221172	-0.704573447230058	-0.428075368025376	-0.822906128695298	-0.195916251419052	-0.552428769790195	-0.338692153115389	0.320052021681068	-0.206664255987375	-0.466699871215895	0.634130916795062	-0.149907947214405	-0.499749937468731	0.765972770870018	1
1.13148641244168	2.24706998404857	-0.503176178661015	0.541153638955442	-0.699357077447193	-1.97300973297139	0.449101755661322	-0.765594182467354	0.611306893561316	-0.223814956137115	-2.37386260644758	-0.704573447230058	-0.428075368025376	1.21399022946138	-0.195916251419052	-0.552428769790195	-0.338692153115389	0.320052021681068	-0.206664255987375	2.14056197915223	-1.57538447273477	-0.149907947214405	-0.499749937468731	-1.30422390715706	1
0.336344871723703	0.00804390849366035	-0.503176178661015	-0.131350719743845	-0.0664547449157966	-0.317800225445056	-0.963167916229627	-1.67162280077191	0.611306893561316	-0.663357289477875	-2.37386260644758	-0.704573447230058	-0.428075368025376	1.21399022946138	-0.195916251419052	1.80837793871491	-0.338692153115389	0.320052021681068	-0.206664255987375	-0.466699871215895	0.634130916795062	-0.149907947214405	-0.499749937468731	-1.30422390715706	1
-1.25393820971224	1.25194728380194	-0.503176178661015	1.74458249136469	-0.699357077447193	-0.317800225445056	0.449101755661322	-0.765594182467354	-0.340884529431388	-0.839174222814178	0.460600207221172	-0.704573447230058	2.33370119988027	-0.822906128695298	-0.195916251419052	-0.552428769790195	2.94958117810198	0.320052021681068	-0.206664255987375	-0.466699871215895	0.634130916795062	-0.149907947214405	-0.499749937468731	0.765972770870018	1
1.13148641244168	0.256824583555317	1.3433419081684	-0.449905415969823	-0.699357077447193	0.509804528318111	0.449101755661322	-0.765594182467354	-0.340884529431388	-0.487540356141571	0.460600207221172	1.02656524375289	-0.428075368025376	-0.822906128695298	-0.195916251419052	-0.552428769790195	-0.338692153115389	0.320052021681068	-0.206664255987375	-0.466699871215895	0.634130916795062	-0.149907947214405	1.99899974987492	-1.30422390715706	1
-1.25393820971224	-0.489517441629653	1.3433419081684	-0.662275213453809	-0.699357077447193	-0.317800225445056	-0.963167916229627	0.140434435837207	-0.340884529431388	-0.92708268948233	0.460600207221172	1.02656524375289	-0.428075368025376	-0.822906128695298	-0.195916251419052	-0.552428769790195	-0.338692153115389	0.320052021681068	-0.206664255987375	2.14056197915223	-1.57538447273477	-0.149907947214405	-0.499749937468731	0.765972770870018	1
0.336344871723703	1.74950863392526	-2.34969426549043	1.07207813266541	-0.699357077447193	-1.14540497920822	-2.37543758812058	-1.67162280077191	-0.340884529431388	-0.223814956137115	0.460600207221172	1.02656524375289	-0.428075368025376	-0.822906128695298	-0.195916251419052	-0.552428769790195	-0.338692153115389	0.320052021681068	-0.206664255987375	-0.466699871215895	0.634130916795062	-0.149907947214405	-0.499749937468731	0.765972770870018	1
1.13148641244168	-0.655371225004091	-0.503176178661015	-0.662275213453809	-0.0664547449157966	-1.97300973297139	-0.963167916229627	1.04646305414177	-1.29307595242409	2.5013475105756	0.460600207221172	-0.704573447230058	-0.428075368025376	-0.822906128695298	-0.195916251419052	-0.552428769790195	-0.338692153115389	0.320052021681068	-0.206664255987375	-0.466699871215895	0.634130916795062	-0.149907947214405	-0.499749937468731	0.765972770870018	1
-1.25393820971224	0.256824583555317	-0.503176178661015	1.1782630314074	-0.699357077447193	-1.97300973297139	0.449101755661322	-0.765594182467354	1.56349831655402	-0.575448822809723	0.460600207221172	-0.704573447230058	-0.428075368025376	1.21399022946138	-0.195916251419052	-0.552428769790195	2.94958117810198	0.320052021681068	-0.206664255987375	-0.466699871215895	-1.57538447273477	-0.149907947214405	-0.499749937468731	-1.30422390715706	1
-0.45879666899427	0.256824583555317	1.3433419081684	-0.556090314711816	-0.699357077447193	1.33740928208128	0.449101755661322	-0.765594182467354	-0.340884529431388	1.09481204388516	0.460600207221172	1.02656524375289	-0.428075368025376	-0.822906128695298	-0.195916251419052	-0.552428769790195	-0.338692153115389	0.320052021681068	-0.206664255987375	-0.466699871215895	0.634130916795062	-0.149907947214405	1.99899974987492	-1.30422390715706	1
1.13148641244168	-0.73829811669131	1.3433419081684	0.116414043987471	1.83225225267839	-1.14540497920822	0.449101755661322	-1.67162280077191	-0.340884529431388	0.127818910535493	0.460600207221172	1.02656524375289	2.33370119988027	-0.822906128695298	-0.195916251419052	-0.552428769790195	-0.338692153115389	0.320052021681068	-0.206664255987375	-0.466699871215895	0.634130916795062	-0.149907947214405	1.99899974987492	-1.30422390715706	1
1.13148641244168	-0.489517441629653	-1.42643522207572	-0.591485280959147	-0.0664547449157966	1.33740928208128	0.449101755661322	1.04646305414177	0.611306893561316	-0.135906489468963	-2.37386260644758	-0.704573447230058	2.33370119988027	-0.822906128695298	-0.195916251419052	-0.552428769790195	-0.338692153115389	0.320052021681068	-0.206664255987375	-0.466699871215895	0.634130916795062	-0.149907947214405	1.99899974987492	-1.30422390715706	1
-1.25393820971224	-0.240736766567997	-0.503176178661015	-0.485300382217154	1.83225225267839	0.509804528318111	1.86137142755227	1.04646305414177	0.611306893561316	-1.10289962281863	0.460600207221172	1.02656524375289	-0.428075368025376	-0.822906128695298	-0.195916251419052	-0.552428769790195	-0.338692153115389	0.320052021681068	-0.206664255987375	2.14056197915223	-1.57538447273477	-0.149907947214405	1.99899974987492	-1.30422390715706	1
-1.25393820971224	1.25194728380194	-0.503176178661015	0.257993908976795	-0.699357077447193	-1.97300973297139	0.449101755661322	0.140434435837207	-0.340884529431388	-0.487540356141571	0.460600207221172	-0.704573447230058	-0.428075368025376	1.21399022946138	-0.195916251419052	-0.552428769790195	-0.338692153115389	0.320052021681068	-0.206664255987375	-0.466699871215895	0.634130916795062	-0.149907947214405	-0.499749937468731	-1.30422390715706	1
1.13148641244168	-0.73829811669131	-0.503176178661015	-0.308325550980499	1.83225225267839	1.33740928208128	0.449101755661322	0.140434435837207	0.611306893561316	1.27062897722147	0.460600207221172	-0.704573447230058	-0.428075368025376	1.21399022946138	-0.195916251419052	1.80837793871491	-0.338692153115389	0.320052021681068	-0.206664255987375	-0.466699871215895	0.634130916795062	-0.149907947214405	-0.499749937468731	0.765972770870018	1
1.13148641244168	-0.73829811669131	-0.503176178661015	-0.556090314711816	-0.699357077447193	0.509804528318111	-0.963167916229627	1.04646305414177	-1.29307595242409	-0.399631889473419	0.460600207221172	-0.704573447230058	-0.428075368025376	-0.822906128695298	-0.195916251419052	-0.552428769790195	-0.338692153115389	0.320052021681068	-0.206664255987375	-0.466699871215895	0.634130916795062	-0.149907947214405	1.99899974987492	-1.30422390715706	1
-1.25393820971224	0.754385933678631	-0.503176178661015	0.222598942729464	-0.699357077447193	-0.317800225445056	-2.37543758812058	1.04646305414177	-0.340884529431388	0.391544310539949	0.460600207221172	-0.704573447230058	-0.428075368025376	1.21399022946138	-0.195916251419052	-0.552428769790195	2.94958117810198	0.320052021681068	-0.206664255987375	-0.466699871215895	0.634130916795062	-0.149907947214405	-0.499749937468731	-1.30422390715706	1
1.13148641244168	-0.73829811669131	-0.503176178661015	-0.874645010937794	-0.699357077447193	1.33740928208128	0.449101755661322	1.04646305414177	0.611306893561316	0.215727377203645	0.460600207221172	-0.704573447230058	-0.428075368025376	-0.822906128695298	-0.195916251419052	-0.552428769790195	-0.338692153115389	0.320052021681068	-0.206664255987375	-0.466699871215895	0.634130916795062	-0.149907947214405	-0.499749937468731	0.765972770870018	1
-1.25393820971224	1.99828930898692	-0.503176178661015	-0.520695348464485	-0.699357077447193	-0.317800225445056	0.449101755661322	1.04646305414177	1.56349831655402	-1.10289962281863	0.460600207221172	-0.704573447230058	-0.428075368025376	1.21399022946138	-0.195916251419052	-0.552428769790195	-0.338692153115389	0.320052021681068	-0.206664255987375	-0.466699871215895	-1.57538447273477	-0.149907947214405	-0.499749937468731	0.765972770870018	1
-0.45879666899427	1.99828930898692	1.3433419081684	0.47036370646078	-0.0664547449157966	-1.97300973297139	0.449101755661322	1.04646305414177	0.611306893561316	-0.751265756146026	0.460600207221172	-0.704573447230058	-0.428075368025376	-0.822906128695298	-0.195916251419052	-0.552428769790195	2.94958117810198	0.320052021681068	-0.206664255987375	-0.466699871215895	0.634130916795062	-0.149907947214405	-0.499749937468731	0.765972770870018	1
