0.688237965811639	-0.800471150903241	1.34613411167254	0.542556379773789	-0.915618062438541	-0.347712711743811	-0.190767443175292	-1.0467445721734	-0.863569958272444	-0.493528602678215	1.08711959884723	0.237655250596322	-0.488004456732962	0.0373532937368686	1
-1.45088003603535	-0.750695868472776	0.450221346795191	0.542556379773789	0.170374998296471	-0.347712711743811	-0.615089669788576	-1.0467445721734	-0.863569958272444	-0.493528602678215	-0.91852885891905	0.237655250596322	-0.139489974953686	-0.195271683820164	1
-1.45088003603535	-0.167734509838012	-0.604384486300341	-1.78268524782816	-0.915618062438541	-0.347712711743811	-0.290871630439694	-1.0467445721734	-0.863569958272444	-0.493528602678215	1.08711959884723	0.237655250596322	0.557538988604866	-0.195271683820164	1
-1.45088003603535	-0.83506075394814	1.35416920373422	-1.78268524782816	-0.644119797254788	-0.849641103173162	-0.664394717247162	0.95395834970928	1.15630553734785	1.76847749293027	1.08711959884723	0.237655250596322	-1.06886192636509	-0.195271683820164	1
0.688237965811639	-0.961608082161185	0.685247789599338	0.542556379773789	-0.372621532071035	-0.347712711743811	-0.0787105171330516	0.95395834970928	1.15630553734785	2.38538824627804	-0.91852885891905	0.237655250596322	-0.720347444585813	-0.164945985425765	1
-1.45088003603535	-1.32775168512426	-0.838406542596778	0.542556379773789	0.170374998296471	1.66000085397359	-0.2161670130782	0.95395834970928	1.15630553734785	-0.0822547671130358	-0.91852885891905	0.237655250596322	-0.488004456732962	-0.195271683820164	1
0.688237965811639	-1.19361151721844	0.349782696024188	0.542556379773789	-1.18711632762229	-0.347712711743811	-0.627042408566415	-1.0467445721734	-0.863569958272444	-0.493528602678215	-0.91852885891905	0.237655250596322	-0.720347444585813	-0.176078203823709	1
-1.45088003603535	2.28644000864032	-0.0600069991215044	0.542556379773789	0.98486979384773	1.66000085397359	0.244013429868601	0.95395834970928	1.15630553734785	0.740292904017322	-0.91852885891905	0.237655250596322	-0.819093214423275	-0.0877881958400167	1
0.688237965811639	-0.315373059419898	-0.755042462456845	-1.78268524782816	-1.45861459280605	1.66000085397359	0.232060691090762	-1.0467445721734	-0.863569958272444	-0.493528602678215	-0.91852885891905	0.237655250596322	-0.0465527798125458	-0.0922026962392013	1
-1.45088003603535	2.04009454305226	0.466291530918551	0.542556379773789	-0.915618062438541	1.66000085397359	1.35262995151317	0.95395834970928	1.15630553734785	0.123382150669554	1.08711959884723	0.237655250596322	-0.488004456732962	-0.185674943821936	1
0.688237965811639	0.162975841225415	-0.604384486300341	0.542556379773789	1.79936458939899	1.66000085397359	0.680288395259725	0.95395834970928	1.15630553734785	0.329019068452143	1.08711959884723	0.237655250596322	0.400707471804192	-0.0307835602505459	1
0.688237965811639	0.831145734190297	0.0484667437111789	0.542556379773789	0.98486979384773	1.66000085397359	0.829697629982712	0.95395834970928	1.15630553734785	0.740292904017322	1.08711959884723	0.237655250596322	1.66116818090591	-0.195271683820164	1
0.688237965811639	-0.919425639423503	-0.704823137071344	-1.78268524782816	0.170374998296471	1.66000085397359	-0.253519321758947	0.95395834970928	1.15630553734785	0.123382150669554	1.08711959884723	0.237655250596322	-0.255661468880112	-0.154965375827608	1
0.688237965811639	0.282773978600432	0.0484667437111789	0.542556379773789	1.79936458939899	1.66000085397359	1.57674380359765	0.95395834970928	1.15630553734785	0.740292904017322	1.08711959884723	0.237655250596322	-1.06886192636509	-0.00333688385561554	1
0.688237965811639	2.27884716894754	-0.411542276820015	0.542556379773789	0.170374998296471	-0.347712711743811	0.057251886464867	-1.0467445721734	-0.863569958272444	-0.493528602678215	1.08711959884723	0.237655250596322	0.789881976457717	-0.195271683820164	1
0.688237965811639	1.39301587145622	0.257379137314865	0.542556379773789	-0.915618062438541	-0.347712711743811	-0.652441978469323	-1.0467445721734	-0.863569958272444	-0.493528602678215	-0.91852885891905	0.237655250596322	-1.06886192636509	0.321032928084471	1
0.688237965811639	-0.167734509838012	-0.0519719070598242	0.542556379773789	0.441873263480224	-0.347712711743811	1.57674380359765	0.95395834970928	1.15630553734785	-0.0822547671130358	1.08711959884723	0.237655250596322	0.84796772342093	-0.195271683820164	1
-1.45088003603535	-1.06706418900539	0.851975949879203	0.542556379773789	-0.372621532071035	-0.347712711743811	-0.440280865162681	0.95395834970928	1.15630553734785	-0.0822547671130358	-0.91852885891905	0.237655250596322	-0.557707353088818	-0.0818382170411157	1
0.688237965811639	-0.975950112691997	-0.704823137071344	-1.78268524782816	-0.915618062438541	-0.347712711743811	-0.627042408566415	-1.0467445721734	-0.863569958272444	-0.493528602678215	-0.91852885891905	0.237655250596322	-0.255661468880112	-0.194503944620305	1
-1.45088003603535	-0.771787089841617	0.182050149236613	0.542556379773789	0.98486979384773	-0.347712711743811	0.108051026270683	0.95395834970928	1.15630553734785	0.945929821799911	-0.91852885891905	0.237655250596322	-0.319555790539646	0.429859959664369	1
-1.45088003603535	-0.286688998358274	-0.838406542596778	0.542556379773789	-0.372621532071035	-0.347712711743811	-0.652441978469323	-1.0467445721734	-0.863569958272444	-0.493528602678215	-0.91852885891905	0.237655250596322	0.441367494678441	-0.00256914465575735	1
-1.45088003603535	-1.04597296763655	-0.838406542596778	-1.78268524782816	-0.372621532071035	-0.347712711743811	-0.489585912621267	0.95395834970928	-0.863569958272444	-0.493528602678215	1.08711959884723	0.237655250596322	-0.139489974953686	-0.195271683820164	1
0.688237965811639	0.810054512821456	-0.687748566440273	0.542556379773789	-1.45861459280605	-0.347712711743811	-0.615089669788576	-1.0467445721734	-0.863569958272444	-0.493528602678215	-0.91852885891905	0.237655250596322	-0.093021377383116	-0.195271683820164	1
0.688237965811639	0.844644115866355	-0.604384486300341	0.542556379773789	-0.915618062438541	-0.347712711743811	-0.601642838663508	0.95395834970928	-0.863569958272444	-0.493528602678215	-0.91852885891905	0.237655250596322	-0.139489974953686	-0.195271683820164	1
0.688237965811639	-1.01813255542968	0.969489171281277	0.542556379773789	-0.372621532071035	-0.347712711743811	-0.428328126384842	-1.0467445721734	-0.863569958272444	-0.493528602678215	-0.91852885891905	0.237655250596322	-0.604175950659388	-0.128094503832572	1
0.688237965811639	0.0997021771188921	-0.654603811685842	0.542556379773789	1.52786632421524	1.66000085397359	0.9791068647057	0.95395834970928	1.15630553734785	0.123382150669554	1.08711959884723	0.237655250596322	-1.06886192636509	-0.195271683820164	1
0.688237965811639	-0.765037899003588	-0.9308101013061	-1.78268524782816	-0.915618062438541	-0.347712711743811	-0.627042408566415	-1.0467445721734	-0.863569958272444	-0.493528602678215	-0.91852885891905	0.237655250596322	0.0928530128991647	-0.181836247822645	1
0.688237965811639	0.135135429018545	-0.345252767311153	-1.78268524782816	0.170374998296471	1.66000085397359	-0.0548050395773736	0.95395834970928	1.15630553734785	-0.287891684895625	1.08711959884723	0.237655250596322	-0.0233184810272608	3.26473695514074	1
-1.45088003603535	-0.0757767846698646	1.45460785450522	0.542556379773789	0.170374998296471	-0.347712711743811	-0.0667577783552126	0.95395834970928	1.15630553734785	-0.287891684895625	-0.91852885891905	0.237655250596322	0.20902450682559	-0.191624922620837	1
0.688237965811639	-0.716106265427877	-0.453726510143836	0.542556379773789	0.170374998296471	-0.347712711743811	-0.34017667789828	0.95395834970928	1.15630553734785	1.76847749293027	1.08711959884723	0.237655250596322	-0.720347444585813	0.223913919302409	1
0.688237965811639	-0.38539591436445	-0.805261787842347	0.542556379773789	0.170374998296471	1.66000085397359	0.605583777898231	0.95395834970928	1.15630553734785	0.123382150669554	1.08711959884723	0.237655250596322	0.743413378887147	-0.166481463825481	1
-1.45088003603535	-0.940516860792344	1.15329190219221	-1.78268524782816	1.79936458939899	1.66000085397359	-0.664394717247162	-1.0467445721734	-0.863569958272444	-0.493528602678215	1.08711959884723	0.237655250596322	-0.174341423131614	-0.189129770221298	1
0.688237965811639	1.75156663472652	-0.679713474378593	-1.78268524782816	0.170374998296471	1.66000085397359	2.16242800371176	0.95395834970928	-0.863569958272444	-0.493528602678215	1.08711959884723	0.237655250596322	0.0928530128991647	-0.176078203823709	1
0.688237965811639	-0.716106265427877	1.35416920373422	0.542556379773789	0.441873263480224	1.66000085397359	-0.0294054696744657	0.95395834970928	1.15630553734785	1.76847749293027	1.08711959884723	0.237655250596322	0.615624735568079	-0.140762200630232	1
0.688237965811639	0.95010022271056	-0.704823137071344	0.542556379773789	-0.101123266887282	-0.347712711743811	3.48171154631574	-1.0467445721734	1.15630553734785	-0.287891684895625	1.08711959884723	0.237655250596322	0.975756366739998	-0.173774986224134	1
0.688237965811639	3.6497765579222	2.86074896529926	-1.78268524782816	-1.7301128579898	-1.85349788603186	-0.652441978469323	-1.0467445721734	1.15630553734785	-0.0822547671130358	-0.91852885891905	0.237655250596322	-1.06886192636509	-0.127902569032607	1
0.688237965811639	-0.554125685315178	1.55504650527622	0.542556379773789	-0.372621532071035	-0.347712711743811	0.232060691090762	0.95395834970928	-0.863569958272444	-0.493528602678215	1.08711959884723	-3.1089186863723	-0.952690432438664	-0.195271683820164	1
0.688237965811639	0.675914344915627	1.83928788695816	0.542556379773789	0.441873263480224	-0.347712711743811	1.91291458172437	0.95395834970928	1.15630553734785	0.740292904017322	1.08711959884723	0.237655250596322	-0.662261697622601	-0.195271683820164	1
-1.45088003603535	1.36517545924935	0.651098648337197	0.542556379773789	0.170374998296471	-0.347712711743811	1.68880072963989	0.95395834970928	1.15630553734785	0.740292904017322	1.08711959884723	0.237655250596322	-1.06886192636509	0.0465661641351669	1
-1.45088003603535	1.33733504704248	-0.353287859372833	0.542556379773789	1.79936458939899	-0.347712711743811	3.48171154631574	0.95395834970928	1.15630553734785	-0.0822547671130358	1.08711959884723	0.237655250596322	1.94578834102565	0.131785215319426	1
0.688237965811639	-0.708513425735094	-0.955919763998851	0.542556379773789	1.52786632421524	-0.347712711743811	-0.638995147344254	0.95395834970928	-0.863569958272444	-0.493528602678215	-0.91852885891905	0.237655250596322	-1.06886192636509	-0.195271683820164	1
0.688237965811639	-0.758288708165559	-0.654603811685842	-1.78268524782816	-0.372621532071035	-0.347712711743811	-0.503032743746336	-1.0467445721734	-0.863569958272444	-0.493528602678215	1.08711959884723	0.237655250596322	-0.371832962806537	-0.182412052222539	1
0.688237965811639	-0.406487135733291	-0.729932799764094	0.542556379773789	1.79936458939899	1.66000085397359	-0.290871630439694	0.95395834970928	-0.863569958272444	-0.493528602678215	-0.91852885891905	0.237655250596322	-1.06886192636509	0.821598886392012	1
0.688237965811639	2.67958037495552	-0.847446021166168	0.542556379773789	0.170374998296471	-0.347712711743811	-0.489585912621267	0.95395834970928	1.15630553734785	0.123382150669554	1.08711959884723	0.237655250596322	-0.0233184810272608	-0.195271683820164	1
0.688237965811639	-0.659581792159383	-0.872555683858919	-1.78268524782816	0.170374998296471	-0.347712711743811	-0.652441978469323	-1.0467445721734	1.15630553734785	-0.0822547671130358	-0.91852885891905	0.237655250596322	-0.325364365235967	-0.194120075020376	1
-1.45088003603535	-0.912676448585474	1.10307257680671	0.542556379773789	0.98486979384773	-0.347712711743811	-0.45223360394052	0.95395834970928	1.15630553734785	-0.0822547671130358	1.08711959884723	0.237655250596322	-0.784241766245347	-0.195271683820164	1
-1.45088003603535	-0.59630812805286	-0.604384486300341	-1.78268524782816	0.170374998296471	-0.347712711743811	-0.615089669788576	-1.0467445721734	-0.863569958272444	-0.493528602678215	-0.91852885891905	0.237655250596322	-0.302130066450682	-0.195271683820164	1
0.688237965811639	-1.29906762406264	-0.947884671937171	0.542556379773789	0.170374998296471	-0.347712711743811	-0.652441978469323	-1.0467445721734	-0.863569958272444	-0.493528602678215	-0.91852885891905	0.237655250596322	-1.06886192636509	-0.195271683820164	1
-1.45088003603535	-0.17448370067604	-0.554165160914839	-1.78268524782816	0.713371528663977	1.66000085397359	-0.0667577783552126	-1.0467445721734	-0.863569958272444	-0.493528602678215	-0.91852885891905	0.237655250596322	0.418133195893156	-0.192008792220766	1
-1.45088003603535	1.7937490774642	2.05723975913124	0.542556379773789	0.170374998296471	-0.347712711743811	0.9791068647057	0.95395834970928	1.15630553734785	2.38538824627804	-0.91852885891905	0.237655250596322	-1.06886192636509	0.226984876101842	1
0.688237965811639	0.0642689252192392	-0.25284920860183	0.542556379773789	-0.915618062438541	-0.347712711743811	-0.514985482524175	-1.0467445721734	-0.863569958272444	-0.493528602678215	1.08711959884723	0.237655250596322	0.278727403181445	-0.195271683820164	1
0.688237965811639	-0.884836036378605	-0.127300895138076	-1.78268524782816	-1.18711632762229	1.66000085397359	-0.652441978469323	-1.0467445721734	-0.863569958272444	-0.493528602678215	-0.91852885891905	0.237655250596322	-0.255661468880112	-0.176078203823709	1
0.688237965811639	-0.286688998358274	-0.9308101013061	-1.78268524782816	-0.915618062438541	-0.347712711743811	-0.638995147344254	-1.0467445721734	-0.863569958272444	-0.493528602678215	-0.91852885891905	0.237655250596322	0.185790208040305	0.207791396105387	1
0.688237965811639	-1.06031499816736	-0.604384486300341	-1.78268524782816	0.170374998296471	-0.347712711743811	0.033346408909189	-1.0467445721734	-0.863569958272444	-0.493528602678215	1.08711959884723	0.237655250596322	-0.418301560377107	-0.194120075020376	1
0.688237965811639	-0.336464280788739	-0.303068533987332	-1.78268524782816	0.98486979384773	1.66000085397359	0.85509719988562	-1.0467445721734	1.15630553734785	-0.0822547671130358	1.08711959884723	0.237655250596322	1.07450213657746	-0.195079749020199	1
0.688237965811639	-0.315373059419898	-0.654603811685842	0.542556379773789	0.441873263480224	-0.347712711743811	-0.0667577783552126	0.95395834970928	1.15630553734785	1.76847749293027	1.08711959884723	0.237655250596322	1.45205949183834	-0.188553965821404	1
0.688237965811639	0.71134759681528	0.349782696024188	0.542556379773789	-0.372621532071035	0.15421567968554	0.38146992581375	0.95395834970928	1.15630553734785	-0.287891684895625	-0.91852885891905	0.237655250596322	-1.06886192636509	-0.0993042838378896	1
-1.45088003603535	0.486093352596059	-0.453726510143836	0.542556379773789	-1.18711632762229	1.66000085397359	-0.601642838663508	-1.0467445721734	-0.863569958272444	-0.493528602678215	-0.91852885891905	0.237655250596322	0.441367494678441	-0.148055723028885	1
0.688237965811639	0.92225981050369	0.0313921730801084	-1.78268524782816	0.441873263480224	-0.347712711743811	0.281365738549348	0.95395834970928	-0.863569958272444	-0.493528602678215	1.08711959884723	0.237655250596322	-0.766816042156384	0.0814982977287147	1
0.688237965811639	2.12445942852763	1.50482717989072	0.542556379773789	-0.101123266887282	-0.347712711743811	-0.290871630439694	0.95395834970928	1.15630553734785	0.329019068452143	1.08711959884723	0.237655250596322	0.0928530128991647	-0.195271683820164	1
0.688237965811639	0.978784283772184	0.0484667437111789	0.542556379773789	-1.18711632762229	0.15421567968554	0.00794683900628114	-1.0467445721734	-0.863569958272444	-0.493528602678215	1.08711959884723	0.237655250596322	-0.24985289418379	-0.195271683820164	1
-1.45088003603535	-0.659581792159383	-0.813296879904027	0.542556379773789	0.441873263480224	-0.347712711743811	-0.589690099885669	-1.0467445721734	1.15630553734785	-0.287891684895625	1.08711959884723	0.237655250596322	0.325196000752016	-0.194503944620305	1
0.688237965811639	-1.10249744090504	-0.554165160914839	0.542556379773789	-1.18711632762229	-0.347712711743811	-0.2161670130782	0.95395834970928	1.15630553734785	-0.0822547671130358	-0.91852885891905	0.237655250596322	-0.371832962806537	-0.137691243830799	1
-1.45088003603535	0.781370451759832	-0.25284920860183	0.542556379773789	-1.18711632762229	0.15421567968554	-0.514985482524175	-1.0467445721734	-0.863569958272444	-0.493528602678215	-0.91852885891905	-3.1089186863723	5.66908472136759	-0.195271683820164	1
-1.45088003603535	-0.59630812805286	-0.855481113227848	0.542556379773789	0.98486979384773	1.66000085397359	-0.2161670130782	0.95395834970928	-0.863569958272444	-0.493528602678215	-0.91852885891905	0.237655250596322	0.557538988604866	-0.037117408649376	1
0.688237965811639	0.880077367766008	1.01066901809739	0.542556379773789	1.79936458939899	1.66000085397359	1.7142002995428	0.95395834970928	1.15630553734785	1.1515667395825	-0.91852885891905	0.237655250596322	-1.06886192636509	-0.195271683820164	1
-1.45088003603535	-1.01813255542968	-0.92277500924442	0.542556379773789	0.98486979384773	-0.347712711743811	-0.652441978469323	-1.0467445721734	-0.863569958272444	-0.493528602678215	1.08711959884723	0.237655250596322	1.13839645823699	-0.195271683820164	1
0.688237965811639	-0.849402784478952	1.35416920373422	0.542556379773789	-1.18711632762229	-0.347712711743811	-0.514985482524175	0.95395834970928	-0.863569958272444	-0.493528602678215	1.08711959884723	0.237655250596322	-0.488004456732962	-0.182220117422574	1
0.688237965811639	-0.0268451510941537	-0.386432614127264	0.542556379773789	-1.7301128579898	-1.85349788603186	-0.664394717247162	-1.0467445721734	1.15630553734785	0.534655986234733	-0.91852885891905	0.237655250596322	-0.0465527798125458	-0.16724920302534	1
0.688237965811639	-0.364304692995609	-0.637529241054772	0.542556379773789	1.52786632421524	1.66000085397359	-0.116062825813798	0.95395834970928	1.15630553734785	1.97411441071286	1.08711959884723	0.237655250596322	2.31753712159021	-0.0584221714454408	1
0.688237965811639	1.44954034472471	4.33418397210988	-1.78268524782816	-1.7301128579898	-1.85349788603186	-0.664394717247162	0.95395834970928	-0.863569958272444	-0.493528602678215	1.08711959884723	0.237655250596322	-1.06886192636509	-0.195271683820164	1
-1.45088003603535	-0.0968680060387056	-0.679713474378593	0.542556379773789	0.441873263480224	1.66000085397359	-0.652441978469323	-1.0467445721734	1.15630553734785	0.123382150669554	-0.91852885891905	0.237655250596322	-1.06886192636509	-0.188937835421333	1
0.688237965811639	-0.181232891514069	-0.704823137071344	0.542556379773789	0.441873263480224	-0.347712711743811	-0.141462395716706	-1.0467445721734	-0.863569958272444	-0.493528602678215	-0.91852885891905	0.237655250596322	0.0928530128991647	-0.195271683820164	1
0.688237965811639	-0.279939807520245	0.0565018357728591	-1.78268524782816	0.170374998296471	0.15421567968554	-0.2161670130782	0.95395834970928	1.15630553734785	1.1515667395825	1.08711959884723	0.237655250596322	-0.232427170094827	-0.193928140220412	1
0.688237965811639	0.732438818184121	3.36294221915428	0.542556379773789	0.713371528663977	2.16192924540294	5.31197467167233	0.95395834970928	1.15630553734785	1.76847749293027	-0.91852885891905	0.237655250596322	-1.06886192636509	0.0350500761372941	1
0.688237965811639	0.416070497651507	-0.102191232445326	0.542556379773789	0.98486979384773	-0.347712711743811	0.38146992581375	-1.0467445721734	-0.863569958272444	-0.493528602678215	-0.91852885891905	0.237655250596322	1.56823098576477	-0.185674943821936	1
0.688237965811639	-0.505194051739467	-0.888625867982279	0.542556379773789	-0.915618062438541	1.66000085397359	0.38146992581375	-1.0467445721734	-0.863569958272444	-0.493528602678215	1.08711959884723	0.237655250596322	0.906053470384143	-0.195271683820164	1
0.688237965811639	-0.146643288469171	-0.25284920860183	0.542556379773789	0.170374998296471	-0.347712711743811	-0.615089669788576	-1.0467445721734	-0.863569958272444	-0.493528602678215	-0.91852885891905	0.237655250596322	0.185790208040305	-0.195271683820164	1
0.688237965811639	-0.716106265427877	-0.955919763998851	0.542556379773789	-0.915618062438541	-0.347712711743811	-0.365576247801187	-1.0467445721734	1.15630553734785	1.76847749293027	-0.91852885891905	-3.1089186863723	-1.06886192636509	-0.195271683820164	1
-1.45088003603535	0.0507705435431812	-0.662638903747522	0.542556379773789	0.441873263480224	-0.347712711743811	-0.34017667789828	0.95395834970928	1.15630553734785	2.79666208184322	-0.91852885891905	0.237655250596322	-0.371832962806537	0.203760765306132	1
0.688237965811639	-0.539783654784366	-0.25284920860183	0.542556379773789	1.52786632421524	-0.347712711743811	-0.477633173843428	0.95395834970928	1.15630553734785	0.945929821799911	-0.91852885891905	0.237655250596322	-1.06886192636509	1.15959606912958	1
-1.45088003603535	0.303865199969273	-0.202629883216329	0.542556379773789	-1.7301128579898	-1.85349788603186	-0.664394717247162	-1.0467445721734	1.15630553734785	0.740292904017322	-0.91852885891905	0.237655250596322	-1.06886192636509	-0.156884723827254	1
-1.45088003603535	-1.09574825006701	1.05285325142121	0.542556379773789	-1.45861459280605	-0.347712711743811	-0.540385052427083	-1.0467445721734	-0.863569958272444	-0.493528602678215	-0.91852885891905	0.237655250596322	-0.604175950659388	-0.187210422221653	1
0.688237965811639	0.704598405977251	0.0484667437111789	0.542556379773789	-1.18711632762229	0.15421567968554	-0.601642838663508	-1.0467445721734	-0.863569958272444	-0.493528602678215	-0.91852885891905	0.237655250596322	2.12585415661161	-0.195271683820164	1
0.688237965811639	-0.687422204366253	-0.755042462456845	0.542556379773789	0.170374998296471	-0.347712711743811	-0.514985482524175	-1.0467445721734	-0.863569958272444	-0.493528602678215	1.08711959884723	-3.1089186863723	0.557538988604866	-0.195271683820164	1
0.688237965811639	0.5071845739649	-0.955919763998851	0.542556379773789	0.170374998296471	-0.347712711743811	-0.664394717247162	-1.0467445721734	-0.863569958272444	-0.493528602678215	-0.91852885891905	3.58422918756494	-8.41822419756658e-05	-0.195271683820164	1
-1.45088003603535	-0.575216906684019	1.78906856157266	0.542556379773789	0.98486979384773	1.66000085397359	-0.2161670130782	-1.0467445721734	-0.863569958272444	-0.493528602678215	-0.91852885891905	0.237655250596322	0.557538988604866	-0.195079749020199	1
-1.45088003603535	1.30190179514283	1.65548515604723	0.542556379773789	-1.18711632762229	0.15421567968554	0.879002677441298	0.95395834970928	1.15630553734785	1.35720365736509	1.08711959884723	0.237655250596322	-1.06886192636509	-0.195271683820164	1
0.688237965811639	0.219500314493909	0.0986860690966804	0.542556379773789	0.441873263480224	-0.347712711743811	-0.638995147344254	-1.0467445721734	-0.863569958272444	-0.493528602678215	1.08711959884723	0.237655250596322	0.615624735568079	-0.194120075020376	1
0.688237965811639	-0.792878311210458	-0.838406542596778	-1.78268524782816	-1.7301128579898	-1.85349788603186	-0.664394717247162	-1.0467445721734	-0.863569958272444	-0.493528602678215	-0.91852885891905	0.237655250596322	-0.488004456732962	-0.195271683820164	1
0.688237965811639	-0.322122250257927	-0.696788045009663	0.542556379773789	-0.915618062438541	1.66000085397359	-0.589690099885669	-1.0467445721734	-0.863569958272444	-0.493528602678215	1.08711959884723	-3.1089186863723	-0.255661468880112	-0.195271683820164	1
0.688237965811639	0.943351031872531	-0.135335987199757	0.542556379773789	-0.372621532071035	-0.347712711743811	-0.652441978469323	-1.0467445721734	-0.863569958272444	-0.493528602678215	-0.91852885891905	0.237655250596322	-0.441535859162392	-0.176078203823709	1
0.688237965811639	-0.244506555620592	1.95680110836024	0.542556379773789	-1.45861459280605	-0.347712711743811	-0.627042408566415	-1.0467445721734	-0.863569958272444	-0.493528602678215	-0.91852885891905	0.237655250596322	-1.06886192636509	-0.140378331030303	1
0.688237965811639	0.394979276282666	0.0484667437111789	0.542556379773789	0.170374998296471	0.15421567968554	0.0826514563677749	0.95395834970928	1.15630553734785	0.740292904017322	-0.91852885891905	0.237655250596322	-1.06886192636509	-0.124831612233174	1
-1.45088003603535	-1.13033785311191	1.05285325142121	-1.78268524782816	0.98486979384773	1.66000085397359	-0.615089669788576	-1.0467445721734	-0.863569958272444	-0.493528602678215	-0.91852885891905	0.237655250596322	0.906053470384143	-0.195271683820164	1
0.688237965811639	-0.870494005847792	-0.654603811685842	0.542556379773789	0.441873263480224	-0.347712711743811	-0.2161670130782	-1.0467445721734	-0.863569958272444	-0.493528602678215	-0.91852885891905	0.237655250596322	-0.197575721916899	-0.193736205420447	1
-1.45088003603535	0.620233520501887	-0.621459056931411	0.542556379773789	-0.372621532071035	-0.347712711743811	-0.589690099885669	-1.0467445721734	-0.863569958272444	-0.493528602678215	-0.91852885891905	0.237655250596322	-1.06886192636509	-0.12041711183399	1
0.688237965811639	0.0220864824815572	-0.947884671937171	-1.78268524782816	-0.101123266887282	-0.347712711743811	-0.652441978469323	-1.0467445721734	-0.863569958272444	-0.493528602678215	-0.91852885891905	0.237655250596322	-1.06886192636509	-0.195271683820164	1
-1.45088003603535	-1.20120435691122	0.952414600650206	0.542556379773789	-0.372621532071035	-0.347712711743811	-0.141462395716706	-1.0467445721734	1.15630553734785	1.56284057514768	1.08711959884723	0.237655250596322	-1.06886192636509	-0.193352335820518	1
-1.45088003603535	-0.940516860792344	-0.788187217211276	0.542556379773789	0.98486979384773	-0.347712711743811	-0.190767443175292	0.95395834970928	1.15630553734785	-0.287891684895625	-0.91852885891905	0.237655250596322	-1.06886192636509	-0.195271683820164	1
-1.45088003603535	0.633731902177945	-0.152410557830827	0.542556379773789	0.170374998296471	-0.347712711743811	0.232060691090762	-1.0467445721734	-0.863569958272444	-0.493528602678215	-0.91852885891905	0.237655250596322	1.71925392786912	-0.195271683820164	1
0.688237965811639	0.599142299133047	-0.91373553067503	0.542556379773789	-0.915618062438541	-0.347712711743811	-0.638995147344254	0.95395834970928	-0.863569958272444	-0.493528602678215	1.08711959884723	0.237655250596322	0.557538988604866	-0.195271683820164	1
0.688237965811639	-0.328871441095956	1.80614313220373	0.542556379773789	0.441873263480224	-0.347712711743811	1.05381148206719	0.95395834970928	-0.863569958272444	-0.493528602678215	1.08711959884723	0.237655250596322	1.75991395074337	-0.0993042838378896	1
0.688237965811639	-0.322122250257927	-0.838406542596778	-1.78268524782816	1.52786632421524	-0.347712711743811	-0.589690099885669	0.95395834970928	1.15630553734785	-0.0822547671130358	-0.91852885891905	0.237655250596322	0.441367494678441	-0.0993042838378896	1
0.688237965811639	-1.06031499816736	-0.955919763998851	-1.78268524782816	-1.7301128579898	-1.85349788603186	-0.664394717247162	-1.0467445721734	1.15630553734785	0.329019068452143	-0.91852885891905	0.237655250596322	-0.807476065030632	-0.195079749020199	1
-1.45088003603535	-0.554125685315178	-0.780152125149596	0.542556379773789	1.79936458939899	1.66000085397359	-0.353623509023348	0.95395834970928	-0.863569958272444	-0.493528602678215	1.08711959884723	0.237655250596322	-0.139489974953686	0.929466243972088	1
0.688237965811639	-0.328871441095956	-0.554165160914839	0.542556379773789	1.79936458939899	1.66000085397359	-0.365576247801187	0.95395834970928	1.15630553734785	0.329019068452143	-0.91852885891905	0.237655250596322	-0.255661468880112	1.25268444711239	1
0.688237965811639	-0.786129120372429	0.851975949879203	0.542556379773789	-0.372621532071035	-0.347712711743811	-0.638995147344254	-1.0467445721734	-0.863569958272444	-0.493528602678215	-0.91852885891905	0.237655250596322	-1.06886192636509	-0.195271683820164	1
-1.45088003603535	1.54065442103811	1.7729983774493	0.542556379773789	-0.915618062438541	1.66000085397359	1.87556227304362	0.95395834970928	-0.863569958272444	-0.493528602678215	1.08711959884723	0.237655250596322	-1.06886192636509	-0.195271683820164	1
0.688237965811639	0.0642689252192392	-0.453726510143836	0.542556379773789	0.170374998296471	-0.347712711743811	-0.290871630439694	-1.0467445721734	-0.863569958272444	-0.493528602678215	1.08711959884723	0.237655250596322	0.557538988604866	-0.195271683820164	1
0.688237965811639	0.563709047233393	1.07796291411396	-1.78268524782816	-0.915618062438541	-0.347712711743811	-0.627042408566415	-1.0467445721734	-0.863569958272444	-0.493528602678215	-0.91852885891905	0.237655250596322	-0.139489974953686	-0.195271683820164	1
0.688237965811639	1.3297422073497	0.349782696024188	0.542556379773789	0.170374998296471	-0.347712711743811	-0.365576247801187	-1.0467445721734	-0.863569958272444	-0.493528602678215	1.08711959884723	0.237655250596322	-1.06886192636509	-0.151510549428247	1
0.688237965811639	-0.315373059419898	-0.152410557830827	-1.78268524782816	-1.18711632762229	1.66000085397359	1.05381148206719	0.95395834970928	1.15630553734785	-0.0822547671130358	1.08711959884723	0.237655250596322	-0.633218824140994	-0.195271683820164	1
-1.45088003603535	0.352796833544984	-0.772117033087916	0.542556379773789	-0.372621532071035	-0.347712711743811	-0.440280865162681	0.95395834970928	1.15630553734785	0.329019068452143	-0.91852885891905	0.237655250596322	-1.06886192636509	0.108561104523716	1
0.688237965811639	0.169725032063444	-0.90570043861335	0.542556379773789	-1.18711632762229	0.15421567968554	0.530879160536737	-1.0467445721734	-0.863569958272444	-0.493528602678215	1.08711959884723	-3.1089186863723	1.37073944608984	-0.195271683820164	1
0.688237965811639	0.211907474801126	-0.939849579875491	-1.78268524782816	-0.101123266887282	0.15421567968554	-0.652441978469323	0.95395834970928	1.15630553734785	-0.287891684895625	1.08711959884723	0.237655250596322	0.557538988604866	0.188597916108932	1
-1.45088003603535	-0.912676448585474	1.12014714743778	0.542556379773789	1.52786632421524	1.66000085397359	-0.564290529982761	0.95395834970928	1.15630553734785	-0.287891684895625	1.08711959884723	0.237655250596322	-0.604175950659388	-0.185674943821936	1
0.688237965811639	0.135135429018545	-0.755042462456845	0.542556379773789	1.79936458939899	-0.347712711743811	-0.440280865162681	0.95395834970928	1.15630553734785	0.945929821799911	1.08711959884723	0.237655250596322	0.906053470384143	0.586094886835511	1
0.688237965811639	-0.743946677634747	1.25373055296322	0.542556379773789	0.98486979384773	-0.347712711743811	0.0826514563677749	0.95395834970928	1.15630553734785	0.945929821799911	1.08711959884723	0.237655250596322	-0.488004456732962	-0.0399964306488442	1
0.688237965811639	1.44954034472471	0.7515372991082	0.542556379773789	0.170374998296471	1.66000085397359	3.07083615082752	0.95395834970928	1.15630553734785	1.35720365736509	-0.91852885891905	0.237655250596322	-0.0175099063309395	0.122380410121163	1
0.688237965811639	0.760279230390991	0.0484667437111789	0.542556379773789	0.170374998296471	-0.347712711743811	0.829697629982712	0.95395834970928	1.15630553734785	0.945929821799911	-0.91852885891905	0.237655250596322	-1.06886192636509	0.393008478071176	1
0.688237965811639	-0.919425639423503	-0.788187217211276	-1.78268524782816	0.170374998296471	-0.347712711743811	-0.0667577783552126	-1.0467445721734	-0.863569958272444	-0.493528602678215	1.08711959884723	-3.1089186863723	0.325196000752016	-0.195271683820164	1
-1.45088003603535	0.605891489971075	-0.654603811685842	0.542556379773789	-1.7301128579898	-1.85349788603186	-0.664394717247162	-1.0467445721734	-0.863569958272444	-0.493528602678215	-0.91852885891905	0.237655250596322	-0.627410249444673	-0.195271683820164	1
-1.45088003603535	2.1522998407345	2.96118761607027	0.542556379773789	0.170374998296471	-0.347712711743811	0.9791068647057	0.95395834970928	1.15630553734785	0.945929821799911	-0.91852885891905	0.237655250596322	-1.06886192636509	0.38053271607348	1
-1.45088003603535	-0.0268451510941537	-0.202629883216329	0.542556379773789	1.52786632421524	1.66000085397359	-0.477633173843428	0.95395834970928	1.15630553734785	1.35720365736509	1.08711959884723	0.237655250596322	-0.0175099063309395	-0.195271683820164	1
0.688237965811639	-0.80722034174127	-0.797226695780666	0.542556379773789	0.441873263480224	-0.347712711743811	-0.57773736110783	-1.0467445721734	1.15630553734785	-0.287891684895625	-0.91852885891905	0.237655250596322	1.37073944608984	-0.140954135430196	1
-1.45088003603535	2.2577559475787	1.05285325142121	0.542556379773789	0.98486979384773	-0.347712711743811	0.530879160536737	0.95395834970928	1.15630553734785	2.38538824627804	-0.91852885891905	0.237655250596322	-1.06886192636509	0.112207865723042	1
0.688237965811639	-0.223415334251751	-0.880590775920599	0.542556379773789	0.170374998296471	-0.347712711743811	-0.57773736110783	-1.0467445721734	-0.863569958272444	-0.493528602678215	-0.91852885891905	0.237655250596322	0.20902450682559	-0.168400811825127	1
-1.45088003603535	1.21753690966746	-0.152410557830827	0.542556379773789	-0.644119797254788	-0.849641103173162	-0.664394717247162	0.95395834970928	-0.863569958272444	-0.493528602678215	-0.91852885891905	0.237655250596322	-0.488004456732962	-0.0110142758541975	1
0.688237965811639	-0.891585227216633	-0.353287859372833	-1.78268524782816	-1.45861459280605	-0.347712711743811	-0.34017667789828	0.95395834970928	1.15630553734785	1.1515667395825	1.08711959884723	0.237655250596322	-0.139489974953686	-0.195079749020199	1
-1.45088003603535	-0.575216906684019	1.55504650527622	0.542556379773789	-0.372621532071035	-0.347712711743811	-0.2161670130782	0.95395834970928	1.15630553734785	1.97411441071286	1.08711959884723	0.237655250596322	-0.371832962806537	-0.0864446522402648	1
-1.45088003603535	-0.905927257747445	-0.855481113227848	-1.78268524782816	0.713371528663977	-1.35156949460251	-0.365576247801187	-1.0467445721734	-0.863569958272444	-0.493528602678215	-0.91852885891905	0.237655250596322	0.441367494678441	-0.195271683820164	1
0.688237965811639	-0.589558937214831	1.75592380681823	-1.78268524782816	-1.7301128579898	-1.85349788603186	-0.664394717247162	-1.0467445721734	-0.863569958272444	-0.493528602678215	-0.91852885891905	0.237655250596322	-8.41822419756658e-05	-0.195271683820164	1
-1.45088003603535	-0.427578357102132	-0.411542276820015	-1.78268524782816	0.170374998296471	-0.347712711743811	-0.638995147344254	-1.0467445721734	-0.863569958272444	-0.493528602678215	-0.91852885891905	-3.1089186863723	-0.604175950659388	-0.195271683820164	1
0.688237965811639	0.788963291452615	-0.788187217211276	0.542556379773789	-1.7301128579898	-1.85349788603186	-0.664394717247162	0.95395834970928	-0.863569958272444	-0.493528602678215	-0.91852885891905	0.237655250596322	-0.313747215843324	-0.195079749020199	1
-1.45088003603535	0.570458238071422	-0.0690464776908947	0.542556379773789	0.170374998296471	-0.347712711743811	-0.627042408566415	-1.0467445721734	-0.863569958272444	-0.493528602678215	-0.91852885891905	0.237655250596322	-0.139489974953686	-0.195271683820164	1
0.688237965811639	-1.01138336459165	-0.838406542596778	0.542556379773789	-1.7301128579898	-1.85349788603186	-0.664394717247162	-1.0467445721734	1.15630553734785	0.123382150669554	-0.91852885891905	0.237655250596322	0.964139217347355	-0.0476738226474261	1
0.688237965811639	0.648073932708757	0.952414600650206	0.542556379773789	-0.101123266887282	-0.347712711743811	1.27792533415167	0.95395834970928	1.15630553734785	2.38538824627804	-0.91852885891905	0.237655250596322	0.325196000752016	0.688971939616509	1
0.688237965811639	-0.490852021208655	-0.855481113227848	0.542556379773789	0.170374998296471	-0.347712711743811	-0.228119751856039	0.95395834970928	1.15630553734785	0.534655986234733	1.08711959884723	0.237655250596322	0.743413378887147	-0.195271683820164	1
-1.45088003603535	1.22428610050549	-0.353287859372833	0.542556379773789	0.170374998296471	-0.347712711743811	0.045299147687028	0.95395834970928	1.15630553734785	1.1515667395825	1.08711959884723	0.237655250596322	1.23133365337813	0.602985149232392	1
0.688237965811639	-1.00379052489887	1.05285325142121	-1.78268524782816	-0.915618062438541	1.66000085397359	-0.414881295259773	0.95395834970928	-0.863569958272444	-0.493528602678215	1.08711959884723	0.237655250596322	-0.255661468880112	-0.195271683820164	1
-1.45088003603535	-0.786129120372429	-0.704823137071344	-1.78268524782816	-1.7301128579898	-1.85349788603186	0.306765308452256	-1.0467445721734	-0.863569958272444	-0.493528602678215	-0.91852885891905	0.237655250596322	0.557538988604866	-0.195271683820164	1
0.688237965811639	-1.07465702869817	-0.24481411654015	-1.78268524782816	-1.7301128579898	-1.85349788603186	-0.664394717247162	-1.0467445721734	-0.863569958272444	-0.493528602678215	1.08711959884723	0.237655250596322	-0.0233184810272608	-0.195079749020199	1
0.688237965811639	2.74285403906204	3.06162626684127	0.542556379773789	1.79936458939899	1.66000085397359	4.5649284980574	0.95395834970928	1.15630553734785	1.35720365736509	1.08711959884723	0.237655250596322	-1.06886192636509	-0.00333688385561554	1
-1.45088003603535	-1.27122721185577	-0.704823137071344	0.542556379773789	0.98486979384773	-0.347712711743811	-0.589690099885669	-1.0467445721734	1.15630553734785	-0.287891684895625	-0.91852885891905	0.237655250596322	-0.441535859162392	-0.176462073423638	1
-1.45088003603535	3.13008886339396	2.05723975913124	0.542556379773789	0.713371528663977	2.16192924540294	-0.664394717247162	0.95395834970928	1.15630553734785	2.38538824627804	-0.91852885891905	0.237655250596322	-1.06886192636509	0.452700200860151	1
0.688237965811639	3.8117571380349	3.52163528737246	0.542556379773789	0.713371528663977	2.16192924540294	3.14554076818902	0.95395834970928	1.15630553734785	-0.287891684895625	1.08711959884723	0.237655250596322	-1.06886192636509	-0.174350790624028	1
-1.45088003603535	-1.32015884543148	-0.378397522065584	0.542556379773789	0.98486979384773	-0.347712711743811	-0.638995147344254	-1.0467445721734	-0.863569958272444	-0.493528602678215	-0.91852885891905	0.237655250596322	-0.371832962806537	-0.195271683820164	1
0.688237965811639	0.275181138907649	-0.152410557830827	0.542556379773789	-1.45861459280605	0.15421567968554	3.07083615082752	0.95395834970928	-0.863569958272444	-0.493528602678215	1.08711959884723	0.237655250596322	-8.41822419756658e-05	-0.195271683820164	1
-1.45088003603535	1.33733504704248	0.651098648337197	0.542556379773789	0.713371528663977	0.15421567968554	1.27792533415167	0.95395834970928	1.15630553734785	0.740292904017322	-0.91852885891905	0.237655250596322	1.10935358475539	9.61259659436824	1
0.688237965811639	-0.708513425735094	-0.955919763998851	0.542556379773789	0.170374998296471	-0.347712711743811	-0.664394717247162	-1.0467445721734	-0.863569958272444	-0.493528602678215	-0.91852885891905	3.58422918756494	-8.41822419756658e-05	-0.195271683820164	1
0.688237965811639	1.14751405472291	-0.654603811685842	0.542556379773789	0.170374998296471	-0.347712711743811	0.0826514563677749	0.95395834970928	-0.863569958272444	-0.493528602678215	1.08711959884723	0.237655250596322	-0.255661468880112	-0.195271683820164	1
0.688237965811639	-1.38343250953801	0.450221346795191	0.542556379773789	0.713371528663977	-0.347712711743811	-0.365576247801187	-1.0467445721734	-0.863569958272444	-0.493528602678215	-0.91852885891905	0.237655250596322	2.41628289142767	-0.195271683820164	1
0.688237965811639	-1.07465702869817	-0.872555683858919	-1.78268524782816	0.170374998296471	-0.347712711743811	-0.615089669788576	-1.0467445721734	1.15630553734785	-0.287891684895625	-0.91852885891905	0.237655250596322	0.0928530128991647	-0.195079749020199	1
0.688237965811639	1.76590866525733	0.349782696024188	0.542556379773789	-0.915618062438541	-0.347712711743811	1.21517345556802	0.95395834970928	1.15630553734785	2.59102516406063	-0.91852885891905	0.237655250596322	-1.06886192636509	1.9547819453827	1
0.688237965811639	-1.04597296763655	-0.955919763998851	-1.78268524782816	-0.101123266887282	0.15421567968554	-0.664394717247162	-1.0467445721734	-0.863569958272444	-0.493528602678215	1.08711959884723	-3.1089186863723	1.83542542179555	-0.195079749020199	1
0.688237965811639	-1.14467988364273	-0.92277500924442	0.542556379773789	0.98486979384773	1.15807246254424	-0.601642838663508	-1.0467445721734	-0.863569958272444	-0.493528602678215	-0.91852885891905	0.237655250596322	0.0928530128991647	-0.187594291821582	1
0.688237965811639	0.500435383126871	-0.788187217211276	0.542556379773789	0.713371528663977	-0.347712711743811	-0.652441978469323	-1.0467445721734	-0.863569958272444	-0.493528602678215	-0.91852885891905	0.237655250596322	-0.371832962806537	-0.194312009820341	1
0.688237965811639	-0.750695868472776	-0.637529241054772	-1.78268524782816	0.441873263480224	-0.347712711743811	0.25746026099367	0.95395834970928	1.15630553734785	0.740292904017322	-0.91852885891905	0.237655250596322	-0.604175950659388	-0.195271683820164	1
0.688237965811639	1.37192465008738	-0.119265803076396	0.542556379773789	1.79936458939899	0.15421567968554	-0.638995147344254	-1.0467445721734	-0.863569958272444	-0.493528602678215	1.08711959884723	0.237655250596322	1.95159691572197	-0.195271683820164	1
0.688237965811639	0.211907474801126	-0.453726510143836	0.542556379773789	0.170374998296471	-0.347712711743811	-0.365576247801187	-1.0467445721734	-0.863569958272444	-0.493528602678215	-0.91852885891905	0.237655250596322	1.6030824339427	-0.192200727020731	1
-1.45088003603535	0.127542589325762	-0.629494148993091	0.542556379773789	-1.45861459280605	-0.347712711743811	-0.503032743746336	-1.0467445721734	-0.863569958272444	-0.493528602678215	1.08711959884723	0.237655250596322	-1.06886192636509	-0.195271683820164	1
0.688237965811639	0.971191444079401	-0.880590775920599	-1.78268524782816	0.170374998296471	-0.347712711743811	-0.552337791204922	0.95395834970928	1.15630553734785	1.1515667395825	1.08711959884723	0.237655250596322	0.673710482531292	-0.164178246225907	1
0.688237965811639	0.247340726700779	-0.144375465769147	-1.78268524782816	-1.18711632762229	0.15421567968554	1.87556227304362	0.95395834970928	1.15630553734785	0.945929821799911	1.08711959884723	0.237655250596322	0.0638101394175583	-0.195271683820164	1
0.688237965811639	0.943351031872531	-0.353287859372833	0.542556379773789	-1.18711632762229	0.15421567968554	-0.365576247801187	0.95395834970928	-0.863569958272444	-0.493528602678215	-0.91852885891905	0.237655250596322	-1.06886192636509	-0.156884723827254	1
0.688237965811639	-1.12358866227388	-0.92277500924442	0.542556379773789	-1.45861459280605	-0.347712711743811	-0.589690099885669	-1.0467445721734	-0.863569958272444	-0.493528602678215	1.08711959884723	-3.1089186863723	0.557538988604866	-0.195271683820164	1
0.688237965811639	-0.716106265427877	-0.453726510143836	0.542556379773789	-1.7301128579898	-1.85349788603186	-0.638995147344254	-1.0467445721734	-0.863569958272444	-0.493528602678215	1.08711959884723	0.237655250596322	-0.488004456732962	0.612389954430655	1
-1.45088003603535	-0.765037899003588	0.74350220704652	-1.78268524782816	1.79936458939899	-0.347712711743811	0.0706987175899359	-1.0467445721734	-0.863569958272444	-0.493528602678215	-0.91852885891905	0.237655250596322	-0.116255676168401	-0.195271683820164	1
0.688237965811639	-1.15142907448075	-0.91473991718274	0.542556379773789	-0.372621532071035	-0.347712711743811	-0.652441978469323	-1.0467445721734	-0.863569958272444	-0.493528602678215	-0.91852885891905	0.237655250596322	0.557538988604866	-0.0513205838467525	1
0.688237965811639	-1.10924663174307	1.13621733156114	-1.78268524782816	-0.372621532071035	-0.347712711743811	-0.627042408566415	0.95395834970928	-0.863569958272444	-0.493528602678215	-0.91852885891905	0.237655250596322	-0.371832962806537	-0.123296133833458	1
-1.45088003603535	-0.328871441095956	-0.654603811685842	0.542556379773789	-0.101123266887282	-0.347712711743811	-0.0667577783552126	0.95395834970928	-0.863569958272444	-0.493528602678215	-0.91852885891905	-3.1089186863723	1.06869356188114	-0.195271683820164	1
-1.45088003603535	-1.06706418900539	0.902195275264704	-1.78268524782816	0.170374998296471	-0.347712711743811	-0.365576247801187	0.95395834970928	1.15630553734785	0.329019068452143	1.08711959884723	0.237655250596322	-0.604175950659388	-0.0993042838378896	1
0.688237965811639	-0.750695868472776	-0.805261787842347	0.542556379773789	-1.18711632762229	-0.347712711743811	-0.190767443175292	-1.0467445721734	1.15630553734785	-0.287891684895625	1.08711959884723	0.237655250596322	1.25456795216342	-0.193544270620483	1
0.688237965811639	2.60955752001097	1.60526583066173	-1.78268524782816	0.170374998296471	1.66000085397359	0.829697629982712	0.95395834970928	-0.863569958272444	-0.493528602678215	-0.91852885891905	0.237655250596322	-0.418301560377107	-0.195271683820164	1
-1.45088003603535	-0.680673013528224	0.851975949879203	0.542556379773789	0.98486979384773	-0.347712711743811	1.87556227304362	0.95395834970928	1.15630553734785	0.534655986234733	1.08711959884723	0.237655250596322	-0.371832962806537	-0.195271683820164	1
0.688237965811639	0.310614390807302	-0.320143104618402	0.542556379773789	1.79936458939899	1.66000085397359	0.456174543175243	0.95395834970928	-0.863569958272444	-0.493528602678215	1.08711959884723	0.237655250596322	2.88096886713338	-0.195271683820164	1
-1.45088003603535	2.13120861936565	-0.102191232445326	-1.78268524782816	-1.7301128579898	-1.85349788603186	0.829697629982712	-1.0467445721734	-0.863569958272444	-0.493528602678215	1.08711959884723	0.237655250596322	-1.06886192636509	-0.194503944620305	1
-1.45088003603535	1.83593152020188	-0.92277500924442	0.542556379773789	-1.7301128579898	-1.85349788603186	-0.664394717247162	-1.0467445721734	-0.863569958272444	-0.493528602678215	1.08711959884723	-3.1089186863723	-0.708730295193171	-0.190089444221121	1
0.688237965811639	0.810054512821456	-0.144375465769147	0.542556379773789	1.52786632421524	1.66000085397359	1.42733456887466	0.95395834970928	1.15630553734785	1.1515667395825	-0.91852885891905	0.237655250596322	0.789881976457717	-0.195271683820164	1
0.688237965811639	0.89441939829682	0.0565018357728591	0.542556379773789	0.98486979384773	1.66000085397359	3.14554076818902	0.95395834970928	-0.863569958272444	-0.493528602678215	1.08711959884723	0.237655250596322	-0.534473054303533	-0.195271683820164	1
0.688237965811639	0.810054512821456	-0.704823137071344	-1.78268524782816	0.441873263480224	-0.347712711743811	-0.589690099885669	-1.0467445721734	-0.863569958272444	-0.493528602678215	-0.91852885891905	0.237655250596322	-1.06886192636509	-0.157844397827077	1
-1.45088003603535	0.184067062594256	-0.805261787842347	0.542556379773789	-0.915618062438541	0.15421567968554	-0.365576247801187	0.95395834970928	1.15630553734785	0.123382150669554	1.08711959884723	0.237655250596322	0.16255590925502	-0.195271683820164	1
0.688237965811639	-0.497601212046684	1.55504650527622	0.542556379773789	1.52786632421524	-0.347712711743811	-0.302824369217533	0.95395834970928	1.15630553734785	13.2841448887553	1.08711959884723	0.237655250596322	-0.255661468880112	-0.14575250542931	1
0.688237965811639	-0.610650158583672	0.374892358716939	-1.78268524782816	-1.45861459280605	-0.347712711743811	0.9791068647057	0.95395834970928	-0.863569958272444	-0.493528602678215	1.08711959884723	-3.1089186863723	-0.488004456732962	-0.195271683820164	1
0.688237965811639	-0.695015044059036	1.37927886642697	-1.78268524782816	0.441873263480224	-0.347712711743811	-0.414881295259773	0.95395834970928	-0.863569958272444	-0.493528602678215	1.08711959884723	0.237655250596322	-0.139489974953686	-0.137691243830799	1
0.688237965811639	-0.0757767846698646	-0.453726510143836	0.542556379773789	1.52786632421524	1.66000085397359	0.00794683900628114	-1.0467445721734	-0.863569958272444	-0.493528602678215	1.08711959884723	-3.1089186863723	0.906053470384143	-0.195271683820164	1
0.688237965811639	0.472594970920001	-0.152410557830827	0.542556379773789	0.170374998296471	0.15421567968554	0.829697629982712	0.95395834970928	-0.863569958272444	-0.493528602678215	1.08711959884723	-3.1089186863723	0.557538988604866	-0.195271683820164	1
0.688237965811639	-0.448669578470973	-0.646568719624162	0.542556379773789	0.441873263480224	-0.347712711743811	-0.627042408566415	-1.0467445721734	-0.863569958272444	-0.493528602678215	-0.91852885891905	0.237655250596322	-0.488004456732962	-0.195271683820164	1
-1.45088003603535	-0.1533924793072	-0.822336358473417	0.542556379773789	0.441873263480224	-0.347712711743811	-0.589690099885669	-1.0467445721734	-0.863569958272444	-0.493528602678215	1.08711959884723	0.237655250596322	0.673710482531292	-0.195271683820164	1
-1.45088003603535	-0.722855456265906	-0.58730991566927	0.542556379773789	-0.644119797254788	-0.849641103173162	-0.664394717247162	-1.0467445721734	1.15630553734785	-0.287891684895625	-0.91852885891905	0.237655250596322	0.0928530128991647	-0.185099139422043	1
0.688237965811639	-1.20795354774925	-0.353287859372833	0.542556379773789	-0.915618062438541	-0.347712711743811	-0.652441978469323	-1.0467445721734	-0.863569958272444	-0.493528602678215	1.08711959884723	0.237655250596322	-0.139489974953686	-0.187594291821582	1
0.688237965811639	-0.195574922044881	2.01505552580742	0.542556379773789	-0.372621532071035	-0.347712711743811	0.841650368760551	0.95395834970928	1.15630553734785	0.534655986234733	1.08711959884723	0.237655250596322	-0.093021377383116	-0.195271683820164	1
-1.45088003603535	-0.252099395313375	-0.24481411654015	0.542556379773789	-1.18711632762229	0.15421567968554	-0.514985482524175	0.95395834970928	-0.863569958272444	-0.493528602678215	1.08711959884723	0.237655250596322	-0.0755956532941522	-0.195271683820164	1
0.688237965811639	0.254089917538808	-0.955919763998851	0.542556379773789	0.170374998296471	-0.347712711743811	-0.664394717247162	-1.0467445721734	-0.863569958272444	-0.493528602678215	-0.91852885891905	3.58422918756494	-8.41822419756658e-05	-0.195271683820164	1
0.688237965811639	-0.687422204366253	-0.838406542596778	0.542556379773789	0.170374998296471	1.66000085397359	-0.638995147344254	0.95395834970928	-0.863569958272444	-0.493528602678215	-0.91852885891905	0.237655250596322	-0.0233184810272608	-0.195271683820164	1
0.688237965811639	-0.554125685315178	1.30394987834872	0.542556379773789	0.170374998296471	-0.347712711743811	0.0826514563677749	0.95395834970928	1.15630553734785	3.00229899962581	-0.91852885891905	0.237655250596322	0.0928530128991647	0.0365855545370104	1
-1.45088003603535	-1.0814062195362	0.550659997566194	0.542556379773789	0.98486979384773	-0.347712711743811	0.14540333495143	0.95395834970928	1.15630553734785	0.534655986234733	-0.91852885891905	0.237655250596322	-8.41822419756658e-05	4.93437778003235	1
0.688237965811639	-1.22229557828006	-0.90570043861335	0.542556379773789	0.98486979384773	-0.347712711743811	-0.564290529982761	-1.0467445721734	1.15630553734785	0.329019068452143	-0.91852885891905	0.237655250596322	-0.139489974953686	-0.193736205420447	1
-1.45088003603535	-1.30666046375542	-0.888625867982279	0.542556379773789	-1.7301128579898	-1.85349788603186	-0.664394717247162	-1.0467445721734	1.15630553734785	-0.287891684895625	-0.91852885891905	0.237655250596322	-0.139489974953686	-0.171087899024631	1
0.688237965811639	0.114044207649704	-0.453726510143836	0.542556379773789	-0.372621532071035	-0.347712711743811	-0.141462395716706	-1.0467445721734	1.15630553734785	-0.0822547671130358	1.08711959884723	0.237655250596322	3.11331185498623	-0.195271683820164	1
-1.45088003603535	-0.948109700485127	1.05285325142121	0.542556379773789	0.170374998296471	1.66000085397359	-0.365576247801187	0.95395834970928	1.15630553734785	0.329019068452143	-0.91852885891905	0.237655250596322	-0.778433191549026	0.0859127981278993	1
-1.45088003603535	-0.828311563110111	-0.604384486300341	-1.78268524782816	-0.644119797254788	-0.849641103173162	-0.664394717247162	-1.0467445721734	-0.863569958272444	-0.493528602678215	-0.91852885891905	0.237655250596322	-0.139489974953686	-0.195271683820164	1
0.688237965811639	0.135135429018545	-0.747007370395165	0.542556379773789	1.25636805903148	1.66000085397359	1.27792533415167	0.95395834970928	-0.863569958272444	-0.493528602678215	1.08711959884723	0.237655250596322	-0.116255676168401	5.80940853307072	1
-1.45088003603535	-0.526285273108308	-0.537090590283769	0.542556379773789	0.170374998296471	1.66000085397359	0.157356073729269	0.95395834970928	-0.863569958272444	-0.493528602678215	1.08711959884723	0.237655250596322	1.02222496431057	-0.195079749020199	1
-1.45088003603535	-0.575216906684019	-0.353287859372833	0.542556379773789	0.98486979384773	1.66000085397359	-0.116062825813798	0.95395834970928	1.15630553734785	3.41357283519099	-0.91852885891905	0.237655250596322	-1.06886192636509	-0.0993042838378896	1
0.688237965811639	-0.0622784029938067	-0.955919763998851	0.542556379773789	0.441873263480224	-0.347712711743811	-0.290871630439694	0.95395834970928	1.15630553734785	-0.287891684895625	-0.91852885891905	0.237655250596322	0.104470162291807	-0.195271683820164	1
0.688237965811639	-0.912676448585474	0.0655413143422494	-1.78268524782816	-0.644119797254788	-0.347712711743811	-0.57773736110783	-1.0467445721734	-0.863569958272444	-0.493528602678215	-0.91852885891905	0.237655250596322	-0.255661468880112	-0.159955680626687	1
-1.45088003603535	0.73918800902215	0.676208311029948	-1.78268524782816	-0.915618062438541	-0.347712711743811	-0.615089669788576	-1.0467445721734	1.15630553734785	-0.0822547671130358	-0.91852885891905	0.237655250596322	-8.41822419756658e-05	-0.191816857420802	1
0.688237965811639	-0.181232891514069	-0.704823137071344	0.542556379773789	0.170374998296471	1.66000085397359	-0.589690099885669	-1.0467445721734	1.15630553734785	-0.0822547671130358	1.08711959884723	0.237655250596322	1.25456795216342	-0.174542725423992	1
0.688237965811639	0.788963291452615	-0.855481113227848	-1.78268524782816	-0.101123266887282	-0.347712711743811	-0.514985482524175	-1.0467445721734	-0.863569958272444	-0.493528602678215	1.08711959884723	0.237655250596322	-0.313747215843324	-0.195271683820164	1
-1.45088003603535	-0.17448370067604	-0.863516205289528	0.542556379773789	-0.915618062438541	-0.347712711743811	-0.503032743746336	0.95395834970928	1.15630553734785	0.329019068452143	-0.91852885891905	0.237655250596322	1.13839645823699	-0.0993042838378896	1
0.688237965811639	1.92788924537003	-0.855481113227848	-1.78268524782816	-0.915618062438541	1.66000085397359	0.518926421758898	0.95395834970928	-0.863569958272444	-0.493528602678215	-0.91852885891905	0.237655250596322	-0.0233184810272608	-0.135004156631295	1
0.688237965811639	0.205158283963097	0.148905394482182	-1.78268524782816	0.170374998296471	-0.347712711743811	-0.2161670130782	-1.0467445721734	-0.863569958272444	-0.493528602678215	1.08711959884723	0.237655250596322	-0.720347444585813	-0.195271683820164	1
0.688237965811639	-0.554125685315178	1.45460785450522	0.542556379773789	-0.915618062438541	-0.347712711743811	0.00794683900628114	0.95395834970928	1.15630553734785	-0.0822547671130358	1.08711959884723	0.237655250596322	-0.371832962806537	-0.194312009820341	1
-1.45088003603535	-0.420829166264103	-0.445691418082156	-1.78268524782816	-1.7301128579898	-1.85349788603186	-0.664394717247162	-1.0467445721734	-0.863569958272444	-0.493528602678215	1.08711959884723	0.237655250596322	-0.0233184810272608	-0.183755595822291	1
-1.45088003603535	0.127542589325762	-0.0268622443670734	0.542556379773789	0.98486979384773	1.66000085397359	-0.178814704397453	0.95395834970928	1.15630553734785	-0.0822547671130358	-0.91852885891905	0.237655250596322	-1.06886192636509	-0.195271683820164	1
0.688237965811639	0.177317871756227	-0.521020406160408	0.542556379773789	0.170374998296471	-0.347712711743811	-0.2161670130782	-1.0467445721734	-0.863569958272444	-0.493528602678215	-0.91852885891905	3.58422918756494	-0.371832962806537	-0.195271683820164	1
0.688237965811639	0.388230085444637	0.148905394482182	0.542556379773789	-1.18711632762229	0.15421567968554	0.829697629982712	-1.0467445721734	-0.863569958272444	-0.493528602678215	-0.91852885891905	0.237655250596322	0.150938759862377	-0.0634124762445191	1
0.688237965811639	-1.01813255542968	-0.89766534655167	0.542556379773789	-0.915618062438541	-0.347712711743811	-0.57773736110783	-1.0467445721734	-0.863569958272444	-0.493528602678215	-0.91852885891905	0.237655250596322	0.557538988604866	-0.125407416633068	1
0.688237965811639	-0.62414854025973	-0.780152125149596	0.542556379773789	0.98486979384773	-0.347712711743811	0.717640703940471	0.95395834970928	1.15630553734785	-0.0822547671130358	1.08711959884723	0.237655250596322	1.95159691572197	0.188597916108932	1
-1.45088003603535	-0.0901188152006766	0.349782696024188	0.542556379773789	0.170374998296471	0.15421567968554	0.530879160536737	0.95395834970928	1.15630553734785	0.945929821799911	1.08711959884723	0.237655250596322	-1.06886192636509	0.393008478071176	1
0.688237965811639	-0.975950112691997	0.450221346795191	0.542556379773789	0.170374998296471	-0.347712711743811	-0.514985482524175	-1.0467445721734	-0.863569958272444	-0.493528602678215	-0.91852885891905	0.237655250596322	-1.06886192636509	-0.195271683820164	1
0.688237965811639	-0.526285273108308	-0.839410929104488	0.542556379773789	0.170374998296471	-0.347712711743811	-0.57773736110783	0.95395834970928	1.15630553734785	0.945929821799911	1.08711959884723	0.237655250596322	-0.511238755518248	0.788202231198181	1
0.688237965811639	-0.167734509838012	-0.00175258167432265	0.542556379773789	-0.101123266887282	-0.347712711743811	-0.0667577783552126	-1.0467445721734	1.15630553734785	-0.287891684895625	1.08711959884723	0.237655250596322	1.6030824339427	-0.182220117422574	1
0.688237965811639	0.978784283772184	-0.503945835529338	0.542556379773789	-1.18711632762229	0.15421567968554	-0.440280865162681	0.95395834970928	-0.863569958272444	-0.493528602678215	-0.91852885891905	0.237655250596322	2.18393990357482	-0.195271683820164	1
0.688237965811639	-0.237757364782563	-0.721897707702414	0.542556379773789	-0.915618062438541	-0.347712711743811	-0.514985482524175	0.95395834970928	-0.863569958272444	-0.493528602678215	-0.91852885891905	-3.1089186863723	0.557538988604866	-0.195271683820164	1
0.688237965811639	0.000151612257962779	-0.353287859372833	-1.78268524782816	-1.18711632762229	0.15421567968554	1.42733456887466	-1.0467445721734	-0.863569958272444	-0.493528602678215	-0.91852885891905	0.237655250596322	-1.06886192636509	-0.195079749020199	1
0.688237965811639	-0.954858891323156	1.04481815935953	0.542556379773789	0.713371528663977	-1.35156949460251	-0.664394717247162	0.95395834970928	-0.863569958272444	-0.493528602678215	-0.91852885891905	0.237655250596322	-1.06886192636509	-0.195271683820164	1
0.688237965811639	1.1331720241921	0.7515372991082	0.542556379773789	1.52786632421524	1.66000085397359	3.51906385499649	0.95395834970928	1.15630553734785	-0.287891684895625	1.08711959884723	0.237655250596322	-0.557707353088818	0.188597916108932	1
-1.45088003603535	-0.737197486796718	-0.495910743467657	0.542556379773789	0.98486979384773	1.66000085397359	0.0198995777841201	0.95395834970928	1.15630553734785	0.945929821799911	1.08711959884723	0.237655250596322	-0.255661468880112	0.262300879295319	1
-1.45088003603535	-0.919425639423503	-0.353287859372833	0.542556379773789	0.98486979384773	-0.347712711743811	-0.615089669788576	0.95395834970928	1.15630553734785	0.123382150669554	-0.91852885891905	0.237655250596322	-0.488004456732962	-0.194120075020376	1
0.688237965811639	-0.315373059419898	-0.654603811685842	0.542556379773789	0.441873263480224	-0.347712711743811	0.00794683900628114	-1.0467445721734	1.15630553734785	-0.287891684895625	1.08711959884723	0.237655250596322	-0.488004456732962	-0.19469587942027	1
0.688237965811639	0.788963291452615	-0.503945835529338	-1.78268524782816	1.79936458939899	1.66000085397359	2.32378997721259	0.95395834970928	-0.863569958272444	-0.493528602678215	1.08711959884723	0.237655250596322	-0.0465527798125458	-0.195271683820164	1
0.688237965811639	2.09661901632076	4.66864467917732	-1.78268524782816	0.170374998296471	-0.347712711743811	7.85193166196312	0.95395834970928	1.15630553734785	7.73194810862536	-0.91852885891905	0.237655250596322	-1.06886192636509	-0.192392661820695	1
-1.45088003603535	2.74285403906204	-0.92277500924442	0.542556379773789	-1.7301128579898	-1.85349788603186	-0.664394717247162	0.95395834970928	1.15630553734785	-0.287891684895625	-0.91852885891905	0.237655250596322	0.278727403181445	-0.176078203823709	1
-1.45088003603535	-0.771787089841617	1.30394987834872	-1.78268524782816	1.79936458939899	1.66000085397359	-0.440280865162681	0.95395834970928	1.15630553734785	0.329019068452143	-0.91852885891905	0.237655250596322	-1.06886192636509	-0.133660613031544	1
-1.45088003603535	-0.610650158583672	-0.453726510143836	-1.78268524782816	-1.18711632762229	0.15421567968554	0.680288395259725	-1.0467445721734	-0.863569958272444	-0.493528602678215	-0.91852885891905	0.237655250596322	0.0928530128991647	-0.10774941503633	1
-1.45088003603535	3.20011171833852	0.249344045253185	0.542556379773789	-1.7301128579898	-1.85349788603186	-0.664394717247162	-1.0467445721734	-0.863569958272444	-0.493528602678215	-0.91852885891905	-3.1089186863723	-1.06886192636509	-0.195271683820164	1
0.688237965811639	0.338454803014172	-0.805261787842347	0.542556379773789	-0.915618062438541	-0.347712711743811	-0.2161670130782	-1.0467445721734	-0.863569958272444	-0.493528602678215	1.08711959884723	0.237655250596322	0.272918828485124	-0.195271683820164	1
0.688237965811639	1.41410709282506	1.45460785450522	0.542556379773789	-0.101123266887282	-0.347712711743811	4.11670079388844	0.95395834970928	-0.863569958272444	-0.493528602678215	-0.91852885891905	-3.1089186863723	-0.42991870976975	-0.195271683820164	1
-1.45088003603535	-0.294281838051057	2.05723975913124	-1.78268524782816	0.713371528663977	2.16192924540294	-0.664394717247162	0.95395834970928	-0.863569958272444	-0.493528602678215	-0.91852885891905	0.237655250596322	-1.06886192636509	2.34057089331144	1
0.688237965811639	0.303865199969273	-0.453726510143836	0.542556379773789	-0.915618062438541	-0.347712711743811	0.680288395259725	0.95395834970928	1.15630553734785	0.945929821799911	-0.91852885891905	0.237655250596322	-0.197575721916899	0.0484855121348124	1
0.688237965811639	1.51281400883124	0.567734568197264	0.542556379773789	-1.18711632762229	0.15421567968554	1.60214337350056	0.95395834970928	1.15630553734785	2.59102516406063	1.08711959884723	0.237655250596322	-1.06886192636509	0.764402316002577	1
0.688237965811639	4.10703423719868	0.148905394482182	0.542556379773789	0.170374998296471	-0.347712711743811	-0.503032743746336	0.95395834970928	-0.863569958272444	-0.493528602678215	-0.91852885891905	0.237655250596322	-1.06886192636509	-0.130013851832217	1
0.688237965811639	-0.195574922044881	1.65548515604723	0.542556379773789	-1.45861459280605	1.66000085397359	-0.514985482524175	-1.0467445721734	-0.863569958272444	-0.493528602678215	-0.91852885891905	0.237655250596322	0.25549310439616	-0.195271683820164	1
-1.45088003603535	-1.23579395995612	-0.855481113227848	0.542556379773789	-1.18711632762229	-0.347712711743811	-0.615089669788576	-1.0467445721734	1.15630553734785	0.740292904017322	1.08711959884723	0.237655250596322	0.325196000752016	-0.188553965821404	1
-1.45088003603535	-1.31340965459345	-0.92277500924442	0.542556379773789	-0.372621532071035	-0.347712711743811	-0.365576247801187	-1.0467445721734	1.15630553734785	-0.0822547671130358	1.08711959884723	0.237655250596322	0.789881976457717	-0.195079749020199	1
0.688237965811639	2.40539449716059	1.95680110836024	0.542556379773789	-1.7301128579898	-1.85349788603186	4.71433773278039	0.95395834970928	1.15630553734785	2.59102516406063	1.08711959884723	0.237655250596322	-1.06886192636509	-0.00333688385561554	1
0.688237965811639	-0.301031028889086	-0.554165160914839	0.542556379773789	-0.915618062438541	1.66000085397359	0.580184207995323	0.95395834970928	1.15630553734785	-0.0822547671130358	1.08711959884723	0.237655250596322	-0.0175099063309395	-0.195271683820164	1
0.688237965811639	0.837894925028326	-0.646568719624162	0.542556379773789	-1.18711632762229	0.15421567968554	0.38146992581375	-1.0467445721734	-0.863569958272444	-0.493528602678215	-0.91852885891905	0.237655250596322	0.185790208040305	-0.195271683820164	1
0.688237965811639	-0.631741379952513	0.851975949879203	0.542556379773789	-0.372621532071035	-0.347712711743811	-0.589690099885669	-1.0467445721734	-0.863569958272444	-0.493528602678215	1.08711959884723	0.237655250596322	-1.06886192636509	-0.195271683820164	1
0.688237965811639	-0.59630812805286	1.7227790520638	-1.78268524782816	-0.372621532071035	-0.347712711743811	-0.652441978469323	-1.0467445721734	-0.863569958272444	-0.493528602678215	1.08711959884723	0.237655250596322	-0.371832962806537	-0.104102653837003	1
0.688237965811639	0.26843194806962	2.05723975913124	0.542556379773789	1.25636805903148	1.15807246254424	0.941754556024953	0.95395834970928	1.15630553734785	1.35720365736509	1.08711959884723	0.237655250596322	-1.06886192636509	-0.169552420624914	1
0.688237965811639	0.177317871756227	-0.704823137071344	0.542556379773789	0.441873263480224	-0.347712711743811	-0.316271200342602	-1.0467445721734	-0.863569958272444	-0.493528602678215	-0.91852885891905	0.237655250596322	-0.371832962806537	-0.195271683820164	1
-1.45088003603535	0.781370451759832	1.05285325142121	0.542556379773789	0.98486979384773	1.66000085397359	-0.141462395716706	0.95395834970928	-0.863569958272444	-0.493528602678215	-0.91852885891905	0.237655250596322	-0.900413260171773	-0.0346222562498369	1
0.688237965811639	-0.940516860792344	-0.58730991566927	0.542556379773789	0.170374998296471	-0.347712711743811	0.00794683900628114	0.95395834970928	1.15630553734785	-0.287891684895625	-0.91852885891905	0.237655250596322	-0.488004456732962	-0.166481463825481	1
0.688237965811639	0.500435383126871	-0.729932799764094	-1.78268524782816	-1.45861459280605	-0.347712711743811	-0.2161670130782	-1.0467445721734	-0.863569958272444	-0.493528602678215	1.08711959884723	0.237655250596322	1.43463376774938	-0.195271683820164	1
0.688237965811639	1.42844912335587	-0.102191232445326	0.542556379773789	-0.101123266887282	-0.347712711743811	-0.627042408566415	0.95395834970928	-0.863569958272444	-0.493528602678215	1.08711959884723	0.237655250596322	0.238067380307196	-0.195271683820164	1
0.688237965811639	-0.722855456265906	-0.805261787842347	0.542556379773789	-0.101123266887282	-0.347712711743811	-0.514985482524175	-1.0467445721734	-0.863569958272444	-0.493528602678215	1.08711959884723	-3.1089186863723	0.789881976457717	-0.195271683820164	1
0.688237965811639	0.289523169438461	-0.277958871294581	0.542556379773789	0.170374998296471	1.66000085397359	1.81281039445997	-1.0467445721734	-0.863569958272444	-0.493528602678215	1.08711959884723	0.237655250596322	-1.06886192636509	-0.195271683820164	1
0.688237965811639	-1.28556924238658	-0.403507184758335	0.542556379773789	-0.372621532071035	-0.347712711743811	-0.465680435065589	-1.0467445721734	1.15630553734785	-0.287891684895625	-0.91852885891905	0.237655250596322	-0.604175950659388	-0.191241053020908	1
0.688237965811639	-0.750695868472776	1.15329190219221	0.542556379773789	0.98486979384773	1.66000085397359	-0.265472060536786	0.95395834970928	-0.863569958272444	-0.493528602678215	-0.91852885891905	0.237655250596322	-0.488004456732962	-0.195271683820164	1
-1.45088003603535	-0.828311563110111	1.40438852911972	0.542556379773789	0.170374998296471	-0.347712711743811	-0.589690099885669	-1.0467445721734	-0.863569958272444	-0.493528602678215	1.08711959884723	0.237655250596322	-0.0233184810272608	-0.195271683820164	1
-1.45088003603535	-0.547376494477149	-0.445691418082156	-1.78268524782816	-0.372621532071035	-0.347712711743811	-0.589690099885669	0.95395834970928	-0.863569958272444	-0.493528602678215	1.08711959884723	0.237655250596322	1.08031071127378	-0.195271683820164	1
0.688237965811639	0.401728467120695	-0.529055498222088	-1.78268524782816	0.441873263480224	-0.347712711743811	-0.638995147344254	0.95395834970928	1.15630553734785	-0.287891684895625	-0.91852885891905	0.237655250596322	-0.778433191549026	0.0325549237377549	1
-1.45088003603535	-0.252099395313375	-0.202629883216329	0.542556379773789	0.170374998296471	-0.347712711743811	-0.589690099885669	-1.0467445721734	1.15630553734785	-0.287891684895625	1.08711959884723	0.237655250596322	-0.836518938512239	-0.165713724625623	1
0.688237965811639	-0.792878311210458	1.47971751719797	0.542556379773789	0.170374998296471	-0.347712711743811	0.332164878355164	-1.0467445721734	1.15630553734785	-0.0822547671130358	1.08711959884723	0.237655250596322	-0.0233184810272608	-0.162066963426297	1
0.688237965811639	0.219500314493909	-0.646568719624162	0.542556379773789	1.52786632421524	-0.347712711743811	-0.204214274300361	0.95395834970928	1.15630553734785	-0.287891684895625	1.08711959884723	0.237655250596322	1.95159691572197	9.40146831440724	1
0.688237965811639	0.289523169438461	-0.453726510143836	0.542556379773789	-1.18711632762229	-0.347712711743811	-0.365576247801187	-1.0467445721734	-0.863569958272444	-0.493528602678215	1.08711959884723	0.237655250596322	0.150938759862377	-0.195271683820164	1
0.688237965811639	-0.252099395313375	-0.227739545909079	0.542556379773789	-0.372621532071035	-0.347712711743811	-0.589690099885669	-1.0467445721734	-0.863569958272444	-0.493528602678215	1.08711959884723	0.237655250596322	-0.488004456732962	-0.195271683820164	1
-1.45088003603535	-1.04597296763655	0.131830823851111	0.542556379773789	-1.18711632762229	1.66000085397359	-0.57773736110783	-1.0467445721734	-0.863569958272444	-0.493528602678215	-0.91852885891905	0.237655250596322	-0.604175950659388	-0.102375240637322	1
0.688237965811639	-0.701764234897065	-0.755042462456845	0.542556379773789	0.170374998296471	-0.347712711743811	-0.414881295259773	0.95395834970928	-0.863569958272444	-0.493528602678215	-0.91852885891905	-3.1089186863723	0.673710482531292	-0.195271683820164	1
0.688237965811639	-1.27122721185577	-0.9308101013061	0.542556379773789	0.170374998296471	-0.347712711743811	-0.615089669788576	-1.0467445721734	-0.863569958272444	-0.493528602678215	-0.91852885891905	0.237655250596322	-0.302130066450682	-0.195271683820164	1
-1.45088003603535	-0.969200921853968	-0.9308101013061	0.542556379773789	0.98486979384773	-0.347712711743811	-0.365576247801187	-1.0467445721734	1.15630553734785	-0.287891684895625	-0.91852885891905	0.237655250596322	0.325196000752016	-0.0478657574473907	1
0.688237965811639	-0.7793799295344	1.25373055296322	0.542556379773789	0.441873263480224	-0.347712711743811	-0.0667577783552126	0.95395834970928	1.15630553734785	-0.287891684895625	-0.91852885891905	0.237655250596322	-0.604175950659388	-0.141913809430019	1
0.688237965811639	0.205158283963097	0.0655413143422494	-1.78268524782816	-1.18711632762229	0.15421567968554	-0.34017667789828	-1.0467445721734	-0.863569958272444	-0.493528602678215	1.08711959884723	0.237655250596322	1.71925392786912	-0.195271683820164	1
-1.45088003603535	2.1522998407345	-0.888625867982279	0.542556379773789	-1.18711632762229	0.15421567968554	-0.365576247801187	0.95395834970928	-0.863569958272444	-0.493528602678215	1.08711959884723	0.237655250596322	0.394898897107871	0.226409071701948	1
0.688237965811639	-1.29231843322461	-0.788187217211276	0.542556379773789	-0.101123266887282	-0.347712711743811	-0.638995147344254	0.95395834970928	-0.863569958272444	-0.493528602678215	-0.91852885891905	-3.1089186863723	0.0928530128991647	-0.195271683820164	1
0.688237965811639	0.106451367956921	-0.453726510143836	0.542556379773789	1.52786632421524	1.66000085397359	0.157356073729269	0.95395834970928	1.15630553734785	0.740292904017322	-0.91852885891905	0.237655250596322	-0.139489974953686	0.20241722170638	1
0.688237965811639	1.40735790198703	4.08308734518237	0.542556379773789	0.441873263480224	-0.347712711743811	-0.141462395716706	0.95395834970928	1.15630553734785	0.123382150669554	-0.91852885891905	0.237655250596322	-0.371832962806537	-0.19258459662066	1
0.688237965811639	0.219500314493909	-0.403507184758335	0.542556379773789	-1.18711632762229	0.15421567968554	0.0826514563677749	-1.0467445721734	-0.863569958272444	-0.493528602678215	1.08711959884723	0.237655250596322	0.278727403181445	-0.156884723827254	1
0.688237965811639	-1.11683947143586	-0.712858229133024	-1.78268524782816	0.713371528663977	-1.35156949460251	-0.664394717247162	-1.0467445721734	-0.863569958272444	-0.493528602678215	-0.91852885891905	0.237655250596322	-0.488004456732962	-0.195271683820164	1
0.688237965811639	1.06989836008558	-0.855481113227848	0.542556379773789	-0.101123266887282	-0.347712711743811	2.54790382929707	0.95395834970928	-0.863569958272444	-0.493528602678215	-0.91852885891905	-3.1089186863723	1.25456795216342	-0.195271683820164	1
0.688237965811639	0.620233520501887	-0.604384486300341	0.542556379773789	-0.915618062438541	-0.347712711743811	-0.514985482524175	-1.0467445721734	-0.863569958272444	-0.493528602678215	1.08711959884723	0.237655250596322	0.673710482531292	-0.194887814220234	1
0.688237965811639	0.00099526111271625	-0.805261787842347	-1.78268524782816	-0.372621532071035	-0.347712711743811	0.38146992581375	-1.0467445721734	-0.863569958272444	-0.493528602678215	1.08711959884723	0.237655250596322	0.789881976457717	-0.195271683820164	1
0.688237965811639	-0.547376494477149	-0.612419578362021	0.542556379773789	1.79936458939899	-0.347712711743811	-0.166861965619614	0.95395834970928	1.15630553734785	-0.287891684895625	1.08711959884723	0.237655250596322	1.22552507868181	-0.191432987820873	1
0.688237965811639	2.85590298559903	1.25373055296322	0.542556379773789	0.713371528663977	2.16192924540294	5.31197467167233	0.95395834970928	1.15630553734785	0.945929821799911	1.08711959884723	0.237655250596322	-0.941073283046022	-0.195271683820164	1
0.688237965811639	0.823552894497514	-0.955919763998851	0.542556379773789	0.170374998296471	0.15421567968554	3.81788232444246	0.95395834970928	-0.863569958272444	-0.493528602678215	-0.91852885891905	0.237655250596322	-1.06886192636509	-0.195271683820164	1
0.688237965811639	-0.0268451510941537	-0.729932799764094	0.542556379773789	-1.7301128579898	-1.85349788603186	-0.664394717247162	-1.0467445721734	1.15630553734785	-0.287891684895625	-0.91852885891905	0.237655250596322	-0.511238755518248	-0.191624922620837	1
-1.45088003603535	0.437161719020348	-0.00978767373600289	0.542556379773789	-1.7301128579898	-1.85349788603186	-0.664394717247162	-1.0467445721734	-0.863569958272444	-0.493528602678215	-0.91852885891905	0.237655250596322	-0.139489974953686	-0.195271683820164	1
0.688237965811639	0.0642689252192392	0.550659997566194	0.542556379773789	0.713371528663977	0.15421567968554	-0.190767443175292	0.95395834970928	-0.863569958272444	-0.493528602678215	1.08711959884723	-3.1089186863723	1.37073944608984	-0.195271683820164	1
-1.45088003603535	0.0296793221743403	-0.328178196680082	0.542556379773789	-1.7301128579898	-1.85349788603186	0.244013429868601	-1.0467445721734	1.15630553734785	-0.0822547671130358	1.08711959884723	0.237655250596322	0.0928530128991647	-0.194503944620305	1
0.688237965811639	-0.56846771584599	-0.403507184758335	0.542556379773789	0.170374998296471	-0.347712711743811	0.00794683900628114	0.95395834970928	1.15630553734785	0.740292904017322	-0.91852885891905	0.237655250596322	-8.41822419756658e-05	-0.0801108038414347	1
0.688237965811639	-0.813969532579299	-0.847446021166168	-1.78268524782816	1.79936458939899	-0.347712711743811	-0.652441978469323	0.95395834970928	1.15630553734785	-0.287891684895625	1.08711959884723	0.237655250596322	3.81034081854478	-0.183947530622255	1
0.688237965811639	0.226249505331938	-0.353287859372833	0.542556379773789	1.52786632421524	1.66000085397359	1.55134423369474	0.95395834970928	-0.863569958272444	-0.493528602678215	1.08711959884723	0.237655250596322	-1.06886192636509	-0.195271683820164	1
0.688237965811639	1.70938419198883	-0.353287859372833	-1.78268524782816	-1.7301128579898	-1.85349788603186	-0.2161670130782	-1.0467445721734	-0.863569958272444	-0.493528602678215	-0.91852885891905	0.237655250596322	-0.0233184810272608	-0.194503944620305	1
-1.45088003603535	0.000151612257962779	-0.654603811685842	0.542556379773789	-1.7301128579898	-1.85349788603186	-0.664394717247162	-1.0467445721734	1.15630553734785	-0.0822547671130358	1.08711959884723	0.237655250596322	0.0928530128991647	-0.175118529823886	1
0.688237965811639	0.578051077764206	-0.814301266411737	0.542556379773789	0.170374998296471	-0.347712711743811	-0.552337791204922	-1.0467445721734	1.15630553734785	-0.0822547671130358	-0.91852885891905	0.237655250596322	0.238067380307196	-0.0993042838378896	1
0.688237965811639	0.641324741870728	-0.612419578362021	0.542556379773789	1.79936458939899	-0.347712711743811	-0.627042408566415	0.95395834970928	1.15630553734785	0.534655986234733	1.08711959884723	0.237655250596322	1.71925392786912	-0.195271683820164	1
0.688237965811639	-1.13033785311191	-0.461761602205516	0.542556379773789	0.170374998296471	1.15807246254424	-0.377528986579026	-1.0467445721734	1.15630553734785	-0.0822547671130358	1.08711959884723	0.237655250596322	-0.139489974953686	-0.0826059562409739	1
0.688237965811639	0.626982711339916	0.0484667437111789	0.542556379773789	1.52786632421524	-0.347712711743811	0.38146992581375	0.95395834970928	1.15630553734785	1.56284057514768	1.08711959884723	0.237655250596322	-1.06886192636509	-0.195271683820164	1
0.688237965811639	-0.975950112691997	1.26277003153261	0.542556379773789	0.170374998296471	-0.347712711743811	-0.0667577783552126	-1.0467445721734	-0.863569958272444	-0.493528602678215	1.08711959884723	0.237655250596322	-0.278895767665397	-0.195271683820164	1
0.688237965811639	0.0997021771188921	-0.486871264898267	0.542556379773789	-1.45861459280605	1.66000085397359	1.05381148206719	-1.0467445721734	-0.863569958272444	-0.493528602678215	1.08711959884723	0.237655250596322	0.627241884960722	-0.195271683820164	1
0.688237965811639	-1.09574825006701	0.191089627806003	0.542556379773789	-1.45861459280605	-0.347712711743811	-0.503032743746336	-1.0467445721734	-0.863569958272444	-0.493528602678215	-0.91852885891905	0.237655250596322	-0.371832962806537	-0.195271683820164	1
-1.45088003603535	-1.32775168512426	0.575769660258945	0.542556379773789	0.98486979384773	-0.347712711743811	-0.627042408566415	-1.0467445721734	1.15630553734785	-0.287891684895625	1.08711959884723	0.237655250596322	-1.06886192636509	-0.164562115825836	1
0.688237965811639	0.654823123546786	0.224234382560434	0.542556379773789	1.52786632421524	1.66000085397359	2.32378997721259	0.95395834970928	1.15630553734785	2.38538824627804	1.08711959884723	0.237655250596322	1.2487593774671	-0.195271683820164	1
-1.45088003603535	-1.01138336459165	-0.822336358473417	0.542556379773789	0.441873263480224	-0.347712711743811	-0.166861965619614	-1.0467445721734	-0.863569958272444	-0.493528602678215	-0.91852885891905	0.237655250596322	0.20902450682559	-0.194312009820341	1
0.688237965811639	-0.863744815009764	1.15329190219221	0.542556379773789	0.170374998296471	-0.347712711743811	0.232060691090762	0.95395834970928	-0.863569958272444	-0.493528602678215	1.08711959884723	0.237655250596322	-1.06886192636509	-0.195271683820164	1
-1.45088003603535	-0.750695868472776	-0.805261787842347	0.542556379773789	0.170374998296471	-0.347712711743811	-0.0667577783552126	-1.0467445721734	1.15630553734785	-0.0822547671130358	1.08711959884723	0.237655250596322	0.0928530128991647	-0.119649372634132	1
0.688237965811639	-0.497601212046684	-0.303068533987332	0.542556379773789	0.170374998296471	1.66000085397359	0.0198995777841201	-1.0467445721734	1.15630553734785	-0.287891684895625	1.08711959884723	0.237655250596322	1.34750514730456	-0.191241053020908	1
0.688237965811639	-0.884836036378605	1.06992782205228	-1.78268524782816	0.713371528663977	1.66000085397359	-0.290871630439694	-1.0467445721734	-0.863569958272444	-0.493528602678215	-0.91852885891905	0.237655250596322	0.441367494678441	-0.195271683820164	1
-1.45088003603535	1.47063156609356	-0.654603811685842	0.542556379773789	-0.644119797254788	-0.849641103173162	-0.664394717247162	0.95395834970928	-0.863569958272444	-0.493528602678215	1.08711959884723	0.237655250596322	-0.488004456732962	-0.190089444221121	1
0.688237965811639	-0.919425639423503	0.106721161158361	0.542556379773789	0.98486979384773	-0.347712711743811	-0.552337791204922	0.95395834970928	1.15630553734785	-0.287891684895625	-0.91852885891905	0.237655250596322	-0.139489974953686	-0.195271683820164	1
-1.45088003603535	-1.00379052489887	-0.91373553067503	0.542556379773789	0.98486979384773	1.66000085397359	-0.57773736110783	0.95395834970928	1.15630553734785	1.76847749293027	-0.91852885891905	0.237655250596322	-0.604175950659388	-0.176270138623673	1
0.688237965811639	-0.821562372272082	-0.90570043861335	0.542556379773789	-1.45861459280605	1.66000085397359	-0.465680435065589	0.95395834970928	-0.863569958272444	-0.493528602678215	1.08711959884723	0.237655250596322	-1.06886192636509	-0.195271683820164	1
0.688237965811639	-0.399737944895262	-0.847446021166168	0.542556379773789	-0.915618062438541	-1.85349788603186	-0.664394717247162	-1.0467445721734	-0.863569958272444	-0.493528602678215	-0.91852885891905	0.237655250596322	-0.488004456732962	-0.195271683820164	1
-1.45088003603535	0.591549459440263	0.0484667437111789	0.542556379773789	1.52786632421524	-0.347712711743811	3.3696546202735	0.95395834970928	-0.863569958272444	-0.493528602678215	1.08711959884723	0.237655250596322	4.62354127602976	-0.195271683820164	1
-1.45088003603535	1.56174564240695	1.5630815973379	0.542556379773789	-0.372621532071035	-0.347712711743811	0.0198995777841201	0.95395834970928	1.15630553734785	0.123382150669554	1.08711959884723	0.237655250596322	-0.162724273738971	-0.195271683820164	1
-1.45088003603535	-1.33450087596229	-0.880590775920599	0.542556379773789	0.170374998296471	-0.347712711743811	-0.365576247801187	-1.0467445721734	-0.863569958272444	-0.493528602678215	-0.91852885891905	0.237655250596322	-0.371832962806537	-0.191816857420802	1
-1.45088003603535	-0.59630812805286	1.60526583066173	0.542556379773789	0.170374998296471	0.15421567968554	0.754993012621218	0.95395834970928	1.15630553734785	-0.0822547671130358	-0.91852885891905	0.237655250596322	-0.644835973533637	-0.110052632635904	1
0.688237965811639	-0.891585227216633	0.0062825103873576	-1.78268524782816	0.441873263480224	-0.347712711743811	0.00794683900628114	0.95395834970928	1.15630553734785	-0.287891684895625	1.08711959884723	0.237655250596322	-0.604175950659388	-0.137691243830799	1
0.688237965811639	-0.800471150903241	1.25373055296322	0.542556379773789	1.52786632421524	-0.347712711743811	-0.465680435065589	0.95395834970928	-0.863569958272444	-0.493528602678215	-0.91852885891905	0.237655250596322	-0.488004456732962	-0.195271683820164	1
0.688237965811639	1.94138762704609	0.935340030019135	0.542556379773789	-1.7301128579898	-1.85349788603186	3.64307351981657	0.95395834970928	1.15630553734785	1.76847749293027	1.08711959884723	0.237655250596322	-0.894604685475451	-0.137691243830799	1
0.688237965811639	-1.1379306928047	0.148905394482182	0.542556379773789	-0.915618062438541	-0.347712711743811	-0.514985482524175	0.95395834970928	-0.863569958272444	-0.493528602678215	-0.91852885891905	0.237655250596322	-0.604175950659388	-0.195271683820164	1
0.688237965811639	0.430412528182319	-0.0690464776908947	-1.78268524782816	-0.915618062438541	-0.347712711743811	-0.589690099885669	0.95395834970928	1.15630553734785	1.56284057514768	1.08711959884723	0.237655250596322	0.789881976457717	-0.195271683820164	1
0.688237965811639	0.556959856395364	1.07796291411396	0.542556379773789	1.79936458939899	-0.347712711743811	0.0826514563677749	0.95395834970928	1.15630553734785	0.740292904017322	-0.91852885891905	0.237655250596322	1.95159691572197	-0.157652463027112	1
0.688237965811639	-0.821562372272082	-0.646568719624162	0.542556379773789	-0.915618062438541	-0.347712711743811	-0.638995147344254	-1.0467445721734	-0.863569958272444	-0.493528602678215	1.08711959884723	0.237655250596322	0.998990665525283	-0.195271683820164	1
-1.45088003603535	1.71697703168162	0.349782696024188	0.542556379773789	-1.18711632762229	0.15421567968554	0.25746026099367	-1.0467445721734	-0.863569958272444	-0.493528602678215	1.08711959884723	0.237655250596322	-0.644835973533637	-0.195271683820164	1
0.688237965811639	-0.792878311210458	-0.503945835529338	0.542556379773789	-1.18711632762229	-0.347712711743811	-0.627042408566415	-1.0467445721734	-0.863569958272444	-0.493528602678215	-0.91852885891905	0.237655250596322	-0.139489974953686	-0.193352335820518	1
0.688237965811639	1.7591594744193	-0.654603811685842	0.542556379773789	-1.45861459280605	-0.347712711743811	0.456174543175243	-1.0467445721734	-0.863569958272444	-0.493528602678215	1.08711959884723	0.237655250596322	-1.06886192636509	-0.128094503832572	1
-1.45088003603535	2.47626100095989	0.0484667437111789	0.542556379773789	-0.372621532071035	-0.347712711743811	0.530879160536737	0.95395834970928	1.15630553734785	0.329019068452143	-0.91852885891905	0.237655250596322	-1.06886192636509	-0.176270138623673	1
0.688237965811639	-0.961608082161185	0.174015057174933	0.542556379773789	0.441873263480224	-0.347712711743811	-0.153415134494545	0.95395834970928	-0.863569958272444	-0.493528602678215	-0.91852885891905	-3.1089186863723	-0.371832962806537	-0.195271683820164	1
0.688237965811639	-0.701764234897065	-0.152410557830827	0.542556379773789	0.170374998296471	0.15421567968554	-0.589690099885669	0.95395834970928	-0.863569958272444	-0.493528602678215	1.08711959884723	0.237655250596322	-0.139489974953686	-0.195271683820164	1
0.688237965811639	0.388230085444637	-0.871551297351209	-1.78268524782816	0.441873263480224	-0.347712711743811	-0.57773736110783	-1.0467445721734	-0.863569958272444	-0.493528602678215	1.08711959884723	0.237655250596322	0.725987654798183	-0.194887814220234	1
-1.45088003603535	0.901168589134849	-0.604384486300341	-1.78268524782816	0.170374998296471	-0.347712711743811	-0.664394717247162	-1.0467445721734	-0.863569958272444	-0.493528602678215	1.08711959884723	0.237655250596322	-0.197575721916899	-0.195079749020199	1
0.688237965811639	-0.673923822690195	-0.788187217211276	0.542556379773789	-1.18711632762229	1.66000085397359	-0.638995147344254	-1.0467445721734	-0.863569958272444	-0.493528602678215	1.08711959884723	0.237655250596322	0.20902450682559	-0.194312009820341	1
-1.45088003603535	0.373888054913825	-0.755042462456845	0.542556379773789	0.170374998296471	-0.347712711743811	-0.0667577783552126	0.95395834970928	1.15630553734785	1.76847749293027	-0.91852885891905	0.237655250596322	-1.06886192636509	-0.10774941503633	1
0.688237965811639	0.675914344915627	0.0484667437111789	0.542556379773789	-1.7301128579898	-1.85349788603186	-0.664394717247162	-1.0467445721734	1.15630553734785	-0.0822547671130358	-0.91852885891905	0.237655250596322	-0.970116156527628	-0.195079749020199	1
-1.45088003603535	-1.07465702869817	-0.0690464776908947	-1.78268524782816	0.170374998296471	1.66000085397359	0.232060691090762	0.95395834970928	-0.863569958272444	-0.493528602678215	-0.91852885891905	0.237655250596322	0.325196000752016	-0.195271683820164	1
0.688237965811639	-0.364304692995609	-0.830371450535097	0.542556379773789	-0.372621532071035	-0.347712711743811	-0.528432313649244	0.95395834970928	-0.863569958272444	-0.493528602678215	1.08711959884723	0.237655250596322	0.0928530128991647	-0.195271683820164	1
0.688237965811639	0.0718617649120222	-0.353287859372833	0.542556379773789	-1.45861459280605	-0.347712711743811	-0.615089669788576	-1.0467445721734	-0.863569958272444	-0.493528602678215	1.08711959884723	0.237655250596322	-0.371832962806537	-0.195271683820164	1
0.688237965811639	-1.02488174626771	-0.654603811685842	-1.78268524782816	1.52786632421524	-0.347712711743811	-0.0667577783552126	0.95395834970928	-0.863569958272444	-0.493528602678215	1.08711959884723	0.237655250596322	-0.488004456732962	-0.191432987820873	1
-1.45088003603535	-0.758288708165559	1.20351122757771	0.542556379773789	0.98486979384773	-0.347712711743811	-0.540385052427083	0.95395834970928	1.15630553734785	0.534655986234733	1.08711959884723	0.237655250596322	-1.06886192636509	-0.0877881958400167	1
0.688237965811639	0.704598405977251	0.291528278577006	0.542556379773789	0.98486979384773	-0.347712711743811	-0.652441978469323	0.95395834970928	1.15630553734785	-0.287891684895625	-0.91852885891905	0.237655250596322	0.0928530128991647	-0.137691243830799	1
0.688237965811639	-0.750695868472776	-0.92277500924442	0.542556379773789	0.170374998296471	-0.849641103173162	0.00794683900628114	-1.0467445721734	-0.863569958272444	-0.493528602678215	1.08711959884723	-3.1089186863723	-1.06886192636509	-0.195271683820164	1
-1.45088003603535	-0.687422204366253	-0.797226695780666	-1.78268524782816	0.98486979384773	-0.347712711743811	-0.2161670130782	0.95395834970928	1.15630553734785	-0.0822547671130358	1.08711959884723	0.237655250596322	-0.604175950659388	-0.118497763834344	1
-1.45088003603535	-0.132301257938359	0.106721161158361	0.542556379773789	0.713371528663977	-1.35156949460251	0.00794683900628114	0.95395834970928	1.15630553734785	0.534655986234733	1.08711959884723	0.237655250596322	-0.493813031429284	-0.0993042838378896	1
-1.45088003603535	0.73918800902215	0.558695089627874	-1.78268524782816	0.98486979384773	1.66000085397359	1.72615303832064	0.95395834970928	1.15630553734785	2.38538824627804	-0.91852885891905	0.237655250596322	-1.06886192636509	0.246178356098297	1
-1.45088003603535	0.437161719020348	0.0735764064039296	0.542556379773789	0.713371528663977	-0.347712711743811	0.829697629982712	0.95395834970928	-0.863569958272444	-0.493528602678215	1.08711959884723	0.237655250596322	-1.06886192636509	0.572467516038029	1
0.688237965811639	-0.0479363724629947	-0.537090590283769	0.542556379773789	0.170374998296471	-0.347712711743811	-0.638995147344254	-1.0467445721734	-0.863569958272444	-0.493528602678215	-0.91852885891905	0.237655250596322	0.673710482531292	-0.195271683820164	1
-1.45088003603535	-0.539783654784366	-0.378397522065584	0.542556379773789	1.79936458939899	1.66000085397359	-0.402928556481934	0.95395834970928	-0.863569958272444	-0.493528602678215	-0.91852885891905	0.237655250596322	1.02222496431057	-0.195271683820164	1
0.688237965811639	-0.349962662464797	1.55504650527622	0.542556379773789	-0.372621532071035	0.15421567968554	-0.589690099885669	-1.0467445721734	-0.863569958272444	-0.493528602678215	1.08711959884723	0.237655250596322	3.11331185498623	-0.195271683820164	1
0.688237965811639	0.000151612257962779	-0.152410557830827	0.542556379773789	1.79936458939899	-0.347712711743811	0.829697629982712	0.95395834970928	1.15630553734785	0.123382150669554	1.08711959884723	0.237655250596322	0.615624735568079	0.242147725299041	1
0.688237965811639	0.211907474801126	0.349782696024188	0.542556379773789	-0.372621532071035	-0.347712711743811	-0.627042408566415	0.95395834970928	-0.863569958272444	-0.493528602678215	1.08711959884723	0.237655250596322	1.50433666410523	-0.195271683820164	1
0.688237965811639	-0.800471150903241	-0.486871264898267	0.542556379773789	-0.915618062438541	-0.347712711743811	-0.440280865162681	-1.0467445721734	-0.863569958272444	-0.493528602678215	-0.91852885891905	0.237655250596322	-0.0233184810272608	-0.195271683820164	1
0.688237965811639	-0.0411871816249657	-0.336213288741763	0.542556379773789	0.170374998296471	-0.347712711743811	0.0826514563677749	-1.0467445721734	1.15630553734785	-0.0822547671130358	1.08711959884723	0.237655250596322	-0.139489974953686	-0.187402357021617	1
0.688237965811639	0.000151612257962779	-0.855481113227848	0.542556379773789	0.170374998296471	0.15421567968554	-0.414881295259773	0.95395834970928	-0.863569958272444	-0.493528602678215	1.08711959884723	-3.1089186863723	0.789881976457717	-0.195271683820164	1
0.688237965811639	-1.31340965459345	-0.328178196680082	0.542556379773789	0.441873263480224	-0.347712711743811	-0.638995147344254	-1.0467445721734	1.15630553734785	-0.287891684895625	-0.91852885891905	0.237655250596322	-1.06886192636509	-0.194120075020376	1
0.688237965811639	-0.364304692995609	-0.621459056931411	0.542556379773789	1.52786632421524	1.66000085397359	0.85509719988562	0.95395834970928	1.15630553734785	1.35720365736509	-0.91852885891905	0.237655250596322	1.2487593774671	-0.0365416042494823	1
0.688237965811639	-0.539783654784366	-0.353287859372833	0.542556379773789	0.170374998296471	-0.347712711743811	-0.290871630439694	-1.0467445721734	1.15630553734785	-0.287891684895625	-0.91852885891905	0.237655250596322	-1.06886192636509	-0.191049118220944	1
0.688237965811639	3.05247316875663	0.148905394482182	0.542556379773789	0.713371528663977	2.16192924540294	3.22024538555051	0.95395834970928	1.15630553734785	-0.287891684895625	1.08711959884723	0.237655250596322	-1.06886192636509	-0.195271683820164	1
-1.45088003603535	-1.07465702869817	0.952414600650206	0.542556379773789	0.441873263480224	-0.347712711743811	-0.178814704397453	0.95395834970928	1.15630553734785	0.740292904017322	1.08711959884723	0.237655250596322	-0.836518938512239	-0.0801108038414347	1
-1.45088003603535	-0.364304692995609	-0.89766534655167	0.542556379773789	-0.101123266887282	1.66000085397359	-0.627042408566415	-1.0467445721734	1.15630553734785	-0.287891684895625	1.08711959884723	0.237655250596322	0.511070391034296	-0.174542725423992	1
-1.45088003603535	-1.01138336459165	-0.822336358473417	-1.78268524782816	0.170374998296471	-0.347712711743811	-0.365576247801187	-1.0467445721734	1.15630553734785	-0.287891684895625	-0.91852885891905	0.237655250596322	10.5482874662775	-0.194887814220234	1
0.688237965811639	-0.0690275938318356	-0.637529241054772	0.542556379773789	-1.45861459280605	-0.347712711743811	-0.489585912621267	-1.0467445721734	-0.863569958272444	-0.493528602678215	1.08711959884723	-3.1089186863723	-1.06886192636509	-0.195271683820164	1
-1.45088003603535	1.57608767293776	-0.788187217211276	0.542556379773789	-0.372621532071035	-0.347712711743811	-0.514985482524175	-1.0467445721734	-0.863569958272444	-0.493528602678215	1.08711959884723	0.237655250596322	0.325196000752016	-0.172815312224311	1
0.688237965811639	-0.0411871816249657	-0.654603811685842	-1.78268524782816	0.441873263480224	-0.347712711743811	-0.652441978469323	-1.0467445721734	-0.863569958272444	-0.493528602678215	-0.91852885891905	-3.1089186863723	-0.139489974953686	-0.195271683820164	1
0.688237965811639	1.68829297061999	2.05723975913124	0.542556379773789	0.170374998296471	-0.347712711743811	1.87556227304362	0.95395834970928	1.15630553734785	1.35720365736509	-0.91852885891905	0.237655250596322	-1.06886192636509	-0.195271683820164	1
-1.45088003603535	0.422819688489536	-0.89766534655167	0.542556379773789	-1.7301128579898	-1.85349788603186	-0.664394717247162	-1.0467445721734	1.15630553734785	1.56284057514768	-0.91852885891905	0.237655250596322	0.0928530128991647	-0.191816857420802	1
0.688237965811639	0.169725032063444	-0.403507184758335	0.542556379773789	-0.101123266887282	-0.347712711743811	0.605583777898231	0.95395834970928	1.15630553734785	0.740292904017322	-0.91852885891905	0.237655250596322	0.11608731168445	-0.195271683820164	1
-1.45088003603535	-0.905927257747445	-0.353287859372833	0.542556379773789	-0.372621532071035	-0.347712711743811	-0.652441978469323	0.95395834970928	-0.863569958272444	-0.493528602678215	-0.91852885891905	0.237655250596322	-0.488004456732962	-0.195271683820164	1
0.688237965811639	0.388230085444637	2.68498132645001	0.542556379773789	0.441873263480224	-0.347712711743811	-0.638995147344254	-1.0467445721734	-0.863569958272444	-0.493528602678215	-0.91852885891905	0.237655250596322	0.789881976457717	0.486480725653911	1
0.688237965811639	1.61827011567544	-0.838406542596778	0.542556379773789	-1.7301128579898	-1.85349788603186	-0.664394717247162	-1.0467445721734	-0.863569958272444	-0.493528602678215	-0.91852885891905	0.237655250596322	-0.226618595398505	-0.195271683820164	1
-1.45088003603535	-0.673923822690195	-0.789191603718986	0.542556379773789	0.98486979384773	-0.347712711743811	-0.540385052427083	-1.0467445721734	1.15630553734785	-0.287891684895625	1.08711959884723	0.237655250596322	0.0928530128991647	-0.193160401020554	1
0.688237965811639	0.303865199969273	-0.0519719070598242	0.542556379773789	1.79936458939899	1.66000085397359	1.05381148206719	-1.0467445721734	-0.863569958272444	-0.493528602678215	1.08711959884723	-3.1089186863723	3.06103468271933	-0.195271683820164	1
-1.45088003603535	2.26534878727148	3.26250356838327	0.542556379773789	-1.18711632762229	0.15421567968554	2.32378997721259	0.95395834970928	1.15630553734785	2.17975132849545	-0.91852885891905	0.237655250596322	-1.06886192636509	1.09069147594231	1
0.688237965811639	-0.279939807520245	-0.780152125149596	0.542556379773789	-0.101123266887282	-0.347712711743811	-0.377528986579026	0.95395834970928	1.15630553734785	0.123382150669554	1.08711959884723	0.237655250596322	1.23133365337813	-0.195271683820164	1
0.688237965811639	0.000151612257962779	-0.830371450535097	0.542556379773789	-0.915618062438541	-0.347712711743811	-0.589690099885669	-1.0467445721734	-0.863569958272444	-0.493528602678215	-0.91852885891905	0.237655250596322	1.13839645823699	0.190517264108578	1
-1.45088003603535	0.0153372916435283	-0.353287859372833	-1.78268524782816	-0.644119797254788	-0.849641103173162	-0.664394717247162	-1.0467445721734	-0.863569958272444	-0.493528602678215	-0.91852885891905	0.237655250596322	-0.139489974953686	-0.191432987820873	1
0.688237965811639	-1.02488174626771	0.349782696024188	0.542556379773789	0.441873263480224	1.66000085397359	-0.228119751856039	0.95395834970928	1.15630553734785	0.945929821799911	-0.91852885891905	0.237655250596322	-0.604175950659388	0.371703715275111	1
0.688237965811639	0.633731902177945	0.249344045253185	0.542556379773789	-0.101123266887282	-0.347712711743811	-0.278918891661855	0.95395834970928	1.15630553734785	0.534655986234733	1.08711959884723	0.237655250596322	-0.441535859162392	0.0152807917409456	1
0.688237965811639	-1.22229557828006	-0.295033441925651	0.542556379773789	-1.18711632762229	-0.347712711743811	-0.564290529982761	-1.0467445721734	-0.863569958272444	-0.493528602678215	1.08711959884723	0.237655250596322	-0.255661468880112	-0.194887814220234	1
0.688237965811639	1.11882999366129	0.450221346795191	-1.78268524782816	0.170374998296471	-0.347712711743811	-0.178814704397453	-1.0467445721734	-0.863569958272444	-0.493528602678215	-0.91852885891905	0.237655250596322	-0.139489974953686	-0.194887814220234	1
0.688237965811639	-1.29231843322461	-0.955919763998851	-1.78268524782816	-0.372621532071035	-0.347712711743811	-0.589690099885669	-1.0467445721734	-0.863569958272444	-0.493528602678215	-0.91852885891905	0.237655250596322	-0.720347444585813	-0.195271683820164	1
-1.45088003603535	0.810054512821456	0.349782696024188	0.542556379773789	0.98486979384773	-0.347712711743811	-0.514985482524175	0.95395834970928	1.15630553734785	0.123382150669554	1.08711959884723	0.237655250596322	-0.226618595398505	-0.195271683820164	1
0.688237965811639	-0.223415334251751	2.05723975913124	0.542556379773789	0.170374998296471	1.66000085397359	0.929801817247114	0.95395834970928	1.15630553734785	1.76847749293027	-0.91852885891905	0.237655250596322	-1.06886192636509	0.2429154644989	1
-1.45088003603535	-0.455418769309002	-0.554165160914839	0.542556379773789	-0.644119797254788	-0.849641103173162	-0.664394717247162	-1.0467445721734	-0.863569958272444	-0.493528602678215	1.08711959884723	0.237655250596322	0.534304689819581	-0.195079749020199	1
0.688237965811639	0.591549459440263	-0.285993963356261	0.542556379773789	0.441873263480224	-0.347712711743811	0.530879160536737	0.95395834970928	1.15630553734785	2.38538824627804	-0.91852885891905	0.237655250596322	1.15582218232596	0.062688687332189	1
0.688237965811639	-0.539783654784366	0.249344045253185	0.542556379773789	0.170374998296471	-0.347712711743811	-0.365576247801187	0.95395834970928	1.15630553734785	0.123382150669554	-0.91852885891905	0.237655250596322	-1.06886192636509	-0.195271683820164	1
-1.45088003603535	-0.286688998358274	-0.880590775920599	0.542556379773789	0.98486979384773	-0.347712711743811	-0.489585912621267	0.95395834970928	1.15630553734785	0.329019068452143	-0.91852885891905	0.237655250596322	-0.604175950659388	-0.195271683820164	1
0.688237965811639	3.53082206940194	2.60965233837176	0.542556379773789	-1.7301128579898	-1.85349788603186	-0.664394717247162	0.95395834970928	-0.863569958272444	-0.493528602678215	1.08711959884723	0.237655250596322	-1.06886192636509	-0.195271683820164	1
0.688237965811639	-0.765037899003588	1.35416920373422	-1.78268524782816	-0.101123266887282	-0.347712711743811	-0.2161670130782	-1.0467445721734	-0.863569958272444	-0.493528602678215	1.08711959884723	0.237655250596322	-1.06886192636509	0.572467516038029	1
-1.45088003603535	-0.371053883833638	-0.704823137071344	0.542556379773789	-1.7301128579898	-1.85349788603186	-0.664394717247162	-1.0467445721734	1.15630553734785	-0.287891684895625	-0.91852885891905	0.237655250596322	-0.534473054303533	-0.137691243830799	1
-1.45088003603535	-1.04597296763655	0.768611869739271	0.542556379773789	1.52786632421524	1.66000085397359	-0.440280865162681	0.95395834970928	1.15630553734785	0.945929821799911	-0.91852885891905	0.237655250596322	-0.511238755518248	-0.195271683820164	1
-1.45088003603535	-0.505194051739467	-0.955919763998851	0.542556379773789	0.170374998296471	-0.347712711743811	-0.664394717247162	-1.0467445721734	-0.863569958272444	-0.493528602678215	-0.91852885891905	3.58422918756494	-8.41822419756658e-05	-0.195271683820164	1
0.688237965811639	0.000151612257962779	-0.947884671937171	-1.78268524782816	-1.45861459280605	-0.347712711743811	0.605583777898231	-1.0467445721734	-0.863569958272444	-0.493528602678215	1.08711959884723	0.237655250596322	1.6030824339427	-0.195271683820164	1
-1.45088003603535	-0.765037899003588	0.7515372991082	0.542556379773789	0.98486979384773	-0.347712711743811	-0.141462395716706	0.95395834970928	1.15630553734785	1.56284057514768	-0.91852885891905	0.237655250596322	-0.604175950659388	-0.00525623185526102	1
-1.45088003603535	-0.729604647103935	-0.704823137071344	0.542556379773789	0.98486979384773	-0.347712711743811	-0.589690099885669	-1.0467445721734	-0.863569958272444	-0.493528602678215	1.08711959884723	0.237655250596322	-0.371832962806537	-0.0399964306488442	1
0.688237965811639	-0.701764234897065	1.58015616796897	0.542556379773789	0.170374998296471	-0.347712711743811	-0.627042408566415	-1.0467445721734	1.15630553734785	-0.0822547671130358	-0.91852885891905	0.237655250596322	-1.06886192636509	0.870350325583007	1
-1.45088003603535	-0.17448370067604	-0.737967891825775	-1.78268524782816	1.79936458939899	-0.347712711743811	-0.365576247801187	-1.0467445721734	-0.863569958272444	-0.493528602678215	-0.91852885891905	0.237655250596322	0.557538988604866	-0.192776531420624	1
-1.45088003603535	0.0364285130123692	0.249344045253185	0.542556379773789	-1.45861459280605	-0.347712711743811	-0.290871630439694	-1.0467445721734	-0.863569958272444	-0.493528602678215	-0.91852885891905	0.237655250596322	0.511070391034296	-0.195271683820164	1
0.688237965811639	-0.38539591436445	-0.654603811685842	-1.78268524782816	0.441873263480224	-0.347712711743811	-0.552337791204922	0.95395834970928	-0.863569958272444	-0.493528602678215	1.08711959884723	0.237655250596322	0.441367494678441	0.00913887814208008	1
0.688237965811639	-1.03247458596049	1.23665598233214	0.542556379773789	0.170374998296471	0.15421567968554	-0.489585912621267	-1.0467445721734	1.15630553734785	-0.0822547671130358	1.08711959884723	0.237655250596322	0.0928530128991647	-0.193928140220412	1
0.688237965811639	0.352796833544984	-0.470801080774907	0.542556379773789	0.441873263480224	-0.347712711743811	-0.627042408566415	-1.0467445721734	1.15630553734785	-0.0822547671130358	-0.91852885891905	0.237655250596322	0.20902450682559	-0.195079749020199	1
0.688237965811639	-1.07465702869817	-0.955919763998851	0.542556379773789	0.98486979384773	-0.347712711743811	-0.465680435065589	-1.0467445721734	-0.863569958272444	-0.493528602678215	-0.91852885891905	0.237655250596322	-0.139489974953686	-0.195079749020199	1
-1.45088003603535	-0.237757364782563	-0.202629883216329	0.542556379773789	0.170374998296471	-0.347712711743811	-0.34017667789828	0.95395834970928	1.15630553734785	-0.287891684895625	1.08711959884723	0.237655250596322	1.0861192859701	-0.195271683820164	1
0.688237965811639	0.24059153586275	-0.102191232445326	0.542556379773789	-1.18711632762229	0.15421567968554	0.306765308452256	0.95395834970928	1.15630553734785	-0.0822547671130358	-0.91852885891905	0.237655250596322	0.522687540426939	-0.0781914558417893	1
-1.45088003603535	0.141884619856574	-0.353287859372833	-1.78268524782816	-0.372621532071035	-0.347712711743811	-0.0667577783552126	-1.0467445721734	-0.863569958272444	-0.493528602678215	-0.91852885891905	0.237655250596322	-0.0233184810272608	-0.195271683820164	1
0.688237965811639	1.88570680263235	0.977524263342957	0.542556379773789	0.713371528663977	-0.347712711743811	1.92486732050221	0.95395834970928	1.15630553734785	0.534655986234733	-0.91852885891905	0.237655250596322	-1.06886192636509	-0.195271683820164	1
0.688237965811639	-0.533034463946337	-0.755042462456845	0.542556379773789	-0.372621532071035	-0.347712711743811	-0.514985482524175	-1.0467445721734	-0.863569958272444	-0.493528602678215	-0.91852885891905	0.237655250596322	0.0928530128991647	-0.195271683820164	1
0.688237965811639	0.0718617649120222	-0.521020406160408	-1.78268524782816	-0.915618062438541	-1.85349788603186	-0.664394717247162	-1.0467445721734	-0.863569958272444	-0.493528602678215	-0.91852885891905	0.237655250596322	-0.371832962806537	-0.195271683820164	1
-1.45088003603535	-0.884836036378605	0.0484667437111789	-1.78268524782816	-1.7301128579898	-1.85349788603186	-0.664394717247162	-1.0467445721734	-0.863569958272444	-0.493528602678215	-0.91852885891905	0.237655250596322	-1.06886192636509	-0.195271683820164	1
-1.45088003603535	2.10336820715878	2.25811706067325	0.542556379773789	-0.644119797254788	-1.85349788603186	-0.664394717247162	0.95395834970928	1.15630553734785	2.59102516406063	-0.91852885891905	0.237655250596322	-1.06886192636509	-0.14786378822892	1
0.688237965811639	0.0575197343812102	-0.92277500924442	-1.78268524782816	0.170374998296471	1.66000085397359	0.306765308452256	0.95395834970928	1.15630553734785	-0.287891684895625	1.08711959884723	0.237655250596322	1.4404423424457	1.34020671589622	1
-1.45088003603535	-0.933767669954315	1.42146309975079	0.542556379773789	0.170374998296471	1.66000085397359	1.12851609942869	0.95395834970928	-0.863569958272444	-0.493528602678215	-0.91852885891905	0.237655250596322	0.906053470384143	-0.195271683820164	1
-1.45088003603535	-0.111210036569518	0.148905394482182	0.542556379773789	-0.915618062438541	-0.347712711743811	0.9791068647057	-1.0467445721734	-0.863569958272444	-0.493528602678215	1.08711959884723	-3.1089186863723	-0.488004456732962	-0.195271683820164	1
-1.45088003603535	-0.589558937214831	-0.821331971965707	0.542556379773789	-0.372621532071035	1.66000085397359	-0.141462395716706	0.95395834970928	-0.863569958272444	-0.493528602678215	-0.91852885891905	0.237655250596322	1.25456795216342	-0.195271683820164	1
0.688237965811639	-0.708513425735094	1.27884021565597	0.542556379773789	1.79936458939899	1.66000085397359	-0.526938221302014	0.95395834970928	1.15630553734785	-0.287891684895625	-0.91852885891905	0.237655250596322	-0.488004456732962	-0.195271683820164	1
-1.45088003603535	0.000151612257962779	1.30394987834872	0.542556379773789	-1.7301128579898	-1.85349788603186	-0.664394717247162	-1.0467445721734	-0.863569958272444	-0.493528602678215	-0.91852885891905	0.237655250596322	-8.41822419756658e-05	0.802789275995486	1
-1.45088003603535	0.0642689252192392	-0.847446021166168	0.542556379773789	1.52786632421524	-0.347712711743811	-0.652441978469323	0.95395834970928	-0.863569958272444	-0.493528602678215	-0.91852885891905	0.237655250596322	1.48691094001627	1.94998357538359	1
0.688237965811639	-0.645239761628571	-0.654603811685842	0.542556379773789	-1.45861459280605	1.66000085397359	-0.104110087035959	0.95395834970928	1.15630553734785	0.740292904017322	-0.91852885891905	0.237655250596322	0.0928530128991647	-0.132509004231756	1
0.688237965811639	0.437161719020348	-0.9308101013061	-1.78268524782816	0.170374998296471	-0.347712711743811	-0.2161670130782	-1.0467445721734	-0.863569958272444	-0.493528602678215	1.08711959884723	0.237655250596322	0.278727403181445	-0.17358305142417	1
0.688237965811639	-0.146643288469171	-0.704823137071344	-1.78268524782816	-0.915618062438541	-0.347712711743811	-0.589690099885669	-1.0467445721734	-0.863569958272444	-0.493528602678215	-0.91852885891905	0.237655250596322	0.232258805610875	-0.195271683820164	1
-1.45088003603535	-0.631741379952513	-0.855481113227848	0.542556379773789	0.98486979384773	1.66000085397359	-0.290871630439694	0.95395834970928	1.15630553734785	-0.287891684895625	-0.91852885891905	0.237655250596322	-1.06886192636509	-0.0651398894442	1
0.688237965811639	-0.877243196685822	-0.90570043861335	-1.78268524782816	0.170374998296471	1.66000085397359	-0.589690099885669	-1.0467445721734	-0.863569958272444	-0.493528602678215	-0.91852885891905	0.237655250596322	0.557538988604866	-0.156116984627396	1
0.688237965811639	-0.0125031205633417	2.15767840990224	0.542556379773789	0.170374998296471	-0.347712711743811	-0.514985482524175	0.95395834970928	-0.863569958272444	-0.493528602678215	-0.91852885891905	0.237655250596322	-0.371832962806537	-0.195271683820164	1
0.688237965811639	-0.737197486796718	-0.353287859372833	0.542556379773789	-0.101123266887282	-0.347712711743811	-0.278918891661855	0.95395834970928	1.15630553734785	-0.287891684895625	-0.91852885891905	0.237655250596322	0.441367494678441	-0.0417238438485251	1
0.688237965811639	0.500435383126871	-0.604384486300341	-1.78268524782816	0.170374998296471	0.15421567968554	-0.589690099885669	0.95395834970928	-0.863569958272444	-0.493528602678215	1.08711959884723	0.237655250596322	-0.116255676168401	-0.118497763834344	1
-1.45088003603535	-0.56846771584599	-0.0519719070598242	0.542556379773789	0.441873263480224	-0.347712711743811	-0.365576247801187	-1.0467445721734	-0.863569958272444	-0.493528602678215	1.08711959884723	0.237655250596322	1.02222496431057	-0.194120075020376	1
0.688237965811639	0.401728467120695	-0.194594791154648	0.542556379773789	0.441873263480224	-0.347712711743811	-0.316271200342602	0.95395834970928	-0.863569958272444	-0.493528602678215	1.08711959884723	0.237655250596322	0.0928530128991647	-0.195271683820164	1
-1.45088003603535	1.32299301651167	-0.805261787842347	0.542556379773789	0.98486979384773	1.66000085397359	0.157356073729269	0.95395834970928	1.15630553734785	-0.287891684895625	-0.91852885891905	0.237655250596322	0.865393447509894	-0.0240658422517867	1
0.688237965811639	0.0431777038503982	-0.152410557830827	-1.78268524782816	1.52786632421524	-0.347712711743811	-0.2161670130782	-1.0467445721734	-0.863569958272444	-0.493528602678215	1.08711959884723	0.237655250596322	-0.371832962806537	-0.195271683820164	1
-1.45088003603535	-0.0833696243626476	1.18643665694664	0.542556379773789	0.98486979384773	1.66000085397359	-0.638995147344254	-1.0467445721734	1.15630553734785	1.97411441071286	1.08711959884723	0.237655250596322	-0.319555790539646	-0.19469587942027	1
0.688237965811639	-0.315373059419898	-0.646568719624162	0.542556379773789	0.441873263480224	-0.347712711743811	0.456174543175243	0.95395834970928	1.15630553734785	0.534655986234733	1.08711959884723	0.237655250596322	-0.488004456732962	-0.19469587942027	1
0.688237965811639	1.96247884841493	2.15767840990224	0.542556379773789	0.713371528663977	2.16192924540294	-0.664394717247162	0.95395834970928	1.15630553734785	3.61920975297357	-0.91852885891905	0.237655250596322	-0.185958572524256	-0.170320159824772	1
0.688237965811639	-1.30666046375542	-0.805261787842347	0.542556379773789	0.170374998296471	-0.347712711743811	-0.141462395716706	0.95395834970928	1.15630553734785	0.534655986234733	1.08711959884723	0.237655250596322	0.975756366739998	-0.0628366718446254	1
0.688237965811639	-0.589558937214831	1.55504650527622	0.542556379773789	0.441873263480224	-0.347712711743811	-0.402928556481934	0.95395834970928	-0.863569958272444	-0.493528602678215	1.08711959884723	0.237655250596322	0.441367494678441	-0.195271683820164	1
0.688237965811639	0.0929529862808632	0.148905394482182	0.542556379773789	0.98486979384773	1.66000085397359	0.9791068647057	0.95395834970928	1.15630553734785	1.97411441071286	1.08711959884723	0.237655250596322	1.30103654973399	-0.00333688385561554	1
0.688237965811639	-0.117959227407547	-0.855481113227848	0.542556379773789	0.170374998296471	-0.347712711743811	-0.141462395716706	0.95395834970928	1.15630553734785	1.76847749293027	-0.91852885891905	0.237655250596322	-0.882987536082809	-0.0916268918393076	1
0.688237965811639	-0.786129120372429	-0.863516205289528	0.542556379773789	-0.915618062438541	-0.347712711743811	-0.627042408566415	-1.0467445721734	-0.863569958272444	-0.493528602678215	1.08711959884723	0.237655250596322	0.557538988604866	-0.184715269822113	1
0.688237965811639	0.858986146397167	-0.763077554518525	0.542556379773789	1.79936458939899	-0.347712711743811	0.0826514563677749	0.95395834970928	-0.863569958272444	-0.493528602678215	-0.91852885891905	0.237655250596322	1.89351116875876	-0.0801108038414347	1
0.688237965811639	0.430412528182319	-0.554165160914839	0.542556379773789	-1.18711632762229	-0.347712711743811	-0.589690099885669	-1.0467445721734	-0.863569958272444	-0.493528602678215	1.08711959884723	0.237655250596322	0.214833081521911	-0.195271683820164	1
0.688237965811639	-0.484102830370626	1.6223404012928	0.542556379773789	1.52786632421524	-0.347712711743811	-0.514985482524175	-1.0467445721734	-0.863569958272444	-0.493528602678215	-0.91852885891905	0.237655250596322	-1.06886192636509	-0.194887814220234	1
0.688237965811639	-0.139050448776388	-0.58730991566927	0.542556379773789	0.170374998296471	1.66000085397359	0.630983347801139	0.95395834970928	-0.863569958272444	-0.493528602678215	-0.91852885891905	0.237655250596322	0.441367494678441	-0.156884723827254	1
0.688237965811639	-0.969200921853968	-0.90570043861335	0.542556379773789	0.98486979384773	-0.347712711743811	-0.627042408566415	-1.0467445721734	-0.863569958272444	-0.493528602678215	-0.91852885891905	0.237655250596322	0.0928530128991647	-0.195271683820164	1
0.688237965811639	-1.00379052489887	-0.880590775920599	0.542556379773789	0.98486979384773	-0.347712711743811	-0.0667577783552126	0.95395834970928	1.15630553734785	-0.0822547671130358	1.08711959884723	0.237655250596322	-0.604175950659388	-0.195271683820164	1
0.688237965811639	1.67479458894394	-0.947884671937171	0.542556379773789	1.79936458939899	1.66000085397359	-0.652441978469323	0.95395834970928	-0.863569958272444	-0.493528602678215	-0.91852885891905	0.237655250596322	-1.06886192636509	0.38053271607348	1
0.688237965811639	2.63064874137981	0.450221346795191	0.542556379773789	0.713371528663977	2.16192924540294	-0.664394717247162	-1.0467445721734	-0.863569958272444	-0.493528602678215	-0.91852885891905	0.237655250596322	-1.06886192636509	-0.192968466220589	1
0.688237965811639	0.760279230390991	-0.295033441925651	0.542556379773789	-0.101123266887282	-0.347712711743811	0.38146992581375	-1.0467445721734	-0.863569958272444	-0.493528602678215	1.08711959884723	-3.1089186863723	1.25456795216342	-0.195271683820164	1
-1.45088003603535	-1.28556924238658	-0.91373553067503	0.542556379773789	-0.372621532071035	-0.347712711743811	-0.627042408566415	-1.0467445721734	-0.863569958272444	-0.493528602678215	-0.91852885891905	0.237655250596322	0.0928530128991647	-0.195079749020199	1
0.688237965811639	-0.17448370067604	-0.839410929104488	0.542556379773789	0.441873263480224	-0.347712711743811	-0.57773736110783	-1.0467445721734	1.15630553734785	-0.287891684895625	-0.91852885891905	0.237655250596322	0.906053470384143	0.342721560480465	1
0.688237965811639	0.205158283963097	-0.0519719070598242	0.542556379773789	-0.372621532071035	-0.347712711743811	-0.365576247801187	0.95395834970928	-0.863569958272444	-0.493528602678215	1.08711959884723	0.237655250596322	0.325196000752016	-0.195271683820164	1
-1.45088003603535	3.37559068012727	-0.955919763998851	0.542556379773789	0.170374998296471	-0.347712711743811	-0.664394717247162	-1.0467445721734	-0.863569958272444	-0.493528602678215	-0.91852885891905	3.58422918756494	-8.41822419756658e-05	-0.195271683820164	1
0.688237965811639	0.880077367766008	-0.91473991718274	0.542556379773789	-1.18711632762229	1.66000085397359	0.867049938663459	0.95395834970928	-0.863569958272444	-0.493528602678215	-0.91852885891905	0.237655250596322	1.25456795216342	-0.195271683820164	1
-1.45088003603535	-0.765037899003588	1.25373055296322	-1.78268524782816	0.98486979384773	-0.347712711743811	0.232060691090762	0.95395834970928	-0.863569958272444	-0.493528602678215	1.08711959884723	0.237655250596322	0.487836092249011	-0.195271683820164	1
0.688237965811639	-0.603057318890889	-0.554165160914839	0.542556379773789	0.713371528663977	-1.35156949460251	-0.615089669788576	-1.0467445721734	1.15630553734785	-0.0822547671130358	-0.91852885891905	0.237655250596322	0.789881976457717	0.0542435561337489	1
0.688237965811639	1.07664755092361	-0.855481113227848	0.542556379773789	-1.18711632762229	1.66000085397359	0.829697629982712	0.95395834970928	-0.863569958272444	-0.493528602678215	1.08711959884723	0.237655250596322	0.789881976457717	-0.195271683820164	1
-1.45088003603535	-0.722855456265906	1.40438852911972	0.542556379773789	1.79936458939899	1.66000085397359	-0.514985482524175	0.95395834970928	1.15630553734785	-0.0822547671130358	1.08711959884723	0.237655250596322	0.673710482531292	-0.0895156090396976	1
0.688237965811639	0.24059153586275	-0.687748566440273	0.542556379773789	-1.18711632762229	0.15421567968554	-0.627042408566415	-1.0467445721734	-0.863569958272444	-0.493528602678215	1.08711959884723	0.237655250596322	1.48691094001627	0.668434916020303	1
0.688237965811639	-0.716106265427877	1.35416920373422	0.542556379773789	-1.18711632762229	-0.347712711743811	0.38146992581375	0.95395834970928	1.15630553734785	1.35720365736509	-0.91852885891905	0.237655250596322	-0.743581743371098	-0.0528560622464689	1
0.688237965811639	-0.476509990677843	-0.780152125149596	0.542556379773789	-0.915618062438541	-0.347712711743811	-0.552337791204922	-1.0467445721734	1.15630553734785	-0.0822547671130358	1.08711959884723	0.237655250596322	-0.0581699292051884	-0.19469587942027	1
-1.45088003603535	-1.18011313554238	0.851975949879203	0.542556379773789	-0.372621532071035	-0.347712711743811	-0.253519321758947	0.95395834970928	-0.863569958272444	-0.493528602678215	1.08711959884723	0.237655250596322	-1.06886192636509	-0.195271683820164	1
0.688237965811639	-0.940516860792344	-0.737967891825775	0.542556379773789	0.98486979384773	-0.347712711743811	-0.2161670130782	-1.0467445721734	-0.863569958272444	-0.493528602678215	-0.91852885891905	0.237655250596322	-0.441535859162392	-0.193928140220412	1
0.688237965811639	0.00858810080549929	2.29126181542768	0.542556379773789	-1.45861459280605	-0.347712711743811	0.232060691090762	0.95395834970928	1.15630553734785	1.35720365736509	-0.91852885891905	0.237655250596322	0.383281747715228	-0.0551592798460435	1
-1.45088003603535	2.19448228347218	-0.554165160914839	0.542556379773789	-1.7301128579898	-1.85349788603186	1.27792533415167	-1.0467445721734	1.15630553734785	-0.287891684895625	-0.91852885891905	0.237655250596322	-1.06886192636509	-0.193352335820518	1
0.688237965811639	2.37080489411569	-0.646568719624162	0.542556379773789	0.98486979384773	-0.347712711743811	-0.627042408566415	0.95395834970928	-0.863569958272444	-0.493528602678215	1.08711959884723	0.237655250596322	0.441367494678441	-0.195271683820164	1
-1.45088003603535	2.83481176423019	1.85636245758923	0.542556379773789	-1.7301128579898	-1.85349788603186	-0.664394717247162	0.95395834970928	1.15630553734785	1.76847749293027	1.08711959884723	0.237655250596322	-1.06886192636509	0.0734370361302037	1
0.688237965811639	-0.12555206710033	-0.747007370395165	-1.78268524782816	-1.18711632762229	0.15421567968554	-0.514985482524175	0.95395834970928	1.15630553734785	1.56284057514768	1.08711959884723	0.237655250596322	-0.302130066450682	-0.189897509421156	1
0.688237965811639	1.4351983141939	0.349782696024188	0.542556379773789	0.98486979384773	1.66000085397359	1.12851609942869	0.95395834970928	-0.863569958272444	-0.493528602678215	1.08711959884723	0.237655250596322	0.964139217347355	-0.195271683820164	1
-1.45088003603535	-0.673923822690195	1.35416920373422	-1.78268524782816	-0.915618062438541	1.66000085397359	0.232060691090762	-1.0467445721734	-0.863569958272444	-0.493528602678215	1.08711959884723	0.237655250596322	-0.952690432438664	-0.192200727020731	1
0.688237965811639	-0.961608082161185	0.902195275264704	0.542556379773789	0.170374998296471	-0.347712711743811	-0.166861965619614	0.95395834970928	1.15630553734785	0.123382150669554	1.08711959884723	0.237655250596322	-0.836518938512239	-0.189897509421156	1
0.688237965811639	1.400608711149	0.575769660258945	0.542556379773789	0.441873263480224	1.66000085397359	3.96729155916545	0.95395834970928	1.15630553734785	1.97411441071286	-0.91852885891905	0.237655250596322	-1.06886192636509	-0.0436431918481706	1
0.688237965811639	-0.701764234897065	-0.654603811685842	0.542556379773789	0.98486979384773	-0.347712711743811	0.045299147687028	0.95395834970928	1.15630553734785	0.123382150669554	1.08711959884723	0.237655250596322	-1.06886192636509	-0.0835656302407966	1
0.688237965811639	0.0575197343812102	1.85636245758923	-1.78268524782816	-1.7301128579898	-1.85349788603186	-0.664394717247162	-1.0467445721734	1.15630553734785	-0.0822547671130358	-0.91852885891905	0.237655250596322	-0.139489974953686	-0.195079749020199	1
0.688237965811639	0.169725032063444	-0.888625867982279	-1.78268524782816	1.52786632421524	-0.347712711743811	-0.638995147344254	-1.0467445721734	-0.863569958272444	-0.493528602678215	-0.91852885891905	0.237655250596322	-0.0233184810272608	-0.195271683820164	1
0.688237965811639	-0.673923822690195	-0.863516205289528	-1.78268524782816	0.441873263480224	-0.347712711743811	0.120003765048522	0.95395834970928	1.15630553734785	0.740292904017322	1.08711959884723	0.237655250596322	0.139321610469735	-0.128670308232465	1
0.688237965811639	-1.23579395995612	-0.888625867982279	-1.78268524782816	-0.915618062438541	-0.347712711743811	-0.57773736110783	-1.0467445721734	-0.863569958272444	-0.493528602678215	-0.91852885891905	-3.1089186863723	0.0928530128991647	-0.195271683820164	1
-1.45088003603535	-0.905927257747445	0.7515372991082	0.542556379773789	0.170374998296471	-0.347712711743811	-0.615089669788576	-1.0467445721734	-0.863569958272444	-0.493528602678215	-0.91852885891905	0.237655250596322	-1.06886192636509	-0.127902569032607	1
-1.45088003603535	2.44757693989827	2.35855571144425	0.542556379773789	0.98486979384773	-0.347712711743811	2.62260844665856	0.95395834970928	-0.863569958272444	-0.493528602678215	1.08711959884723	0.237655250596322	-0.946881857742343	1.83175173860543	1
0.688237965811639	0.000151612257962779	0.0484667437111789	-1.78268524782816	-0.372621532071035	-0.347712711743811	1.87556227304362	0.95395834970928	-0.863569958272444	-0.493528602678215	-0.91852885891905	0.237655250596322	-1.06886192636509	-0.195271683820164	1
-1.45088003603535	-0.554125685315178	1.52089736401408	0.542556379773789	1.52786632421524	1.66000085397359	0.38146992581375	0.95395834970928	1.15630553734785	0.740292904017322	-0.91852885891905	0.237655250596322	1.25456795216342	-0.107365545436401	1
0.688237965811639	-0.849402784478952	1.00263392603571	0.542556379773789	0.170374998296471	-0.347712711743811	-0.589690099885669	0.95395834970928	-0.863569958272444	-0.493528602678215	-0.91852885891905	0.237655250596322	-0.255661468880112	-0.195271683820164	1
0.688237965811639	-0.940516860792344	-0.955919763998851	0.542556379773789	0.170374998296471	-0.347712711743811	-0.664394717247162	-1.0467445721734	-0.863569958272444	-0.493528602678215	-0.91852885891905	3.58422918756494	-8.41822419756658e-05	-0.195271683820164	1
-1.45088003603535	-0.533034463946337	1.75592380681823	-1.78268524782816	-1.7301128579898	-1.85349788603186	-0.0667577783552126	-1.0467445721734	1.15630553734785	-0.287891684895625	1.08711959884723	0.237655250596322	0.0928530128991647	-0.195079749020199	1
0.688237965811639	0.95010022271056	-0.0268622443670734	0.542556379773789	0.98486979384773	-0.347712711743811	0.704193872815403	0.95395834970928	-0.863569958272444	-0.493528602678215	-0.91852885891905	-3.1089186863723	-1.06886192636509	-0.195271683820164	1
0.688237965811639	-0.41323632657132	-0.604384486300341	-1.78268524782816	0.170374998296471	-0.347712711743811	-0.365576247801187	0.95395834970928	1.15630553734785	0.534655986234733	1.08711959884723	0.237655250596322	-0.139489974953686	0.91353565557503	1
0.688237965811639	2.21557350484102	0.458256438856871	0.542556379773789	-0.101123266887282	-0.347712711743811	3.51906385499649	0.95395834970928	1.15630553734785	0.740292904017322	1.08711959884723	0.237655250596322	1.02222496431057	0.0603854697326144	1
0.688237965811639	2.05443657358307	1.35416920373422	0.542556379773789	-1.7301128579898	-1.85349788603186	0.829697629982712	0.95395834970928	1.15630553734785	0.534655986234733	-0.91852885891905	0.237655250596322	-1.06886192636509	1.50354323066605	1
0.688237965811639	1.66720174925115	1.05285325142121	0.542556379773789	-1.18711632762229	0.15421567968554	-0.664394717247162	0.95395834970928	1.15630553734785	1.76847749293027	-0.91852885891905	0.237655250596322	-1.06886192636509	0.0444548813355569	1
0.688237965811639	0.697005566284468	-0.855481113227848	0.542556379773789	-0.101123266887282	-0.347712711743811	-0.589690099885669	0.95395834970928	-0.863569958272444	-0.493528602678215	-0.91852885891905	-3.1089186863723	0.604007586175437	-0.195271683820164	1
0.688237965811639	-0.336464280788739	-0.546130068853159	-1.78268524782816	-0.372621532071035	-0.347712711743811	-0.0667577783552126	0.95395834970928	1.15630553734785	0.123382150669554	1.08711959884723	0.237655250596322	1.08031071127378	-0.0877881958400167	1
0.688237965811639	-0.117959227407547	0.349782696024188	0.542556379773789	1.52786632421524	-0.347712711743811	0.269412999771509	0.95395834970928	1.15630553734785	1.1515667395825	-0.91852885891905	0.237655250596322	0.84796772342093	0.0350500761372941	1
0.688237965811639	1.70938419198883	-0.546130068853159	-1.78268524782816	-1.7301128579898	-1.85349788603186	-0.2161670130782	-1.0467445721734	-0.863569958272444	-0.493528602678215	-0.91852885891905	0.237655250596322	-0.371832962806537	-0.195079749020199	1
-1.45088003603535	-0.554125685315178	1.25373055296322	-1.78268524782816	-0.372621532071035	-0.347712711743811	0.680288395259725	0.95395834970928	-0.863569958272444	-0.493528602678215	-0.91852885891905	0.237655250596322	-0.371832962806537	-0.195271683820164	1
0.688237965811639	-0.160141670145228	-0.805261787842347	-1.78268524782816	0.170374998296471	-0.347712711743811	-0.652441978469323	-1.0467445721734	-0.863569958272444	-0.493528602678215	-0.91852885891905	0.237655250596322	0.325196000752016	-0.195271683820164	1
-1.45088003603535	0.177317871756227	-0.880590775920599	0.542556379773789	1.52786632421524	-0.347712711743811	-0.552337791204922	-1.0467445721734	-0.863569958272444	-0.493528602678215	-0.91852885891905	0.237655250596322	0.673710482531292	-0.186826552621723	1
0.688237965811639	-0.490852021208655	-0.805261787842347	0.542556379773789	0.170374998296471	0.15421567968554	-0.589690099885669	0.95395834970928	-0.863569958272444	-0.493528602678215	-0.91852885891905	0.237655250596322	0.958330642651034	-0.190857183420979	1
-1.45088003603535	-0.244506555620592	-0.747007370395165	0.542556379773789	0.170374998296471	-0.347712711743811	0.0826514563677749	0.95395834970928	1.15630553734785	0.534655986234733	1.08711959884723	0.237655250596322	0.673710482531292	0.0791950801291401	1
-1.45088003603535	-1.1379306928047	-0.880590775920599	2.86779800737574	1.52786632421524	-1.85349788603186	2.32378997721259	-1.0467445721734	-0.863569958272444	-0.493528602678215	1.08711959884723	-3.1089186863723	0.673710482531292	-0.195271683820164	1
0.688237965811639	-0.940516860792344	0.450221346795191	0.542556379773789	0.170374998296471	-0.347712711743811	-0.178814704397453	0.95395834970928	1.15630553734785	0.123382150669554	-0.91852885891905	0.237655250596322	0.0928530128991647	0.0717096229305227	1
0.688237965811639	-1.18686232638041	3.46338086992528	2.86779800737574	-1.7301128579898	1.15807246254424	-0.664394717247162	-1.0467445721734	-0.863569958272444	-0.493528602678215	1.08711959884723	3.58422918756494	1.54499668697948	18.9982083126346	1
0.688237965811639	-1.1379306928047	0.400002021409689	-1.78268524782816	-0.101123266887282	-0.347712711743811	-0.652441978469323	-1.0467445721734	-0.863569958272444	-0.493528602678215	-0.91852885891905	0.237655250596322	-0.255661468880112	-0.195271683820164	1
0.688237965811639	1.35842626841132	-0.453726510143836	0.542556379773789	-0.101123266887282	0.15421567968554	0.0826514563677749	0.95395834970928	1.15630553734785	1.97411441071286	1.08711959884723	0.237655250596322	1.31265369912663	0.286484664090852	1
0.688237965811639	2.18098390179612	0.7515372991082	0.542556379773789	0.713371528663977	1.66000085397359	1.42733456887466	0.95395834970928	1.15630553734785	0.123382150669554	-0.91852885891905	0.237655250596322	-1.06886192636509	-0.195271683820164	1
0.688237965811639	-1.50323064691302	-0.152410557830827	-1.78268524782816	0.441873263480224	-0.347712711743811	-0.141462395716706	0.95395834970928	1.15630553734785	-0.0822547671130358	1.08711959884723	0.237655250596322	-0.371832962806537	-0.00333688385561554	1
0.688237965811639	-1.03247458596049	0.952414600650206	0.542556379773789	0.98486979384773	-0.347712711743811	-0.365576247801187	0.95395834970928	-0.863569958272444	-0.493528602678215	1.08711959884723	0.237655250596322	-0.720347444585813	-0.118497763834344	1
-1.45088003603535	-0.813969532579299	1.38731395848865	0.542556379773789	-0.915618062438541	1.66000085397359	-0.638995147344254	-1.0467445721734	-0.863569958272444	-0.493528602678215	-0.91852885891905	0.237655250596322	0.789881976457717	-0.194312009820341	1
0.688237965811639	-1.18011313554238	1.05285325142121	0.542556379773789	0.441873263480224	1.66000085397359	-0.615089669788576	-1.0467445721734	1.15630553734785	-0.287891684895625	-0.91852885891905	0.237655250596322	-0.371832962806537	-0.195079749020199	1
0.688237965811639	0.275181138907649	-0.453726510143836	-1.78268524782816	0.441873263480224	-0.347712711743811	0.232060691090762	-1.0467445721734	-0.863569958272444	-0.493528602678215	-0.91852885891905	-3.1089186863723	0.0928530128991647	-0.195271683820164	1
0.688237965811639	-0.20232411288291	-0.25284920860183	0.542556379773789	0.441873263480224	-0.347712711743811	0.38146992581375	0.95395834970928	1.15630553734785	0.123382150669554	1.08711959884723	0.237655250596322	0.842159148724609	-0.195271683820164	1
0.688237965811639	-0.856151975316981	-0.805261787842347	-1.78268524782816	1.25636805903148	1.15807246254424	-0.440280865162681	-1.0467445721734	-0.863569958272444	-0.493528602678215	1.08711959884723	0.237655250596322	-0.302130066450682	-0.194887814220234	1
0.688237965811639	-1.13033785311191	1.10307257680671	0.542556379773789	0.170374998296471	1.66000085397359	-0.34017667789828	-1.0467445721734	-0.863569958272444	-0.493528602678215	-0.91852885891905	0.237655250596322	0.789881976457717	-0.192776531420624	1
0.688237965811639	-0.301031028889086	-0.353287859372833	0.542556379773789	0.441873263480224	-0.347712711743811	-0.440280865162681	-1.0467445721734	-0.863569958272444	-0.493528602678215	1.08711959884723	0.237655250596322	0.673710482531292	-0.182412052222539	1
-1.45088003603535	1.20319487913665	1.15329190219221	0.542556379773789	0.98486979384773	-0.347712711743811	0.829697629982712	0.95395834970928	1.15630553734785	0.945929821799911	1.08711959884723	0.237655250596322	-1.06886192636509	-0.195271683820164	1
0.688237965811639	-0.743946677634747	1.35416920373422	0.542556379773789	-1.18711632762229	-0.347712711743811	-0.540385052427083	-1.0467445721734	-0.863569958272444	-0.493528602678215	-0.91852885891905	0.237655250596322	-1.06886192636509	-0.195271683820164	1
-1.45088003603535	0.000151612257962779	-0.25284920860183	0.542556379773789	-1.45861459280605	-0.347712711743811	0.232060691090762	0.95395834970928	-0.863569958272444	-0.493528602678215	1.08711959884723	0.237655250596322	0.673710482531292	-0.195271683820164	1
-1.45088003603535	-0.940516860792344	0.550659997566194	0.542556379773789	-0.915618062438541	-0.347712711743811	-0.2161670130782	0.95395834970928	1.15630553734785	-0.287891684895625	-0.91852885891905	0.237655250596322	-0.139489974953686	-0.150358940628459	1
-1.45088003603535	-0.870494005847792	-0.486871264898267	0.542556379773789	-1.18711632762229	0.15421567968554	-0.514985482524175	0.95395834970928	1.15630553734785	0.329019068452143	-0.91852885891905	-3.1089186863723	-0.604175950659388	-0.195271683820164	1
0.688237965811639	-0.41323632657132	-0.102191232445326	0.542556379773789	1.52786632421524	-0.347712711743811	0.61753651667607	0.95395834970928	1.15630553734785	-0.287891684895625	1.08711959884723	0.237655250596322	-0.371832962806537	-0.195271683820164	1
-1.45088003603535	-0.35755550215758	-0.621459056931411	0.542556379773789	-1.7301128579898	-1.85349788603186	-0.664394717247162	-1.0467445721734	-0.863569958272444	-0.493528602678215	-0.91852885891905	0.237655250596322	0.906053470384143	-0.195079749020199	1
0.688237965811639	0.886826558604037	-0.747007370395165	0.542556379773789	0.441873263480224	-0.347712711743811	0.829697629982712	0.95395834970928	1.15630553734785	0.740292904017322	1.08711959884723	0.237655250596322	1.83542542179555	1.72407631582532	1
-1.45088003603535	-1.12358866227388	1.05285325142121	0.542556379773789	0.441873263480224	-0.347712711743811	-0.365576247801187	-1.0467445721734	1.15630553734785	-0.287891684895625	-0.91852885891905	0.237655250596322	-0.371832962806537	-0.195079749020199	1
-1.45088003603535	-0.258848586151404	-0.755042462456845	0.542556379773789	0.98486979384773	-0.347712711743811	-0.365576247801187	0.95395834970928	1.15630553734785	-0.0822547671130358	1.08711959884723	0.237655250596322	-0.0988299520794373	-0.0993042838378896	1
-1.45088003603535	-0.849402784478952	0.249344045253185	0.542556379773789	-0.372621532071035	-0.347712711743811	0.0826514563677749	0.95395834970928	1.15630553734785	0.123382150669554	-0.91852885891905	0.237655250596322	-0.604175950659388	-0.0190755374527085	1
0.688237965811639	-0.821562372272082	1.25373055296322	0.542556379773789	1.79936458939899	-0.347712711743811	-0.57773736110783	0.95395834970928	1.15630553734785	0.740292904017322	-0.91852885891905	0.237655250596322	-0.366024388110216	-0.195271683820164	1
0.688237965811639	-0.813969532579299	-0.855481113227848	0.542556379773789	0.170374998296471	-0.347712711743811	-0.627042408566415	-1.0467445721734	-0.863569958272444	-0.493528602678215	-0.91852885891905	0.237655250596322	1.02222496431057	-0.195271683820164	1
0.688237965811639	0.0929529862808632	0.851975949879203	-1.78268524782816	0.441873263480224	1.66000085397359	0.904402247344206	0.95395834970928	-0.863569958272444	-0.493528602678215	1.08711959884723	0.237655250596322	-0.174341423131614	-0.195271683820164	1
-1.45088003603535	1.16101243639897	-0.755042462456845	0.542556379773789	0.98486979384773	-0.347712711743811	-0.627042408566415	-1.0467445721734	-0.863569958272444	-0.493528602678215	1.08711959884723	0.237655250596322	0.458793218767405	-0.195271683820164	1
-1.45088003603535	-0.673923822690195	-0.838406542596778	-1.78268524782816	-1.7301128579898	-1.85349788603186	-0.627042408566415	-1.0467445721734	-0.863569958272444	-0.493528602678215	-0.91852885891905	0.237655250596322	-0.371832962806537	-0.178573356223248	1
-1.45088003603535	-1.15142907448075	-0.847446021166168	0.542556379773789	0.170374998296471	-0.347712711743811	-0.141462395716706	-1.0467445721734	1.15630553734785	-0.287891684895625	1.08711959884723	0.237655250596322	-0.604175950659388	-0.194312009820341	1
0.688237965811639	0.120793398487733	-0.453726510143836	-1.78268524782816	0.441873263480224	-0.347712711743811	1.42733456887466	-1.0467445721734	-0.863569958272444	-0.493528602678215	1.08711959884723	0.237655250596322	0.557538988604866	-0.195271683820164	1
-1.45088003603535	-0.750695868472776	-0.888625867982279	0.542556379773789	0.98486979384773	-0.347712711743811	-0.440280865162681	-1.0467445721734	-0.863569958272444	-0.493528602678215	-0.91852885891905	-3.1089186863723	-0.139489974953686	-0.195271683820164	1
0.688237965811639	0.261682757231591	-0.738972278333485	0.542556379773789	-0.101123266887282	-0.347712711743811	-0.316271200342602	-1.0467445721734	-0.863569958272444	-0.493528602678215	-0.91852885891905	-3.1089186863723	-0.906221834868094	-0.195271683820164	1
0.688237965811639	-0.160141670145228	-0.671678382316913	0.542556379773789	0.441873263480224	1.66000085397359	-0.440280865162681	0.95395834970928	1.15630553734785	-0.287891684895625	-0.91852885891905	0.237655250596322	0.325196000752016	-0.176078203823709	1
0.688237965811639	0.0220864824815572	-0.453726510143836	0.542556379773789	-0.372621532071035	-0.347712711743811	1.57674380359765	0.95395834970928	-0.863569958272444	-0.493528602678215	1.08711959884723	0.237655250596322	1.96902263981094	-0.195271683820164	1
-1.45088003603535	-0.919425639423503	-0.58730991566927	0.542556379773789	0.98486979384773	-0.347712711743811	-0.0413582084523047	0.95395834970928	1.15630553734785	0.534655986234733	-0.91852885891905	0.237655250596322	0.20902450682559	0.2851411204911	1
0.688237965811639	0.184067062594256	-0.403507184758335	0.542556379773789	-1.18711632762229	0.15421567968554	-0.664394717247162	-1.0467445721734	-0.863569958272444	-0.493528602678215	-0.91852885891905	0.237655250596322	-0.0233184810272608	-0.195271683820164	1
0.688237965811639	-0.800471150903241	-0.789191603718986	0.542556379773789	0.170374998296471	1.66000085397359	-0.0174527308966267	-1.0467445721734	-0.863569958272444	-0.493528602678215	1.08711959884723	0.237655250596322	-0.325364365235967	-0.195271683820164	1
-1.45088003603535	0.324956421338114	1.45460785450522	0.542556379773789	0.98486979384773	1.66000085397359	3.51906385499649	0.95395834970928	1.15630553734785	1.1515667395825	-0.91852885891905	0.237655250596322	-1.06886192636509	1.06957864794621	1
0.688237965811639	0.0296793221743403	-0.0600069991215044	0.542556379773789	1.52786632421524	1.66000085397359	1.14046883820653	0.95395834970928	1.15630553734785	0.123382150669554	-0.91852885891905	0.237655250596322	0.737604804190826	-0.137691243830799	1
-1.45088003603535	-0.750695868472776	-0.797226695780666	0.542556379773789	-1.18711632762229	-0.347712711743811	-0.638995147344254	-1.0467445721734	-0.863569958272444	-0.493528602678215	-0.91852885891905	0.237655250596322	-0.232427170094827	-0.195271683820164	1
0.688237965811639	-0.41323632657132	1.97387567899131	0.542556379773789	-1.18711632762229	0.15421567968554	-0.664394717247162	-1.0467445721734	-0.863569958272444	-0.493528602678215	1.08711959884723	0.237655250596322	-0.0349356304199033	-0.195271683820164	1
0.688237965811639	1.04880713871674	-0.554165160914839	0.542556379773789	-0.101123266887282	-0.347712711743811	-0.141462395716706	0.95395834970928	1.15630553734785	-0.0822547671130358	1.08711959884723	0.237655250596322	-1.06886192636509	-0.192392661820695	1
0.688237965811639	-0.117959227407547	-0.737967891825775	-1.78268524782816	0.170374998296471	-0.347712711743811	-0.652441978469323	-1.0467445721734	-0.863569958272444	-0.493528602678215	-0.91852885891905	0.237655250596322	-0.0814042279904735	-0.160915354626509	1
0.688237965811639	0.521526604495712	0.450221346795191	0.542556379773789	0.98486979384773	1.66000085397359	2.77201768138155	0.95395834970928	1.15630553734785	0.945929821799911	1.08711959884723	0.237655250596322	0.673710482531292	-0.194312009820341	1
0.688237965811639	-1.22229557828006	-0.938845193367781	-1.78268524782816	0.170374998296471	-0.347712711743811	-0.652441978469323	-1.0467445721734	-0.863569958272444	-0.493528602678215	-0.91852885891905	0.237655250596322	-0.255661468880112	-0.0566947582457599	1
0.688237965811639	1.48497359662437	-0.495910743467657	0.542556379773789	-1.7301128579898	-1.85349788603186	-0.57773736110783	-1.0467445721734	-0.863569958272444	-0.493528602678215	-0.91852885891905	0.237655250596322	0.0928530128991647	-0.19469587942027	1
0.688237965811639	-0.729604647103935	-0.92177062273671	0.542556379773789	-0.101123266887282	-0.347712711743811	-0.638995147344254	-1.0467445721734	-0.863569958272444	-0.493528602678215	-0.91852885891905	-3.1089186863723	-1.06886192636509	-0.195271683820164	1
-1.45088003603535	0.275181138907649	-0.704823137071344	-1.78268524782816	-1.18711632762229	1.66000085397359	-0.514985482524175	-1.0467445721734	-0.863569958272444	-0.493528602678215	1.08711959884723	0.237655250596322	-0.139489974953686	-0.195271683820164	1
0.688237965811639	1.06989836008558	1.25373055296322	-1.78268524782816	-1.45861459280605	-0.347712711743811	-0.2161670130782	0.95395834970928	-0.863569958272444	-0.493528602678215	-0.91852885891905	-3.1089186863723	-1.06886192636509	-0.195271683820164	1
0.688237965811639	2.35646286358488	-0.403507184758335	0.542556379773789	0.441873263480224	-0.347712711743811	-0.141462395716706	0.95395834970928	1.15630553734785	0.534655986234733	1.08711959884723	0.237655250596322	-0.720347444585813	-0.18413946542222	1
0.688237965811639	-0.511943242577496	-0.880590775920599	0.542556379773789	-0.101123266887282	-0.347712711743811	-0.589690099885669	0.95395834970928	1.15630553734785	0.123382150669554	-0.91852885891905	0.237655250596322	0.441367494678441	2.70447927404423	1
-1.45088003603535	0.844644115866355	-0.747007370395165	0.542556379773789	-0.372621532071035	-0.347712711743811	-0.465680435065589	-1.0467445721734	-0.863569958272444	-0.493528602678215	-0.91852885891905	0.237655250596322	0.325196000752016	-0.149783136228566	1
0.688237965811639	1.51956319966927	2.86074896529926	0.542556379773789	-1.7301128579898	-1.85349788603186	-0.664394717247162	0.95395834970928	1.15630553734785	-0.287891684895625	-0.91852885891905	0.237655250596322	-0.52285590491089	-0.195271683820164	1
-1.45088003603535	0.198409093125068	-0.637529241054772	-1.78268524782816	-1.7301128579898	-1.85349788603186	-0.664394717247162	0.95395834970928	-0.863569958272444	-0.493528602678215	-0.91852885891905	0.237655250596322	0.789881976457717	-0.195271683820164	1
0.688237965811639	-1.04597296763655	-0.152410557830827	-1.78268524782816	-1.18711632762229	-0.347712711743811	-0.365576247801187	-1.0467445721734	-0.863569958272444	-0.493528602678215	1.08711959884723	0.237655250596322	1.02222496431057	-0.00333688385561554	1
-1.45088003603535	-0.59630812805286	-0.470801080774907	-1.78268524782816	0.170374998296471	-0.347712711743811	-0.664394717247162	-1.0467445721734	-0.863569958272444	-0.493528602678215	-0.91852885891905	0.237655250596322	-0.371832962806537	-0.195271683820164	1
0.688237965811639	-0.695015044059036	-0.654603811685842	0.542556379773789	0.170374998296471	1.66000085397359	-0.241566582981108	0.95395834970928	-0.863569958272444	-0.493528602678215	-0.91852885891905	0.237655250596322	1.38235659548249	-0.156884723827254	1
0.688237965811639	3.17227130613165	0.851975949879203	0.542556379773789	-1.7301128579898	-1.85349788603186	0.530879160536737	-1.0467445721734	1.15630553734785	-0.287891684895625	-0.91852885891905	0.237655250596322	-0.662261697622601	-0.194120075020376	1
0.688237965811639	1.35842626841132	-0.89766534655167	0.542556379773789	0.170374998296471	0.15421567968554	3.81788232444246	0.95395834970928	1.15630553734785	3.61920975297357	-0.91852885891905	0.237655250596322	-1.06886192636509	2.68375031564806	1
-1.45088003603535	0.141884619856574	-0.453726510143836	-1.78268524782816	0.170374998296471	-0.347712711743811	0.0826514563677749	-1.0467445721734	-0.863569958272444	-0.493528602678215	1.08711959884723	0.237655250596322	-1.06886192636509	-0.194887814220234	1
0.688237965811639	0.985533474610213	-0.353287859372833	0.542556379773789	0.98486979384773	1.66000085397359	1.12851609942869	0.95395834970928	1.15630553734785	1.76847749293027	-0.91852885891905	0.237655250596322	-0.604175950659388	-0.195271683820164	1
0.688237965811639	-0.722855456265906	-0.830371450535097	-1.78268524782816	-0.372621532071035	-0.347712711743811	-0.627042408566415	0.95395834970928	-0.863569958272444	-0.493528602678215	-0.91852885891905	0.237655250596322	-0.0233184810272608	-0.195079749020199	1
0.688237965811639	0.26843194806962	-0.453726510143836	0.542556379773789	1.52786632421524	0.15421567968554	-0.514985482524175	-1.0467445721734	-0.863569958272444	-0.493528602678215	-0.91852885891905	0.237655250596322	0.952522067954713	-0.195271683820164	1
0.688237965811639	2.11011739799681	2.76031031452826	0.542556379773789	-1.45861459280605	0.15421567968554	3.81788232444246	0.95395834970928	1.15630553734785	3.00229899962581	1.08711959884723	0.237655250596322	-1.06886192636509	-0.195271683820164	1
-1.45088003603535	1.06314916924755	0.382927450778619	0.542556379773789	0.98486979384773	-0.347712711743811	1.5393914949169	0.95395834970928	1.15630553734785	0.123382150669554	1.08711959884723	0.237655250596322	-1.06886192636509	-0.195271683820164	1
-1.45088003603535	1.07664755092361	-0.955919763998851	0.542556379773789	0.170374998296471	-0.347712711743811	0.0826514563677749	0.95395834970928	-0.863569958272444	-0.493528602678215	-0.91852885891905	0.237655250596322	-1.06886192636509	-0.195271683820164	1
0.688237965811639	0.226249505331938	-0.604384486300341	0.542556379773789	0.441873263480224	0.15421567968554	-0.589690099885669	0.95395834970928	-0.863569958272444	-0.493528602678215	1.08711959884723	0.237655250596322	-0.122064250864722	-0.195271683820164	1
-1.45088003603535	1.1331720241921	-0.0348973364287536	0.542556379773789	-0.915618062438541	1.66000085397359	-0.365576247801187	-1.0467445721734	-0.863569958272444	-0.493528602678215	1.08711959884723	-3.1089186863723	0.325196000752016	-0.195271683820164	1
0.688237965811639	-0.0833696243626476	-0.411542276820015	-1.78268524782816	-0.101123266887282	-0.347712711743811	-0.627042408566415	-1.0467445721734	-0.863569958272444	-0.493528602678215	1.08711959884723	-3.1089186863723	-0.604175950659388	-0.195271683820164	1
0.688237965811639	-0.328871441095956	-0.805261787842347	0.542556379773789	0.98486979384773	1.66000085397359	-0.615089669788576	-1.0467445721734	-0.863569958272444	-0.493528602678215	1.08711959884723	0.237655250596322	0.20902450682559	-0.147096049029062	1
0.688237965811639	-1.02488174626771	0.500440672180692	0.542556379773789	-0.101123266887282	-0.347712711743811	-0.652441978469323	-1.0467445721734	1.15630553734785	-0.287891684895625	-0.91852885891905	0.237655250596322	-0.488004456732962	-0.195079749020199	1
-1.45088003603535	0.823552894497514	-0.755042462456845	0.542556379773789	-1.18711632762229	0.15421567968554	0.00794683900628114	0.95395834970928	-0.863569958272444	-0.493528602678215	1.08711959884723	0.237655250596322	-1.06886192636509	-0.137691243830799	1
-1.45088003603535	-0.680673013528224	-0.654603811685842	0.542556379773789	0.441873263480224	-0.347712711743811	-0.402928556481934	-1.0467445721734	-0.863569958272444	-0.493528602678215	1.08711959884723	0.237655250596322	-0.139489974953686	-0.195271683820164	1
0.688237965811639	0.00858810080549929	-0.789191603718986	0.542556379773789	1.79936458939899	-0.347712711743811	-0.265472060536786	0.95395834970928	1.15630553734785	1.1515667395825	1.08711959884723	0.237655250596322	0.691136206620256	0.436193808063199	1
-1.45088003603535	-1.15902191417354	1.25373055296322	0.542556379773789	1.79936458939899	1.66000085397359	-0.365576247801187	0.95395834970928	1.15630553734785	1.76847749293027	-0.91852885891905	0.237655250596322	-1.06886192636509	0.38053271607348	1
-1.45088003603535	0.135135429018545	-0.503945835529338	-1.78268524782816	1.52786632421524	-0.347712711743811	0.38146992581375	-1.0467445721734	-0.863569958272444	-0.493528602678215	1.08711959884723	0.237655250596322	0.0928530128991647	-0.168208877025162	1
-1.45088003603535	1.76590866525733	0.450221346795191	0.542556379773789	-0.372621532071035	1.66000085397359	0.232060691090762	-1.0467445721734	-0.863569958272444	-0.493528602678215	-0.91852885891905	0.237655250596322	-1.06886192636509	-0.195271683820164	1
-1.45088003603535	-0.518692433415525	-0.729932799764094	0.542556379773789	0.98486979384773	-0.347712711743811	-0.278918891661855	0.95395834970928	1.15630553734785	-0.0822547671130358	-0.91852885891905	0.237655250596322	0.0928530128991647	-0.195271683820164	1
0.688237965811639	0.760279230390991	-0.654603811685842	0.542556379773789	-1.18711632762229	0.15421567968554	-0.664394717247162	-1.0467445721734	-0.863569958272444	-0.493528602678215	-0.91852885891905	-3.1089186863723	0.673710482531292	-0.195271683820164	1
0.688237965811639	-0.645239761628571	-0.838406542596778	-1.78268524782816	1.52786632421524	1.66000085397359	-0.627042408566415	-1.0467445721734	-0.863569958272444	-0.493528602678215	-0.91852885891905	0.237655250596322	0.325196000752016	-0.195079749020199	1
0.688237965811639	2.0611857644211	1.55504650527622	0.542556379773789	-0.915618062438541	1.66000085397359	1.72615303832064	0.95395834970928	-0.863569958272444	-0.493528602678215	1.08711959884723	0.237655250596322	-0.929456133653379	0.19397209050794	1
-1.45088003603535	-0.258848586151404	-0.345252767311153	-1.78268524782816	1.79936458939899	1.66000085397359	0.0946041951456139	0.95395834970928	1.15630553734785	-0.287891684895625	-0.91852885891905	0.237655250596322	-0.662261697622601	-0.195271683820164	1
0.688237965811639	0.0431777038503982	-0.152410557830827	0.542556379773789	-0.101123266887282	-0.347712711743811	0.0826514563677749	0.95395834970928	-0.863569958272444	-0.493528602678215	1.08711959884723	0.237655250596322	1.02222496431057	-0.195271683820164	1
0.688237965811639	-0.877243196685822	-0.780152125149596	-1.78268524782816	0.170374998296471	1.66000085397359	-0.589690099885669	-1.0467445721734	-0.863569958272444	-0.493528602678215	-0.91852885891905	0.237655250596322	0.557538988604866	-0.156116984627396	1
0.688237965811639	0.219500314493909	0.886125091141344	0.542556379773789	0.170374998296471	-0.347712711743811	0.680288395259725	0.95395834970928	1.15630553734785	1.97411441071286	1.08711959884723	0.237655250596322	-1.06886192636509	-0.152854093027998	1
0.688237965811639	0.985533474610213	4.10819700787512	0.542556379773789	0.98486979384773	1.66000085397359	-0.601642838663508	0.95395834970928	1.15630553734785	-0.287891684895625	-0.91852885891905	0.237655250596322	3.34565484283908	-0.177997551823354	1
-1.45088003603535	0.563709047233393	0.249344045253185	0.542556379773789	-0.915618062438541	-0.347712711743811	-0.365576247801187	0.95395834970928	-0.863569958272444	-0.493528602678215	1.08711959884723	0.237655250596322	-1.06886192636509	-0.195271683820164	1
0.688237965811639	0.493686192288842	-0.546130068853159	0.542556379773789	0.441873263480224	-0.347712711743811	-0.652441978469323	0.95395834970928	-0.863569958272444	-0.493528602678215	1.08711959884723	0.237655250596322	1.25456795216342	0.917950155974215	1
0.688237965811639	-0.146643288469171	-0.546130068853159	-1.78268524782816	1.79936458939899	1.66000085397359	-0.652441978469323	-1.0467445721734	-0.863569958272444	-0.493528602678215	-0.91852885891905	0.237655250596322	-0.325364365235967	-0.195079749020199	1
0.688237965811639	0.486093352596059	-0.420581755389405	0.542556379773789	1.52786632421524	-0.347712711743811	-0.615089669788576	-1.0467445721734	-0.863569958272444	-0.493528602678215	1.08711959884723	0.237655250596322	-1.06886192636509	-0.099112349037925	1
0.688237965811639	-0.0200959602561247	2.96118761607027	0.542556379773789	0.170374998296471	-0.347712711743811	1.42733456887466	0.95395834970928	1.15630553734785	2.79666208184322	-0.91852885891905	0.237655250596322	-1.06886192636509	0.764402316002577	1
0.688237965811639	0.380637245751854	-0.445691418082156	0.542556379773789	-1.7301128579898	-1.85349788603186	-0.664394717247162	-1.0467445721734	-0.863569958272444	-0.493528602678215	-0.91852885891905	0.237655250596322	-1.06886192636509	-0.00333688385561554	1
0.688237965811639	-0.933767669954315	-0.470801080774907	0.542556379773789	0.170374998296471	-0.347712711743811	-0.0667577783552126	0.95395834970928	1.15630553734785	1.76847749293027	1.08711959884723	0.237655250596322	0.0928530128991647	0.38053271607348	1
0.688237965811639	1.31624382567364	0.216199290498754	0.542556379773789	0.441873263480224	-0.347712711743811	0.9791068647057	-1.0467445721734	-0.863569958272444	-0.493528602678215	-0.91852885891905	0.237655250596322	1.6321253074243	-0.166481463825481	1
0.688237965811639	-0.80722034174127	0.617953893582766	-1.78268524782816	-1.18711632762229	0.15421567968554	-0.615089669788576	-1.0467445721734	-0.863569958272444	-0.493528602678215	1.08711959884723	0.237655250596322	-8.41822419756658e-05	-0.195271683820164	1
0.688237965811639	-0.933767669954315	1.05285325142121	-1.78268524782816	0.170374998296471	-0.347712711743811	0.0826514563677749	0.95395834970928	-0.863569958272444	-0.493528602678215	-0.91852885891905	-3.1089186863723	-0.836518938512239	-0.195271683820164	1
0.688237965811639	0.282773978600432	-0.453726510143836	0.542556379773789	0.441873263480224	-0.347712711743811	-0.664394717247162	0.95395834970928	-0.863569958272444	-0.493528602678215	1.08711959884723	0.237655250596322	0.319387426055694	-0.156884723827254	1
0.688237965811639	-0.631741379952513	-0.780152125149596	0.542556379773789	-0.101123266887282	-0.347712711743811	-0.638995147344254	-1.0467445721734	1.15630553734785	0.329019068452143	-0.91852885891905	0.237655250596322	0.406516046500513	0.179001176110705	1
0.688237965811639	0.486093352596059	0.349782696024188	0.542556379773789	-0.101123266887282	1.66000085397359	0.605583777898231	0.95395834970928	1.15630553734785	1.97411441071286	1.08711959884723	0.237655250596322	-0.528664479607211	-0.195271683820164	1
-1.45088003603535	-0.912676448585474	0.960449692711886	0.542556379773789	-1.18711632762229	-0.347712711743811	-0.652441978469323	-1.0467445721734	-0.863569958272444	-0.493528602678215	-0.91852885891905	0.237655250596322	0.0928530128991647	-0.00333688385561554	1
0.688237965811639	0.430412528182319	-0.303068533987332	0.542556379773789	0.98486979384773	1.66000085397359	2.02497150776661	0.95395834970928	-0.863569958272444	-0.493528602678215	1.08711959884723	0.237655250596322	-0.47638730734032	-0.0726253466428174	1
0.688237965811639	-0.758288708165559	1.06088834348289	0.542556379773789	1.79936458939899	-0.347712711743811	-0.652441978469323	0.95395834970928	1.15630553734785	1.35720365736509	-0.91852885891905	0.237655250596322	-0.720347444585813	-0.119265503034203	1
-1.45088003603535	-0.392145105202479	1.75592380681823	0.542556379773789	0.98486979384773	1.66000085397359	0.829697629982712	0.95395834970928	1.15630553734785	-0.0822547671130358	-0.91852885891905	0.237655250596322	-1.06886192636509	0.764402316002577	1
-1.45088003603535	1.27406138293596	-0.863516205289528	0.542556379773789	1.52786632421524	1.66000085397359	-0.540385052427083	0.95395834970928	1.15630553734785	1.76847749293027	1.08711959884723	0.237655250596322	1.48691094001627	-0.194120075020376	1
-1.45088003603535	1.73806825305046	-0.955919763998851	-1.78268524782816	-1.7301128579898	-1.85349788603186	-0.664394717247162	-1.0467445721734	-0.863569958272444	-0.493528602678215	-0.91852885891905	0.237655250596322	-1.06886192636509	-0.195271683820164	1
0.688237965811639	0.641324741870728	-0.453726510143836	-1.78268524782816	-1.18711632762229	1.66000085397359	2.32378997721259	-1.0467445721734	-0.863569958272444	-0.493528602678215	1.08711959884723	-3.1089186863723	0.0928530128991647	-0.195271683820164	1
0.688237965811639	0.641324741870728	-0.629494148993091	0.542556379773789	0.170374998296471	-0.347712711743811	-0.2161670130782	0.95395834970928	1.15630553734785	1.56284057514768	-0.91852885891905	0.237655250596322	0.0115329671506669	0.706821876013212	1
-1.45088003603535	-0.328871441095956	-0.546130068853159	0.542556379773789	0.441873263480224	-0.347712711743811	-0.589690099885669	-1.0467445721734	-0.863569958272444	-0.493528602678215	1.08711959884723	0.237655250596322	-0.0233184810272608	-0.185674943821936	1
0.688237965811639	-1.04597296763655	0.952414600650206	0.542556379773789	0.441873263480224	-0.347712711743811	-0.2161670130782	0.95395834970928	-0.863569958272444	-0.493528602678215	-0.91852885891905	0.237655250596322	-0.371832962806537	0.228136484901629	1
0.688237965811639	0.669165154077598	-0.102191232445326	0.542556379773789	0.170374998296471	0.15421567968554	1.27792533415167	0.95395834970928	1.15630553734785	2.79666208184322	-0.91852885891905	0.237655250596322	-0.389258686895501	0.0369694241369395	1
0.688237965811639	0.409321306813478	-0.805261787842347	-1.78268524782816	-1.45861459280605	-0.347712711743811	-0.489585912621267	-1.0467445721734	-0.863569958272444	-0.493528602678215	-0.91852885891905	0.237655250596322	0.325196000752016	-0.19469587942027	1
0.688237965811639	-0.455418769309002	-0.90570043861335	0.542556379773789	-1.18711632762229	0.15421567968554	-0.664394717247162	0.95395834970928	-0.863569958272444	-0.493528602678215	1.08711959884723	0.237655250596322	-1.06886192636509	-0.195271683820164	1
0.688237965811639	0.662415963239569	-0.612419578362021	-1.78268524782816	-0.101123266887282	-0.347712711743811	-0.615089669788576	-1.0467445721734	-0.863569958272444	-0.493528602678215	-0.91852885891905	-3.1089186863723	1.25456795216342	-0.195271683820164	1
0.688237965811639	0.873328176927979	-0.871551297351209	0.542556379773789	0.170374998296471	1.66000085397359	-0.601642838663508	0.95395834970928	1.15630553734785	0.740292904017322	-0.91852885891905	0.237655250596322	0.20902450682559	-0.013317493453772	1
0.688237965811639	-0.863744815009764	0.550659997566194	0.542556379773789	-0.372621532071035	-0.347712711743811	-0.241566582981108	0.95395834970928	1.15630553734785	-0.287891684895625	-0.91852885891905	0.237655250596322	-0.604175950659388	1.68568935583241	1
-1.45088003603535	-0.969200921853968	-0.704823137071344	0.542556379773789	0.170374998296471	-0.347712711743811	-0.664394717247162	-1.0467445721734	-0.863569958272444	-0.493528602678215	-0.91852885891905	0.237655250596322	-1.06886192636509	-0.195271683820164	1
-1.45088003603535	-0.336464280788739	-0.353287859372833	0.542556379773789	-0.101123266887282	-0.347712711743811	0.169308812507108	-1.0467445721734	1.15630553734785	-0.287891684895625	1.08711959884723	0.237655250596322	0.557538988604866	-0.193352335820518	1
0.688237965811639	-0.842653593640923	-0.797226695780666	-1.78268524782816	1.52786632421524	-0.347712711743811	-0.465680435065589	-1.0467445721734	-0.863569958272444	-0.493528602678215	-0.91852885891905	0.237655250596322	-0.139489974953686	-0.195271683820164	1
0.688237965811639	-0.279939807520245	0.0735764064039296	0.542556379773789	1.79936458939899	-0.347712711743811	0.754993012621218	0.95395834970928	1.15630553734785	-0.0822547671130358	-0.91852885891905	0.237655250596322	1.37073944608984	-0.193928140220412	1
0.688237965811639	-0.392145105202479	-0.503945835529338	0.542556379773789	-1.18711632762229	0.15421567968554	-0.514985482524175	-1.0467445721734	-0.863569958272444	-0.493528602678215	1.08711959884723	0.237655250596322	2.64862587928052	0.572467516038029	1
-1.45088003603535	-1.10924663174307	0.902195275264704	0.542556379773789	0.98486979384773	-0.347712711743811	-0.302824369217533	0.95395834970928	1.15630553734785	0.329019068452143	-0.91852885891905	0.237655250596322	-0.720347444585813	-0.0916268918393076	1
-1.45088003603535	-0.701764234897065	0.224234382560434	0.542556379773789	0.98486979384773	-0.347712711743811	0.282859830896578	0.95395834970928	1.15630553734785	1.56284057514768	-0.91852885891905	0.237655250596322	-0.371832962806537	-0.148247657828849	1
0.688237965811639	-0.673923822690195	-0.59634939423866	0.542556379773789	0.170374998296471	-0.347712711743811	-0.503032743746336	-1.0467445721734	-0.863569958272444	-0.493528602678215	1.08711959884723	0.237655250596322	-0.278895767665397	-0.195079749020199	1
0.688237965811639	-0.273190616682216	0.0484667437111789	0.542556379773789	0.441873263480224	-0.347712711743811	2.62260844665856	0.95395834970928	-0.863569958272444	-0.493528602678215	1.08711959884723	0.237655250596322	-0.662261697622601	-0.195271683820164	1
0.688237965811639	-0.497601212046684	-0.511980927591018	-1.78268524782816	-0.372621532071035	-0.347712711743811	0.530879160536737	0.95395834970928	-0.863569958272444	-0.493528602678215	-0.91852885891905	0.237655250596322	0.0231501165433094	-0.195271683820164	1
-1.45088003603535	-0.252099395313375	-0.621459056931411	0.542556379773789	0.98486979384773	-0.347712711743811	0.057251886464867	0.95395834970928	-0.863569958272444	-0.493528602678215	1.08711959884723	0.237655250596322	1.48691094001627	-0.195271683820164	1
0.688237965811639	-0.729604647103935	-0.320143104618402	-1.78268524782816	0.170374998296471	-0.347712711743811	-0.615089669788576	-1.0467445721734	-0.863569958272444	-0.493528602678215	-0.91852885891905	0.237655250596322	-0.139489974953686	0.00779533454232825	1
-1.45088003603535	-0.59630812805286	-0.747007370395165	-1.78268524782816	-1.7301128579898	-1.85349788603186	-0.514985482524175	0.95395834970928	1.15630553734785	0.123382150669554	-0.91852885891905	0.237655250596322	-0.0233184810272608	-0.167057268225375	1
0.688237965811639	-0.575216906684019	-0.847446021166168	0.542556379773789	-0.101123266887282	-0.347712711743811	-0.365576247801187	-1.0467445721734	-0.863569958272444	-0.493528602678215	1.08711959884723	0.237655250596322	-0.371832962806537	-0.195079749020199	1
0.688237965811639	0.0364285130123692	-0.604384486300341	-1.78268524782816	0.713371528663977	1.66000085397359	-0.652441978469323	0.95395834970928	-0.863569958272444	-0.493528602678215	1.08711959884723	0.237655250596322	1.21390792928917	-0.195271683820164	1
0.688237965811639	1.39301587145622	-0.202629883216329	0.542556379773789	-1.18711632762229	0.15421567968554	-0.365576247801187	-1.0467445721734	-0.863569958272444	-0.493528602678215	-0.91852885891905	0.237655250596322	-0.488004456732962	-0.194887814220234	1
-1.45088003603535	-0.265597776989433	-0.25284920860183	0.542556379773789	0.441873263480224	-0.347712711743811	-0.414881295259773	0.95395834970928	-0.863569958272444	-0.493528602678215	-0.91852885891905	-3.1089186863723	0.557538988604866	-0.195271683820164	1
0.688237965811639	-0.518692433415525	-0.847446021166168	0.542556379773789	0.441873263480224	-0.347712711743811	-0.615089669788576	-1.0467445721734	1.15630553734785	-0.287891684895625	-0.91852885891905	0.237655250596322	0.511070391034296	-0.110052632635904	1
0.688237965811639	-1.09574825006701	1.11110766886839	0.542556379773789	-1.7301128579898	-1.85349788603186	-0.540385052427083	-1.0467445721734	-0.863569958272444	-0.493528602678215	-0.91852885891905	0.237655250596322	-0.604175950659388	-0.195271683820164	1
0.688237965811639	-0.83506075394814	-0.721897707702414	-1.78268524782816	-0.915618062438541	-0.347712711743811	0.0826514563677749	0.95395834970928	1.15630553734785	-0.287891684895625	-0.91852885891905	0.237655250596322	-0.0233184810272608	-0.191432987820873	1
0.688237965811639	-0.589558937214831	-0.704823137071344	0.542556379773789	0.170374998296471	-0.347712711743811	-0.589690099885669	-1.0467445721734	-0.863569958272444	-0.493528602678215	-0.91852885891905	0.237655250596322	-0.42991870976975	-0.195271683820164	1
0.688237965811639	-1.28556924238658	-0.135335987199757	0.542556379773789	-1.18711632762229	1.66000085397359	-0.540385052427083	-1.0467445721734	-0.863569958272444	-0.493528602678215	1.08711959884723	0.237655250596322	-0.371832962806537	-0.195271683820164	1
0.688237965811639	-0.406487135733291	-0.554165160914839	0.542556379773789	-1.45861459280605	-0.347712711743811	-0.440280865162681	-1.0467445721734	-0.863569958272444	-0.493528602678215	1.08711959884723	0.237655250596322	-0.604175950659388	-0.195271683820164	1
0.688237965811639	1.400608711149	-0.25284920860183	0.542556379773789	-0.372621532071035	-0.347712711743811	0.38146992581375	0.95395834970928	-0.863569958272444	-0.493528602678215	-0.91852885891905	-3.1089186863723	0.267110253788803	-0.195271683820164	1
0.688237965811639	-0.680673013528224	-0.403507184758335	0.542556379773789	-1.7301128579898	-1.85349788603186	0.680288395259725	-1.0467445721734	-0.863569958272444	-0.493528602678215	-0.91852885891905	0.237655250596322	-0.139489974953686	-0.19047331382105	1
-1.45088003603535	0.795712482290644	-0.546130068853159	-1.78268524782816	0.98486979384773	1.66000085397359	-0.627042408566415	0.95395834970928	1.15630553734785	4.23612050632134	1.08711959884723	0.237655250596322	1.57403956046109	0.0419597289360178	1
0.688237965811639	0.303865199969273	4.09112243724405	0.542556379773789	1.79936458939899	1.66000085397359	-0.178814704397453	0.95395834970928	1.15630553734785	-0.287891684895625	1.08711959884723	0.237655250596322	1.92255404224037	-0.0993042838378896	1
0.688237965811639	-0.659581792159383	1.45460785450522	0.542556379773789	0.170374998296471	-0.347712711743811	-0.0413582084523047	-1.0467445721734	-0.863569958272444	-0.493528602678215	-0.91852885891905	-3.1089186863723	-0.604175950659388	-0.195271683820164	1
0.688237965811639	-1.08815541037423	0.0484667437111789	0.542556379773789	0.98486979384773	-0.347712711743811	-0.552337791204922	0.95395834970928	1.15630553734785	-0.0822547671130358	-0.91852885891905	0.237655250596322	-1.06886192636509	-0.187978161421511	1
0.688237965811639	-0.104460845731489	-0.855481113227848	0.542556379773789	-1.45861459280605	1.66000085397359	-0.638995147344254	-1.0467445721734	-0.863569958272444	-0.493528602678215	1.08711959884723	-3.1089186863723	0.394898897107871	-0.195271683820164	1
-1.45088003603535	-0.997041334060838	-0.805261787842347	0.542556379773789	0.170374998296471	-0.347712711743811	-0.426834034037612	0.95395834970928	1.15630553734785	0.534655986234733	1.08711959884723	0.237655250596322	-0.255661468880112	-0.194312009820341	1
0.688237965811639	-0.455418769309002	-0.788187217211276	0.542556379773789	1.52786632421524	-0.347712711743811	-0.316271200342602	-1.0467445721734	-0.863569958272444	-0.493528602678215	-0.91852885891905	0.237655250596322	-0.488004456732962	-0.195271683820164	1
0.688237965811639	-0.237757364782563	-0.654603811685842	-1.78268524782816	0.170374998296471	-0.347712711743811	-0.2161670130782	0.95395834970928	-0.863569958272444	-0.493528602678215	1.08711959884723	0.237655250596322	-1.06886192636509	-0.15208635382814	1
0.688237965811639	-0.244506555620592	0.919269845895775	0.542556379773789	0.98486979384773	1.66000085397359	1.02841191216429	0.95395834970928	1.15630553734785	0.740292904017322	-0.91852885891905	0.237655250596322	1.14420503293331	-0.16302663742612	1
0.688237965811639	-0.469760799839814	-0.755042462456845	0.542556379773789	0.98486979384773	-0.347712711743811	-0.141462395716706	0.95395834970928	-0.863569958272444	-0.493528602678215	1.08711959884723	0.237655250596322	0.557538988604866	-0.195271683820164	1
0.688237965811639	-0.680673013528224	-0.320143104618402	-1.78268524782816	-0.915618062438541	-0.347712711743811	-0.540385052427083	-1.0467445721734	1.15630553734785	-0.287891684895625	1.08711959884723	0.237655250596322	0.557538988604866	-0.179916899823	1
0.688237965811639	-0.441920387632944	1.65548515604723	0.542556379773789	0.713371528663977	-1.35156949460251	-0.664394717247162	-1.0467445721734	-0.863569958272444	-0.493528602678215	1.08711959884723	0.237655250596322	-0.255661468880112	0.0177759441404847	1
0.688237965811639	1.92029640567724	0.400002021409689	0.542556379773789	0.170374998296471	1.66000085397359	0.120003765048522	0.95395834970928	1.15630553734785	1.76847749293027	1.08711959884723	0.237655250596322	-1.06886192636509	-0.140762200630232	1
0.688237965811639	0.000151612257962779	-0.880590775920599	0.542556379773789	-1.45861459280605	-0.347712711743811	-0.402928556481934	0.95395834970928	-0.863569958272444	-0.493528602678215	1.08711959884723	-3.1089186863723	4.32149539182105	-0.195271683820164	1
-1.45088003603535	-0.533034463946337	1.55504650527622	0.542556379773789	-1.45861459280605	-0.347712711743811	-0.365576247801187	-1.0467445721734	-0.863569958272444	-0.493528602678215	1.08711959884723	0.237655250596322	-0.0233184810272608	0.00856307374218644	1
0.688237965811639	0.135135429018545	-0.320143104618402	-1.78268524782816	1.79936458939899	-0.347712711743811	0.281365738549348	0.95395834970928	1.15630553734785	0.123382150669554	1.08711959884723	0.237655250596322	1.13839645823699	-0.195271683820164	1
0.688237965811639	0.669165154077598	-0.629494148993091	0.542556379773789	0.170374998296471	-0.347712711743811	-0.2161670130782	-1.0467445721734	-0.863569958272444	-0.493528602678215	-0.91852885891905	0.237655250596322	-1.06886192636509	-0.134620287031366	1
-1.45088003603535	-1.1725202958496	-0.955919763998851	-1.78268524782816	-0.644119797254788	-1.85349788603186	-0.664394717247162	-1.0467445721734	-0.863569958272444	-0.493528602678215	-0.91852885891905	0.237655250596322	-0.56932450248146	-0.195271683820164	1
0.688237965811639	-0.645239761628571	-0.822336358473417	0.542556379773789	0.170374998296471	-0.347712711743811	-0.615089669788576	-1.0467445721734	-0.863569958272444	-0.493528602678215	-0.91852885891905	0.237655250596322	-0.488004456732962	-0.195271683820164	1
0.688237965811639	-0.41323632657132	-0.411542276820015	-1.78268524782816	1.52786632421524	-0.347712711743811	0.904402247344206	0.95395834970928	1.15630553734785	-0.287891684895625	-0.91852885891905	0.237655250596322	0.156747334558699	-0.195271683820164	1
-1.45088003603535	-0.765037899003588	-0.872555683858919	0.542556379773789	-1.18711632762229	-0.347712711743811	-0.564290529982761	-1.0467445721734	-0.863569958272444	-0.493528602678215	1.08711959884723	-3.1089186863723	-0.232427170094827	-0.195271683820164	1
0.688237965811639	0.704598405977251	-0.847446021166168	-1.78268524782816	-0.372621532071035	-0.347712711743811	-0.514985482524175	0.95395834970928	1.15630553734785	0.123382150669554	-0.91852885891905	0.237655250596322	0.0928530128991647	-0.00333688385561554	1
-1.45088003603535	-0.463011609001785	0.784682053862631	0.542556379773789	-0.372621532071035	-0.347712711743811	-0.241566582981108	0.95395834970928	-0.863569958272444	-0.493528602678215	-0.91852885891905	0.237655250596322	-0.139489974953686	-0.166481463825481	1
0.688237965811639	-0.975950112691997	-0.955919763998851	0.542556379773789	-1.45861459280605	-0.347712711743811	-0.514985482524175	-1.0467445721734	-0.863569958272444	-0.493528602678215	-0.91852885891905	0.237655250596322	-0.232427170094827	-0.195271683820164	1
0.688237965811639	0.000151612257962779	-0.152410557830827	-1.78268524782816	-1.18711632762229	-0.347712711743811	-0.638995147344254	-1.0467445721734	-0.863569958272444	-0.493528602678215	1.08711959884723	0.237655250596322	1.31846227382295	-0.195271683820164	1
0.688237965811639	-0.406487135733291	-0.0519719070598242	-1.78268524782816	0.170374998296471	0.15421567968554	0.0826514563677749	-1.0467445721734	-0.863569958272444	-0.493528602678215	-0.91852885891905	0.237655250596322	0.0928530128991647	0.0369694241369395	1
-1.45088003603535	-0.560874876153207	-0.704823137071344	0.542556379773789	-1.7301128579898	-1.85349788603186	-0.664394717247162	0.95395834970928	-0.863569958272444	-0.493528602678215	-0.91852885891905	0.237655250596322	-0.604175950659388	-0.195271683820164	1
-1.45088003603535	0.0575197343812102	-0.654603811685842	0.542556379773789	0.170374998296471	-0.347712711743811	-0.589690099885669	-1.0467445721734	-0.863569958272444	-0.493528602678215	1.08711959884723	0.237655250596322	1.09192786066642	-0.171855638224489	1
0.688237965811639	-1.1725202958496	-0.0600069991215044	0.542556379773789	0.170374998296471	-0.347712711743811	-0.589690099885669	-1.0467445721734	-0.863569958272444	-0.493528602678215	-0.91852885891905	-3.1089186863723	-0.604175950659388	-0.195271683820164	1
-1.45088003603535	0.521526604495712	0.148905394482182	0.542556379773789	0.98486979384773	-0.347712711743811	-0.627042408566415	0.95395834970928	-0.863569958272444	-0.493528602678215	1.08711959884723	0.237655250596322	0.25549310439616	-0.195271683820164	1
0.688237965811639	-0.750695868472776	-0.445691418082156	-1.78268524782816	0.170374998296471	1.66000085397359	0.108051026270683	0.95395834970928	-0.863569958272444	-0.493528602678215	-0.91852885891905	0.237655250596322	-1.06886192636509	-0.195271683820164	1
-1.45088003603535	-1.15142907448075	1.09503748474503	0.542556379773789	-1.7301128579898	-1.85349788603186	-0.664394717247162	-1.0467445721734	-0.863569958272444	-0.493528602678215	-0.91852885891905	0.237655250596322	-1.06886192636509	-0.185674943821936	1
0.688237965811639	-0.603057318890889	1.52190175052179	0.542556379773789	0.98486979384773	1.66000085397359	-0.190767443175292	0.95395834970928	-0.863569958272444	-0.493528602678215	1.08711959884723	0.237655250596322	-0.371832962806537	-0.195271683820164	1
-1.45088003603535	-0.490852021208655	-0.855481113227848	0.542556379773789	0.170374998296471	1.66000085397359	-0.402928556481934	0.95395834970928	-0.863569958272444	-0.493528602678215	1.08711959884723	0.237655250596322	1.78314824952865	-0.195271683820164	1
0.688237965811639	-0.455418769309002	1.55504650527622	-1.78268524782816	-0.915618062438541	1.66000085397359	-0.290871630439694	-1.0467445721734	-0.863569958272444	-0.493528602678215	1.08711959884723	0.237655250596322	-1.06886192636509	-0.192008792220766	1
-1.45088003603535	-0.743946677634747	0.282488800007616	0.542556379773789	-0.372621532071035	-0.347712711743811	-0.615089669788576	-1.0467445721734	-0.863569958272444	-0.493528602678215	-0.91852885891905	0.237655250596322	0.20902450682559	-0.00333688385561554	1
0.688237965811639	-0.722855456265906	-0.805261787842347	0.542556379773789	-0.101123266887282	-0.347712711743811	-0.514985482524175	0.95395834970928	-0.863569958272444	-0.493528602678215	1.08711959884723	-3.1089186863723	0.789881976457717	-0.195271683820164	1
0.688237965811639	-0.497601212046684	-0.89766534655167	-1.78268524782816	0.170374998296471	-0.347712711743811	-0.2161670130782	-1.0467445721734	-0.863569958272444	-0.493528602678215	1.08711959884723	0.237655250596322	-0.139489974953686	-0.195271683820164	1
0.688237965811639	1.4351983141939	-0.91473991718274	-1.78268524782816	-0.915618062438541	-0.347712711743811	-0.589690099885669	0.95395834970928	1.15630553734785	1.76847749293027	-0.91852885891905	0.237655250596322	1.13839645823699	0.329094189682982	1
0.688237965811639	-0.877243196685822	-0.955919763998851	0.542556379773789	0.170374998296471	-0.347712711743811	-0.514985482524175	-1.0467445721734	-0.863569958272444	-0.493528602678215	1.08711959884723	-3.1089186863723	-1.06886192636509	-0.195271683820164	1
0.688237965811639	0.310614390807302	2.35855571144425	-1.78268524782816	0.170374998296471	-0.347712711743811	0.530879160536737	0.95395834970928	-0.863569958272444	-0.493528602678215	-0.91852885891905	0.237655250596322	-0.604175950659388	-0.195271683820164	1
-1.45088003603535	-0.729604647103935	1.37124377436529	0.542556379773789	1.52786632421524	-0.347712711743811	-0.652441978469323	0.95395834970928	-0.863569958272444	-0.493528602678215	-0.91852885891905	0.237655250596322	-0.604175950659388	0.0636483613320117	1
-1.45088003603535	1.400608711149	-0.687748566440273	0.542556379773789	-1.18711632762229	1.15807246254424	-0.564290529982761	-1.0467445721734	-0.863569958272444	-0.493528602678215	-0.91852885891905	0.237655250596322	-1.06886192636509	-0.172239507824418	1
0.688237965811639	0.964442253241372	-0.89766534655167	-1.78268524782816	1.52786632421524	1.66000085397359	-0.141462395716706	0.95395834970928	1.15630553734785	1.1515667395825	-0.91852885891905	0.237655250596322	-0.488004456732962	-0.123296133833458	1
0.688237965811639	0.000151612257962779	1.15329190219221	0.542556379773789	1.79936458939899	-0.347712711743811	1.27792533415167	0.95395834970928	-0.863569958272444	-0.493528602678215	-0.91852885891905	0.237655250596322	-1.06886192636509	-0.195271683820164	1
0.688237965811639	-0.919425639423503	-0.872555683858919	0.542556379773789	0.170374998296471	-0.347712711743811	-0.627042408566415	-1.0467445721734	-0.863569958272444	-0.493528602678215	-0.91852885891905	0.237655250596322	-1.06886192636509	-0.186826552621723	1
-1.45088003603535	-1.07465702869817	0.960449692711886	0.542556379773789	-0.372621532071035	-0.347712711743811	-0.638995147344254	0.95395834970928	-0.863569958272444	-0.493528602678215	-0.91852885891905	0.237655250596322	-0.488004456732962	-0.195271683820164	1
-1.45088003603535	-0.349962662464797	1.95680110836024	0.542556379773789	1.79936458939899	1.66000085397359	0.25746026099367	0.95395834970928	1.15630553734785	-0.287891684895625	-0.91852885891905	0.237655250596322	-0.371832962806537	-0.193160401020554	1
0.688237965811639	0.795712482290644	-0.947884671937171	0.542556379773789	0.713371528663977	-0.347712711743811	-0.652441978469323	-1.0467445721734	1.15630553734785	-0.287891684895625	-0.91852885891905	-3.1089186863723	2.18393990357482	-0.195271683820164	1
